H,V,HRk,HAvAge,HGP,HW,HL,HOL,HPTS,HPTS%,HGF,HGA,HSOW,HSOL,HSRS,HSOS,HGF/G,HGA/G,HPP,HPPO,HPP%,HPPA,HPPOA,HPK%,HSH,HSHA,HPIM/G,HoPIM/G,HS,HS%,HSA,HSV%,HSO,HCAN,CAP,LCAP,HSTAR,VRk,VAvAge,VGP,VW,VL,VOL,VPTS,VPTS%,VGF,VGA,VSOW,VSOL,VSRS,VSOS,VGF/G,VGA/G,VPP,VPPO,VPP%,VPPA,VPPOA,VPK%,VSH,VSHA,VPIM/G,VoPIM/G,VS,VS%,VSA,VSV%,VSO,VCAN,VSTAR,MDAY,TDAY,WDAY,ThDAY,FDAY,SDAY,SuDAY,DIV
New York Rangers,Dallas Stars,1.0,29.1,82,55,23,4,114,0.695,278,226,4.0,3.0,0.61,-0.03,3.39,2.76,65,246,26.42,36,232,84.48,8,6,9.4,10.4,2582,10.8,2418,0.907,6,0,18006,9.798460314668421,1,2.0,29.3,82,52,21,9,113,0.689,294,232,4.0,2.0,0.74,-0.04,3.59,2.83,58,240,24.17,43,239,82.01,12,4,6.8,7.5,2588,11.4,2350,0.901,4,0,0,0,0,0,0,0,0,0,0
New York Rangers,Carolina Hurricanes,1.0,29.1,82,55,23,4,114,0.695,278,226,4.0,3.0,0.61,-0.03,3.39,2.76,65,246,26.42,36,232,84.48,8,6,9.4,10.4,2582,10.8,2418,0.907,6,0,18006,9.798460314668421,1,3.0,29.4,82,52,23,7,111,0.677,277,211,2.0,5.0,0.73,-0.04,3.38,2.57,67,249,26.91,35,258,86.43,11,8,8.5,8.0,2733,10.1,2101,0.9,8,0,0,0,0,0,0,0,0,0,1
New York Rangers,Winnipeg Jets,1.0,29.1,82,55,23,4,114,0.695,278,226,4.0,3.0,0.61,-0.03,3.39,2.76,65,246,26.42,36,232,84.48,8,6,9.4,10.4,2582,10.8,2418,0.907,6,0,18006,9.798460314668421,1,4.0,29.4,82,52,24,6,110,0.671,259,198,0.0,1.0,0.69,-0.04,3.16,2.41,45,240,18.75,51,223,77.13,3,5,8.2,8.9,2488,10.4,2429,0.918,8,1,0,0,0,0,0,0,0,0,0
New York Rangers,Florida Panthers,1.0,29.1,82,55,23,4,114,0.695,278,226,4.0,3.0,0.61,-0.03,3.39,2.76,65,246,26.42,36,232,84.48,8,6,9.4,10.4,2582,10.8,2418,0.907,6,0,18006,9.798460314668421,1,5.0,29.5,82,52,24,6,110,0.671,265,198,3.0,2.0,0.81,-0.02,3.23,2.41,63,268,23.51,51,291,82.47,8,9,13.6,13.5,2764,9.6,2279,0.913,8,0,1,0,0,0,0,0,0,0,0
New York Rangers,Boston Bruins,1.0,29.1,82,55,23,4,114,0.695,278,226,4.0,3.0,0.61,-0.03,3.39,2.76,65,246,26.42,36,232,84.48,8,6,9.4,10.4,2582,10.8,2418,0.907,6,0,18006,9.798460314668421,1,6.0,28.6,82,47,20,15,109,0.665,263,221,4.0,3.0,0.53,0.01,3.21,2.7,54,243,22.22,47,268,82.46,7,6,9.5,8.8,2399,11.0,2504,0.912,5,0,1,0,0,0,0,0,0,0,0
New York Rangers,Vancouver Canucks,1.0,29.1,82,55,23,4,114,0.695,278,226,4.0,3.0,0.61,-0.03,3.39,2.76,65,246,26.42,36,232,84.48,8,6,9.4,10.4,2582,10.8,2418,0.907,6,0,18006,9.798460314668421,1,7.0,28.6,82,50,23,9,109,0.665,279,221,0.0,2.0,0.64,-0.04,3.4,2.7,58,257,22.57,53,254,79.13,7,7,9.6,9.7,2328,12.0,2343,0.906,7,1,1,0,0,0,0,0,0,0,0
New York Rangers,Colorado Avalanche,1.0,29.1,82,55,23,4,114,0.695,278,226,4.0,3.0,0.61,-0.03,3.39,2.76,65,246,26.42,36,232,84.48,8,6,9.4,10.4,2582,10.8,2418,0.907,6,0,18006,9.798460314668421,1,8.0,28.8,82,50,25,7,107,0.652,302,252,2.0,2.0,0.57,-0.05,3.68,3.07,68,278,24.46,53,264,79.92,7,6,8.9,9.7,2705,11.2,2444,0.897,4,0,1,0,0,0,0,0,0,0,0
New York Rangers,Edmonton Oilers,1.0,29.1,82,55,23,4,114,0.695,278,226,4.0,3.0,0.61,-0.03,3.39,2.76,65,246,26.42,36,232,84.48,8,6,9.4,10.4,2582,10.8,2418,0.907,6,0,18006,9.798460314668421,1,9.0,29.4,82,49,27,6,104,0.634,292,236,2.0,1.0,0.65,-0.04,3.56,2.88,64,243,26.34,53,258,79.46,7,5,9.5,8.5,2768,10.5,2307,0.898,4,1,1,0,0,0,0,0,0,0,0
New York Rangers,Toronto Maple Leafs,1.0,29.1,82,55,23,4,114,0.695,278,226,4.0,3.0,0.61,-0.03,3.39,2.76,65,246,26.42,36,232,84.48,8,6,9.4,10.4,2582,10.8,2418,0.907,6,0,18006,9.798460314668421,1,10.0,28.9,82,46,26,10,102,0.622,298,261,5.0,2.0,0.5,0.01,3.63,3.18,57,238,23.95,55,238,76.89,6,9,9.9,10.2,2671,11.2,2446,0.893,5,1,1,0,0,0,0,0,0,0,0
New York Rangers,Nashville Predators,1.0,29.1,82,55,23,4,114,0.695,278,226,4.0,3.0,0.61,-0.03,3.39,2.76,65,246,26.42,36,232,84.48,8,6,9.4,10.4,2582,10.8,2418,0.907,6,0,18006,9.798460314668421,1,11.0,29.5,82,47,30,5,99,0.604,266,248,3.0,0.0,0.23,-0.02,3.24,3.02,58,269,21.56,57,247,76.92,7,5,9.7,9.5,2642,10.1,2507,0.901,4,0,1,0,0,0,0,0,0,0,0
New York Rangers,Los Angeles Kings,1.0,29.1,82,55,23,4,114,0.695,278,226,4.0,3.0,0.61,-0.03,3.39,2.76,65,246,26.42,36,232,84.48,8,6,9.4,10.4,2582,10.8,2418,0.907,6,0,18006,9.798460314668421,1,12.0,29.5,82,44,27,11,99,0.604,254,210,2.0,5.0,0.45,-0.05,3.1,2.56,56,248,22.58,39,253,84.58,11,7,8.7,9.5,2616,9.7,2296,0.909,7,0,0,0,0,0,0,0,0,0,0
New York Rangers,Tampa Bay Lightning,1.0,29.1,82,55,23,4,114,0.695,278,226,4.0,3.0,0.61,-0.03,3.39,2.76,65,246,26.42,36,232,84.48,8,6,9.4,10.4,2582,10.8,2418,0.907,6,0,18006,9.798460314668421,1,13.0,29.1,82,45,29,8,98,0.598,288,267,3.0,1.0,0.28,0.0,3.51,3.26,71,248,28.63,39,234,83.33,5,6,11.0,11.0,2401,12.0,2430,0.89,4,0,1,0,0,0,0,0,0,0,0
New York Rangers,Vegas Golden Knights,1.0,29.1,82,55,23,4,114,0.695,278,226,4.0,3.0,0.61,-0.03,3.39,2.76,65,246,26.42,36,232,84.48,8,6,9.4,10.4,2582,10.8,2418,0.907,6,0,18006,9.798460314668421,1,14.0,29.0,82,45,29,8,98,0.598,263,243,4.0,2.0,0.22,-0.05,3.21,2.96,51,252,20.24,44,213,79.34,9,8,7.4,8.5,2548,10.3,2487,0.902,3,0,0,0,0,0,0,0,0,0,0
New York Rangers,New York Islanders,1.0,29.1,82,55,23,4,114,0.695,278,226,4.0,3.0,0.61,-0.03,3.39,2.76,65,246,26.42,36,232,84.48,8,6,9.4,10.4,2582,10.8,2418,0.907,6,0,18006,9.798460314668421,1,15.0,29.6,82,39,27,16,94,0.573,245,258,1.0,5.0,-0.18,0.03,2.99,3.15,47,231,20.35,63,221,71.49,10,3,7.1,7.4,2470,9.9,2686,0.904,5,0,0,0,0,0,0,0,0,0,1
New York Rangers,St. Louis Blues,1.0,29.1,82,55,23,4,114,0.695,278,226,4.0,3.0,0.61,-0.03,3.39,2.76,65,246,26.42,36,232,84.48,8,6,9.4,10.4,2582,10.8,2418,0.907,6,0,18006,9.798460314668421,1,16.0,29.0,82,43,33,6,92,0.561,234,248,5.0,2.0,-0.14,-0.01,2.85,3.02,45,250,18.0,46,215,78.6,11,7,7.4,8.6,2370,9.9,2636,0.906,4,0,0,0,0,0,0,0,0,0,0
New York Rangers,Washington Capitals,1.0,29.1,82,55,23,4,114,0.695,278,226,4.0,3.0,0.61,-0.03,3.39,2.76,65,246,26.42,36,232,84.48,8,6,9.4,10.4,2582,10.8,2418,0.907,6,0,18006,9.798460314668421,1,17.0,30.0,82,40,31,11,91,0.555,216,252,4.0,5.0,-0.41,0.04,2.63,3.07,47,228,20.61,49,233,78.97,3,5,7.7,7.4,2172,9.9,2503,0.899,7,0,0,0,0,0,0,0,0,0,1
New York Rangers,Detroit Red Wings,1.0,29.1,82,55,23,4,114,0.695,278,226,4.0,3.0,0.61,-0.03,3.39,2.76,65,246,26.42,36,232,84.48,8,6,9.4,10.4,2582,10.8,2418,0.907,6,0,18006,9.798460314668421,1,18.0,29.3,82,41,32,9,91,0.555,275,273,3.0,1.0,0.06,0.02,3.35,3.33,63,273,23.08,49,240,79.58,7,10,8.7,9.9,2375,11.6,2657,0.897,4,0,0,0,0,0,0,0,0,0,0
New York Rangers,Pittsburgh Penguins,1.0,29.1,82,55,23,4,114,0.695,278,226,4.0,3.0,0.61,-0.03,3.39,2.76,65,246,26.42,36,232,84.48,8,6,9.4,10.4,2582,10.8,2418,0.907,6,0,18006,9.798460314668421,1,19.0,31.3,82,38,32,12,88,0.537,253,248,2.0,3.0,0.05,0.0,3.09,3.02,40,262,15.27,47,243,80.66,5,12,7.4,7.9,2685,9.4,2479,0.9,8,0,1,0,0,0,0,0,0,0,1
New York Rangers,Minnesota Wild,1.0,29.1,82,55,23,4,114,0.695,278,226,4.0,3.0,0.61,-0.03,3.39,2.76,65,246,26.42,36,232,84.48,8,6,9.4,10.4,2582,10.8,2418,0.907,6,0,18006,9.798460314668421,1,20.0,29.3,82,39,34,9,87,0.53,248,260,3.0,3.0,-0.14,0.01,3.02,3.17,62,273,22.71,67,263,74.52,3,11,11.4,11.3,2471,10.0,2437,0.893,6,0,1,0,0,0,0,0,0,0,0
New York Rangers,Philadelphia Flyers,1.0,29.1,82,55,23,4,114,0.695,278,226,4.0,3.0,0.61,-0.03,3.39,2.76,65,246,26.42,36,232,84.48,8,6,9.4,10.4,2582,10.8,2418,0.907,6,0,18006,9.798460314668421,1,21.0,27.1,82,38,33,11,87,0.53,231,258,4.0,3.0,-0.29,0.03,2.82,3.15,31,254,12.2,40,241,83.4,16,4,10.1,9.7,2708,8.5,2225,0.884,5,0,0,0,0,0,0,0,0,0,1
New York Rangers,Buffalo Sabres,1.0,29.1,82,55,23,4,114,0.695,278,226,4.0,3.0,0.61,-0.03,3.39,2.76,65,246,26.42,36,232,84.48,8,6,9.4,10.4,2582,10.8,2418,0.907,6,0,18006,9.798460314668421,1,22.0,25.7,82,39,37,6,84,0.512,244,243,2.0,1.0,0.03,0.01,2.98,2.96,37,223,16.59,49,243,79.84,7,10,9.8,9.2,2534,9.6,2402,0.899,5,0,0,0,0,0,0,0,0,0,0
New York Rangers,New Jersey Devils,1.0,29.1,82,55,23,4,114,0.695,278,226,4.0,3.0,0.61,-0.03,3.39,2.76,65,246,26.42,36,232,84.48,8,6,9.4,10.4,2582,10.8,2418,0.907,6,0,18006,9.798460314668421,1,23.0,26.8,82,38,39,5,81,0.494,264,281,0.0,2.0,-0.22,0.01,3.22,3.43,55,245,22.45,47,243,80.66,3,9,9.1,9.6,2516,10.5,2458,0.886,1,0,0,0,0,0,0,0,0,0,1
New York Rangers,Seattle Kraken,1.0,29.1,82,55,23,4,114,0.695,278,226,4.0,3.0,0.61,-0.03,3.39,2.76,65,246,26.42,36,232,84.48,8,6,9.4,10.4,2582,10.8,2418,0.907,6,0,18006,9.798460314668421,1,24.0,29.4,82,34,35,13,81,0.494,214,232,3.0,4.0,-0.26,-0.03,2.61,2.83,50,242,20.66,47,222,78.83,6,9,8.0,8.1,2347,9.1,2391,0.903,5,0,0,0,0,0,0,0,0,0,0
New York Rangers,Calgary Flames,1.0,29.1,82,55,23,4,114,0.695,278,226,4.0,3.0,0.61,-0.03,3.39,2.76,65,246,26.42,36,232,84.48,8,6,9.4,10.4,2582,10.8,2418,0.907,6,0,18006,9.798460314668421,1,25.0,29.2,82,38,39,5,81,0.494,253,267,0.0,4.0,-0.2,0.02,3.09,3.26,45,252,17.86,47,245,80.82,11,11,9.4,9.2,2572,9.8,2438,0.89,2,1,0,0,0,0,0,0,0,0,0
New York Rangers,Ottawa Senators,1.0,29.1,82,55,23,4,114,0.695,278,226,4.0,3.0,0.61,-0.03,3.39,2.76,65,246,26.42,36,232,84.48,8,6,9.4,10.4,2582,10.8,2418,0.907,6,0,18006,9.798460314668421,1,26.0,27.0,82,37,41,4,78,0.476,250,281,5.0,0.0,-0.28,0.04,3.05,3.43,51,283,18.02,61,245,75.1,7,6,10.4,11.1,2602,9.6,2432,0.884,2,1,0,0,0,0,0,0,0,0,0
New York Rangers,Montreal Canadiens,1.0,29.1,82,55,23,4,114,0.695,278,226,4.0,3.0,0.61,-0.03,3.39,2.76,65,246,26.42,36,232,84.48,8,6,9.4,10.4,2582,10.8,2418,0.907,6,0,18006,9.798460314668421,1,28.0,26.7,82,30,36,16,76,0.463,232,281,4.0,8.0,-0.59,0.05,2.83,3.43,44,252,17.46,65,277,76.53,7,12,10.2,10.0,2269,10.2,2738,0.897,2,1,0,0,0,0,0,0,0,0,0
New York Rangers,Columbus Blue Jackets,1.0,29.1,82,55,23,4,114,0.695,278,226,4.0,3.0,0.61,-0.03,3.39,2.76,65,246,26.42,36,232,84.48,8,6,9.4,10.4,2582,10.8,2418,0.907,6,0,18006,9.798460314668421,1,29.0,26.8,82,27,43,12,66,0.402,234,298,3.0,2.0,-0.72,0.05,2.85,3.63,32,212,15.09,56,236,76.27,5,6,8.2,7.6,2458,9.5,2822,0.894,1,0,0,0,0,0,0,0,0,0,1
New York Rangers,Anaheim Ducks,1.0,29.1,82,55,23,4,114,0.695,278,226,4.0,3.0,0.61,-0.03,3.39,2.76,65,246,26.42,36,232,84.48,8,6,9.4,10.4,2582,10.8,2418,0.907,6,0,18006,9.798460314668421,1,30.0,27.7,82,27,50,5,59,0.36,203,293,1.0,2.0,-1.09,0.02,2.48,3.57,43,235,18.3,91,330,72.42,12,5,13.5,10.9,2194,9.3,2666,0.89,1,0,0,0,0,0,0,0,0,0,0
New York Rangers,Chicago Blackhawks,1.0,29.1,82,55,23,4,114,0.695,278,226,4.0,3.0,0.61,-0.03,3.39,2.76,65,246,26.42,36,232,84.48,8,6,9.4,10.4,2582,10.8,2418,0.907,6,0,18006,9.798460314668421,1,31.0,27.4,82,23,53,6,52,0.317,178,289,1.0,1.0,-1.29,0.06,2.17,3.52,39,235,16.6,56,231,75.76,3,8,8.7,9.3,2153,8.3,2681,0.892,1,0,0,0,0,0,0,0,0,0,0
New York Rangers,San Jose Sharks,1.0,29.1,82,55,23,4,114,0.695,278,226,4.0,3.0,0.61,-0.03,3.39,2.76,65,246,26.42,36,232,84.48,8,6,9.4,10.4,2582,10.8,2418,0.907,6,0,18006,9.798460314668421,1,32.0,27.7,82,19,54,9,47,0.287,180,326,1.0,5.0,-1.78,0.05,2.2,3.98,42,208,20.19,62,252,75.4,3,8,9.5,8.2,2069,8.7,2881,0.887,2,0,0,0,0,0,0,0,0,0,0
Dallas Stars,New York Rangers,2.0,29.3,82,52,21,9,113,0.689,294,232,4.0,2.0,0.74,-0.04,3.59,2.83,58,240,24.17,43,239,82.01,12,4,6.8,7.5,2588,11.4,2350,0.901,4,0,18408,9.820540631715202,0,1.0,29.1,82,55,23,4,114,0.695,278,226,4.0,3.0,0.61,-0.03,3.39,2.76,65,246,26.42,36,232,84.48,8,6,9.4,10.4,2582,10.8,2418,0.907,6,0,1,0,0,0,0,0,0,0,0
Dallas Stars,Carolina Hurricanes,2.0,29.3,82,52,21,9,113,0.689,294,232,4.0,2.0,0.74,-0.04,3.59,2.83,58,240,24.17,43,239,82.01,12,4,6.8,7.5,2588,11.4,2350,0.901,4,0,18408,9.820540631715202,0,3.0,29.4,82,52,23,7,111,0.677,277,211,2.0,5.0,0.73,-0.04,3.38,2.57,67,249,26.91,35,258,86.43,11,8,8.5,8.0,2733,10.1,2101,0.9,8,0,0,0,0,0,0,0,0,0,0
Dallas Stars,Winnipeg Jets,2.0,29.3,82,52,21,9,113,0.689,294,232,4.0,2.0,0.74,-0.04,3.59,2.83,58,240,24.17,43,239,82.01,12,4,6.8,7.5,2588,11.4,2350,0.901,4,0,18408,9.820540631715202,0,4.0,29.4,82,52,24,6,110,0.671,259,198,0.0,1.0,0.69,-0.04,3.16,2.41,45,240,18.75,51,223,77.13,3,5,8.2,8.9,2488,10.4,2429,0.918,8,1,0,0,0,0,0,0,0,0,1
Dallas Stars,Florida Panthers,2.0,29.3,82,52,21,9,113,0.689,294,232,4.0,2.0,0.74,-0.04,3.59,2.83,58,240,24.17,43,239,82.01,12,4,6.8,7.5,2588,11.4,2350,0.901,4,0,18408,9.820540631715202,0,5.0,29.5,82,52,24,6,110,0.671,265,198,3.0,2.0,0.81,-0.02,3.23,2.41,63,268,23.51,51,291,82.47,8,9,13.6,13.5,2764,9.6,2279,0.913,8,0,1,0,0,0,0,0,0,0,0
Dallas Stars,Boston Bruins,2.0,29.3,82,52,21,9,113,0.689,294,232,4.0,2.0,0.74,-0.04,3.59,2.83,58,240,24.17,43,239,82.01,12,4,6.8,7.5,2588,11.4,2350,0.901,4,0,18408,9.820540631715202,0,6.0,28.6,82,47,20,15,109,0.665,263,221,4.0,3.0,0.53,0.01,3.21,2.7,54,243,22.22,47,268,82.46,7,6,9.5,8.8,2399,11.0,2504,0.912,5,0,1,0,0,0,0,0,0,0,0
Dallas Stars,Vancouver Canucks,2.0,29.3,82,52,21,9,113,0.689,294,232,4.0,2.0,0.74,-0.04,3.59,2.83,58,240,24.17,43,239,82.01,12,4,6.8,7.5,2588,11.4,2350,0.901,4,0,18408,9.820540631715202,0,7.0,28.6,82,50,23,9,109,0.665,279,221,0.0,2.0,0.64,-0.04,3.4,2.7,58,257,22.57,53,254,79.13,7,7,9.6,9.7,2328,12.0,2343,0.906,7,1,1,0,0,0,0,0,0,0,0
Dallas Stars,Colorado Avalanche,2.0,29.3,82,52,21,9,113,0.689,294,232,4.0,2.0,0.74,-0.04,3.59,2.83,58,240,24.17,43,239,82.01,12,4,6.8,7.5,2588,11.4,2350,0.901,4,0,18408,9.820540631715202,0,8.0,28.8,82,50,25,7,107,0.652,302,252,2.0,2.0,0.57,-0.05,3.68,3.07,68,278,24.46,53,264,79.92,7,6,8.9,9.7,2705,11.2,2444,0.897,4,0,1,0,0,0,0,0,0,0,1
Dallas Stars,Edmonton Oilers,2.0,29.3,82,52,21,9,113,0.689,294,232,4.0,2.0,0.74,-0.04,3.59,2.83,58,240,24.17,43,239,82.01,12,4,6.8,7.5,2588,11.4,2350,0.901,4,0,18408,9.820540631715202,0,9.0,29.4,82,49,27,6,104,0.634,292,236,2.0,1.0,0.65,-0.04,3.56,2.88,64,243,26.34,53,258,79.46,7,5,9.5,8.5,2768,10.5,2307,0.898,4,1,1,0,0,0,0,0,0,0,0
Dallas Stars,Toronto Maple Leafs,2.0,29.3,82,52,21,9,113,0.689,294,232,4.0,2.0,0.74,-0.04,3.59,2.83,58,240,24.17,43,239,82.01,12,4,6.8,7.5,2588,11.4,2350,0.901,4,0,18408,9.820540631715202,0,10.0,28.9,82,46,26,10,102,0.622,298,261,5.0,2.0,0.5,0.01,3.63,3.18,57,238,23.95,55,238,76.89,6,9,9.9,10.2,2671,11.2,2446,0.893,5,1,1,0,0,0,0,0,0,0,0
Dallas Stars,Nashville Predators,2.0,29.3,82,52,21,9,113,0.689,294,232,4.0,2.0,0.74,-0.04,3.59,2.83,58,240,24.17,43,239,82.01,12,4,6.8,7.5,2588,11.4,2350,0.901,4,0,18408,9.820540631715202,0,11.0,29.5,82,47,30,5,99,0.604,266,248,3.0,0.0,0.23,-0.02,3.24,3.02,58,269,21.56,57,247,76.92,7,5,9.7,9.5,2642,10.1,2507,0.901,4,0,1,0,0,0,0,0,0,0,1
Dallas Stars,Los Angeles Kings,2.0,29.3,82,52,21,9,113,0.689,294,232,4.0,2.0,0.74,-0.04,3.59,2.83,58,240,24.17,43,239,82.01,12,4,6.8,7.5,2588,11.4,2350,0.901,4,0,18408,9.820540631715202,0,12.0,29.5,82,44,27,11,99,0.604,254,210,2.0,5.0,0.45,-0.05,3.1,2.56,56,248,22.58,39,253,84.58,11,7,8.7,9.5,2616,9.7,2296,0.909,7,0,0,0,0,0,0,0,0,0,0
Dallas Stars,Tampa Bay Lightning,2.0,29.3,82,52,21,9,113,0.689,294,232,4.0,2.0,0.74,-0.04,3.59,2.83,58,240,24.17,43,239,82.01,12,4,6.8,7.5,2588,11.4,2350,0.901,4,0,18408,9.820540631715202,0,13.0,29.1,82,45,29,8,98,0.598,288,267,3.0,1.0,0.28,0.0,3.51,3.26,71,248,28.63,39,234,83.33,5,6,11.0,11.0,2401,12.0,2430,0.89,4,0,1,0,0,0,0,0,0,0,0
Dallas Stars,Vegas Golden Knights,2.0,29.3,82,52,21,9,113,0.689,294,232,4.0,2.0,0.74,-0.04,3.59,2.83,58,240,24.17,43,239,82.01,12,4,6.8,7.5,2588,11.4,2350,0.901,4,0,18408,9.820540631715202,0,14.0,29.0,82,45,29,8,98,0.598,263,243,4.0,2.0,0.22,-0.05,3.21,2.96,51,252,20.24,44,213,79.34,9,8,7.4,8.5,2548,10.3,2487,0.902,3,0,0,0,0,0,0,0,0,0,0
Dallas Stars,New York Islanders,2.0,29.3,82,52,21,9,113,0.689,294,232,4.0,2.0,0.74,-0.04,3.59,2.83,58,240,24.17,43,239,82.01,12,4,6.8,7.5,2588,11.4,2350,0.901,4,0,18408,9.820540631715202,0,15.0,29.6,82,39,27,16,94,0.573,245,258,1.0,5.0,-0.18,0.03,2.99,3.15,47,231,20.35,63,221,71.49,10,3,7.1,7.4,2470,9.9,2686,0.904,5,0,0,0,0,0,0,0,0,0,0
Dallas Stars,St. Louis Blues,2.0,29.3,82,52,21,9,113,0.689,294,232,4.0,2.0,0.74,-0.04,3.59,2.83,58,240,24.17,43,239,82.01,12,4,6.8,7.5,2588,11.4,2350,0.901,4,0,18408,9.820540631715202,0,16.0,29.0,82,43,33,6,92,0.561,234,248,5.0,2.0,-0.14,-0.01,2.85,3.02,45,250,18.0,46,215,78.6,11,7,7.4,8.6,2370,9.9,2636,0.906,4,0,0,0,0,0,0,0,0,0,1
Dallas Stars,Washington Capitals,2.0,29.3,82,52,21,9,113,0.689,294,232,4.0,2.0,0.74,-0.04,3.59,2.83,58,240,24.17,43,239,82.01,12,4,6.8,7.5,2588,11.4,2350,0.901,4,0,18408,9.820540631715202,0,17.0,30.0,82,40,31,11,91,0.555,216,252,4.0,5.0,-0.41,0.04,2.63,3.07,47,228,20.61,49,233,78.97,3,5,7.7,7.4,2172,9.9,2503,0.899,7,0,0,0,0,0,0,0,0,0,0
Dallas Stars,Detroit Red Wings,2.0,29.3,82,52,21,9,113,0.689,294,232,4.0,2.0,0.74,-0.04,3.59,2.83,58,240,24.17,43,239,82.01,12,4,6.8,7.5,2588,11.4,2350,0.901,4,0,18408,9.820540631715202,0,18.0,29.3,82,41,32,9,91,0.555,275,273,3.0,1.0,0.06,0.02,3.35,3.33,63,273,23.08,49,240,79.58,7,10,8.7,9.9,2375,11.6,2657,0.897,4,0,0,0,0,0,0,0,0,0,0
Dallas Stars,Pittsburgh Penguins,2.0,29.3,82,52,21,9,113,0.689,294,232,4.0,2.0,0.74,-0.04,3.59,2.83,58,240,24.17,43,239,82.01,12,4,6.8,7.5,2588,11.4,2350,0.901,4,0,18408,9.820540631715202,0,19.0,31.3,82,38,32,12,88,0.537,253,248,2.0,3.0,0.05,0.0,3.09,3.02,40,262,15.27,47,243,80.66,5,12,7.4,7.9,2685,9.4,2479,0.9,8,0,1,0,0,0,0,0,0,0,0
Dallas Stars,Minnesota Wild,2.0,29.3,82,52,21,9,113,0.689,294,232,4.0,2.0,0.74,-0.04,3.59,2.83,58,240,24.17,43,239,82.01,12,4,6.8,7.5,2588,11.4,2350,0.901,4,0,18408,9.820540631715202,0,20.0,29.3,82,39,34,9,87,0.53,248,260,3.0,3.0,-0.14,0.01,3.02,3.17,62,273,22.71,67,263,74.52,3,11,11.4,11.3,2471,10.0,2437,0.893,6,0,1,0,0,0,0,0,0,0,1
Dallas Stars,Philadelphia Flyers,2.0,29.3,82,52,21,9,113,0.689,294,232,4.0,2.0,0.74,-0.04,3.59,2.83,58,240,24.17,43,239,82.01,12,4,6.8,7.5,2588,11.4,2350,0.901,4,0,18408,9.820540631715202,0,21.0,27.1,82,38,33,11,87,0.53,231,258,4.0,3.0,-0.29,0.03,2.82,3.15,31,254,12.2,40,241,83.4,16,4,10.1,9.7,2708,8.5,2225,0.884,5,0,0,0,0,0,0,0,0,0,0
Dallas Stars,Buffalo Sabres,2.0,29.3,82,52,21,9,113,0.689,294,232,4.0,2.0,0.74,-0.04,3.59,2.83,58,240,24.17,43,239,82.01,12,4,6.8,7.5,2588,11.4,2350,0.901,4,0,18408,9.820540631715202,0,22.0,25.7,82,39,37,6,84,0.512,244,243,2.0,1.0,0.03,0.01,2.98,2.96,37,223,16.59,49,243,79.84,7,10,9.8,9.2,2534,9.6,2402,0.899,5,0,0,0,0,0,0,0,0,0,0
Dallas Stars,New Jersey Devils,2.0,29.3,82,52,21,9,113,0.689,294,232,4.0,2.0,0.74,-0.04,3.59,2.83,58,240,24.17,43,239,82.01,12,4,6.8,7.5,2588,11.4,2350,0.901,4,0,18408,9.820540631715202,0,23.0,26.8,82,38,39,5,81,0.494,264,281,0.0,2.0,-0.22,0.01,3.22,3.43,55,245,22.45,47,243,80.66,3,9,9.1,9.6,2516,10.5,2458,0.886,1,0,0,0,0,0,0,0,0,0,0
Dallas Stars,Seattle Kraken,2.0,29.3,82,52,21,9,113,0.689,294,232,4.0,2.0,0.74,-0.04,3.59,2.83,58,240,24.17,43,239,82.01,12,4,6.8,7.5,2588,11.4,2350,0.901,4,0,18408,9.820540631715202,0,24.0,29.4,82,34,35,13,81,0.494,214,232,3.0,4.0,-0.26,-0.03,2.61,2.83,50,242,20.66,47,222,78.83,6,9,8.0,8.1,2347,9.1,2391,0.903,5,0,0,0,0,0,0,0,0,0,0
Dallas Stars,Calgary Flames,2.0,29.3,82,52,21,9,113,0.689,294,232,4.0,2.0,0.74,-0.04,3.59,2.83,58,240,24.17,43,239,82.01,12,4,6.8,7.5,2588,11.4,2350,0.901,4,0,18408,9.820540631715202,0,25.0,29.2,82,38,39,5,81,0.494,253,267,0.0,4.0,-0.2,0.02,3.09,3.26,45,252,17.86,47,245,80.82,11,11,9.4,9.2,2572,9.8,2438,0.89,2,1,0,0,0,0,0,0,0,0,0
Dallas Stars,Ottawa Senators,2.0,29.3,82,52,21,9,113,0.689,294,232,4.0,2.0,0.74,-0.04,3.59,2.83,58,240,24.17,43,239,82.01,12,4,6.8,7.5,2588,11.4,2350,0.901,4,0,18408,9.820540631715202,0,26.0,27.0,82,37,41,4,78,0.476,250,281,5.0,0.0,-0.28,0.04,3.05,3.43,51,283,18.02,61,245,75.1,7,6,10.4,11.1,2602,9.6,2432,0.884,2,1,0,0,0,0,0,0,0,0,0
Dallas Stars,Montreal Canadiens,2.0,29.3,82,52,21,9,113,0.689,294,232,4.0,2.0,0.74,-0.04,3.59,2.83,58,240,24.17,43,239,82.01,12,4,6.8,7.5,2588,11.4,2350,0.901,4,0,18408,9.820540631715202,0,28.0,26.7,82,30,36,16,76,0.463,232,281,4.0,8.0,-0.59,0.05,2.83,3.43,44,252,17.46,65,277,76.53,7,12,10.2,10.0,2269,10.2,2738,0.897,2,1,0,0,0,0,0,0,0,0,0
Dallas Stars,Columbus Blue Jackets,2.0,29.3,82,52,21,9,113,0.689,294,232,4.0,2.0,0.74,-0.04,3.59,2.83,58,240,24.17,43,239,82.01,12,4,6.8,7.5,2588,11.4,2350,0.901,4,0,18408,9.820540631715202,0,29.0,26.8,82,27,43,12,66,0.402,234,298,3.0,2.0,-0.72,0.05,2.85,3.63,32,212,15.09,56,236,76.27,5,6,8.2,7.6,2458,9.5,2822,0.894,1,0,0,0,0,0,0,0,0,0,0
Dallas Stars,Anaheim Ducks,2.0,29.3,82,52,21,9,113,0.689,294,232,4.0,2.0,0.74,-0.04,3.59,2.83,58,240,24.17,43,239,82.01,12,4,6.8,7.5,2588,11.4,2350,0.901,4,0,18408,9.820540631715202,0,30.0,27.7,82,27,50,5,59,0.36,203,293,1.0,2.0,-1.09,0.02,2.48,3.57,43,235,18.3,91,330,72.42,12,5,13.5,10.9,2194,9.3,2666,0.89,1,0,0,0,0,0,0,0,0,0,0
Dallas Stars,Chicago Blackhawks,2.0,29.3,82,52,21,9,113,0.689,294,232,4.0,2.0,0.74,-0.04,3.59,2.83,58,240,24.17,43,239,82.01,12,4,6.8,7.5,2588,11.4,2350,0.901,4,0,18408,9.820540631715202,0,31.0,27.4,82,23,53,6,52,0.317,178,289,1.0,1.0,-1.29,0.06,2.17,3.52,39,235,16.6,56,231,75.76,3,8,8.7,9.3,2153,8.3,2681,0.892,1,0,0,0,0,0,0,0,0,0,1
Dallas Stars,San Jose Sharks,2.0,29.3,82,52,21,9,113,0.689,294,232,4.0,2.0,0.74,-0.04,3.59,2.83,58,240,24.17,43,239,82.01,12,4,6.8,7.5,2588,11.4,2350,0.901,4,0,18408,9.820540631715202,0,32.0,27.7,82,19,54,9,47,0.287,180,326,1.0,5.0,-1.78,0.05,2.2,3.98,42,208,20.19,62,252,75.4,3,8,9.5,8.2,2069,8.7,2881,0.887,2,0,0,0,0,0,0,0,0,0,0
Carolina Hurricanes,New York Rangers,3.0,29.4,82,52,23,7,111,0.677,277,211,2.0,5.0,0.73,-0.04,3.38,2.57,67,249,26.91,35,258,86.43,11,8,8.5,8.0,2733,10.1,2101,0.9,8,0,18680,9.835208711782833,0,1.0,29.1,82,55,23,4,114,0.695,278,226,4.0,3.0,0.61,-0.03,3.39,2.76,65,246,26.42,36,232,84.48,8,6,9.4,10.4,2582,10.8,2418,0.907,6,0,1,0,0,0,0,0,0,0,1
Carolina Hurricanes,Dallas Stars,3.0,29.4,82,52,23,7,111,0.677,277,211,2.0,5.0,0.73,-0.04,3.38,2.57,67,249,26.91,35,258,86.43,11,8,8.5,8.0,2733,10.1,2101,0.9,8,0,18680,9.835208711782833,0,2.0,29.3,82,52,21,9,113,0.689,294,232,4.0,2.0,0.74,-0.04,3.59,2.83,58,240,24.17,43,239,82.01,12,4,6.8,7.5,2588,11.4,2350,0.901,4,0,0,0,0,0,0,0,0,0,0
Carolina Hurricanes,Winnipeg Jets,3.0,29.4,82,52,23,7,111,0.677,277,211,2.0,5.0,0.73,-0.04,3.38,2.57,67,249,26.91,35,258,86.43,11,8,8.5,8.0,2733,10.1,2101,0.9,8,0,18680,9.835208711782833,0,4.0,29.4,82,52,24,6,110,0.671,259,198,0.0,1.0,0.69,-0.04,3.16,2.41,45,240,18.75,51,223,77.13,3,5,8.2,8.9,2488,10.4,2429,0.918,8,1,0,0,0,0,0,0,0,0,0
Carolina Hurricanes,Florida Panthers,3.0,29.4,82,52,23,7,111,0.677,277,211,2.0,5.0,0.73,-0.04,3.38,2.57,67,249,26.91,35,258,86.43,11,8,8.5,8.0,2733,10.1,2101,0.9,8,0,18680,9.835208711782833,0,5.0,29.5,82,52,24,6,110,0.671,265,198,3.0,2.0,0.81,-0.02,3.23,2.41,63,268,23.51,51,291,82.47,8,9,13.6,13.5,2764,9.6,2279,0.913,8,0,1,0,0,0,0,0,0,0,0
Carolina Hurricanes,Boston Bruins,3.0,29.4,82,52,23,7,111,0.677,277,211,2.0,5.0,0.73,-0.04,3.38,2.57,67,249,26.91,35,258,86.43,11,8,8.5,8.0,2733,10.1,2101,0.9,8,0,18680,9.835208711782833,0,6.0,28.6,82,47,20,15,109,0.665,263,221,4.0,3.0,0.53,0.01,3.21,2.7,54,243,22.22,47,268,82.46,7,6,9.5,8.8,2399,11.0,2504,0.912,5,0,1,0,0,0,0,0,0,0,0
Carolina Hurricanes,Vancouver Canucks,3.0,29.4,82,52,23,7,111,0.677,277,211,2.0,5.0,0.73,-0.04,3.38,2.57,67,249,26.91,35,258,86.43,11,8,8.5,8.0,2733,10.1,2101,0.9,8,0,18680,9.835208711782833,0,7.0,28.6,82,50,23,9,109,0.665,279,221,0.0,2.0,0.64,-0.04,3.4,2.7,58,257,22.57,53,254,79.13,7,7,9.6,9.7,2328,12.0,2343,0.906,7,1,1,0,0,0,0,0,0,0,0
Carolina Hurricanes,Colorado Avalanche,3.0,29.4,82,52,23,7,111,0.677,277,211,2.0,5.0,0.73,-0.04,3.38,2.57,67,249,26.91,35,258,86.43,11,8,8.5,8.0,2733,10.1,2101,0.9,8,0,18680,9.835208711782833,0,8.0,28.8,82,50,25,7,107,0.652,302,252,2.0,2.0,0.57,-0.05,3.68,3.07,68,278,24.46,53,264,79.92,7,6,8.9,9.7,2705,11.2,2444,0.897,4,0,1,0,0,0,0,0,0,0,0
Carolina Hurricanes,Edmonton Oilers,3.0,29.4,82,52,23,7,111,0.677,277,211,2.0,5.0,0.73,-0.04,3.38,2.57,67,249,26.91,35,258,86.43,11,8,8.5,8.0,2733,10.1,2101,0.9,8,0,18680,9.835208711782833,0,9.0,29.4,82,49,27,6,104,0.634,292,236,2.0,1.0,0.65,-0.04,3.56,2.88,64,243,26.34,53,258,79.46,7,5,9.5,8.5,2768,10.5,2307,0.898,4,1,1,0,0,0,0,0,0,0,0
Carolina Hurricanes,Toronto Maple Leafs,3.0,29.4,82,52,23,7,111,0.677,277,211,2.0,5.0,0.73,-0.04,3.38,2.57,67,249,26.91,35,258,86.43,11,8,8.5,8.0,2733,10.1,2101,0.9,8,0,18680,9.835208711782833,0,10.0,28.9,82,46,26,10,102,0.622,298,261,5.0,2.0,0.5,0.01,3.63,3.18,57,238,23.95,55,238,76.89,6,9,9.9,10.2,2671,11.2,2446,0.893,5,1,1,0,0,0,0,0,0,0,0
Carolina Hurricanes,Nashville Predators,3.0,29.4,82,52,23,7,111,0.677,277,211,2.0,5.0,0.73,-0.04,3.38,2.57,67,249,26.91,35,258,86.43,11,8,8.5,8.0,2733,10.1,2101,0.9,8,0,18680,9.835208711782833,0,11.0,29.5,82,47,30,5,99,0.604,266,248,3.0,0.0,0.23,-0.02,3.24,3.02,58,269,21.56,57,247,76.92,7,5,9.7,9.5,2642,10.1,2507,0.901,4,0,1,0,0,0,0,0,0,0,0
Carolina Hurricanes,Los Angeles Kings,3.0,29.4,82,52,23,7,111,0.677,277,211,2.0,5.0,0.73,-0.04,3.38,2.57,67,249,26.91,35,258,86.43,11,8,8.5,8.0,2733,10.1,2101,0.9,8,0,18680,9.835208711782833,0,12.0,29.5,82,44,27,11,99,0.604,254,210,2.0,5.0,0.45,-0.05,3.1,2.56,56,248,22.58,39,253,84.58,11,7,8.7,9.5,2616,9.7,2296,0.909,7,0,0,0,0,0,0,0,0,0,0
Carolina Hurricanes,Tampa Bay Lightning,3.0,29.4,82,52,23,7,111,0.677,277,211,2.0,5.0,0.73,-0.04,3.38,2.57,67,249,26.91,35,258,86.43,11,8,8.5,8.0,2733,10.1,2101,0.9,8,0,18680,9.835208711782833,0,13.0,29.1,82,45,29,8,98,0.598,288,267,3.0,1.0,0.28,0.0,3.51,3.26,71,248,28.63,39,234,83.33,5,6,11.0,11.0,2401,12.0,2430,0.89,4,0,1,0,0,0,0,0,0,0,0
Carolina Hurricanes,Vegas Golden Knights,3.0,29.4,82,52,23,7,111,0.677,277,211,2.0,5.0,0.73,-0.04,3.38,2.57,67,249,26.91,35,258,86.43,11,8,8.5,8.0,2733,10.1,2101,0.9,8,0,18680,9.835208711782833,0,14.0,29.0,82,45,29,8,98,0.598,263,243,4.0,2.0,0.22,-0.05,3.21,2.96,51,252,20.24,44,213,79.34,9,8,7.4,8.5,2548,10.3,2487,0.902,3,0,0,0,0,0,0,0,0,0,0
Carolina Hurricanes,New York Islanders,3.0,29.4,82,52,23,7,111,0.677,277,211,2.0,5.0,0.73,-0.04,3.38,2.57,67,249,26.91,35,258,86.43,11,8,8.5,8.0,2733,10.1,2101,0.9,8,0,18680,9.835208711782833,0,15.0,29.6,82,39,27,16,94,0.573,245,258,1.0,5.0,-0.18,0.03,2.99,3.15,47,231,20.35,63,221,71.49,10,3,7.1,7.4,2470,9.9,2686,0.904,5,0,0,0,0,0,0,0,0,0,1
Carolina Hurricanes,St. Louis Blues,3.0,29.4,82,52,23,7,111,0.677,277,211,2.0,5.0,0.73,-0.04,3.38,2.57,67,249,26.91,35,258,86.43,11,8,8.5,8.0,2733,10.1,2101,0.9,8,0,18680,9.835208711782833,0,16.0,29.0,82,43,33,6,92,0.561,234,248,5.0,2.0,-0.14,-0.01,2.85,3.02,45,250,18.0,46,215,78.6,11,7,7.4,8.6,2370,9.9,2636,0.906,4,0,0,0,0,0,0,0,0,0,0
Carolina Hurricanes,Washington Capitals,3.0,29.4,82,52,23,7,111,0.677,277,211,2.0,5.0,0.73,-0.04,3.38,2.57,67,249,26.91,35,258,86.43,11,8,8.5,8.0,2733,10.1,2101,0.9,8,0,18680,9.835208711782833,0,17.0,30.0,82,40,31,11,91,0.555,216,252,4.0,5.0,-0.41,0.04,2.63,3.07,47,228,20.61,49,233,78.97,3,5,7.7,7.4,2172,9.9,2503,0.899,7,0,0,0,0,0,0,0,0,0,1
Carolina Hurricanes,Detroit Red Wings,3.0,29.4,82,52,23,7,111,0.677,277,211,2.0,5.0,0.73,-0.04,3.38,2.57,67,249,26.91,35,258,86.43,11,8,8.5,8.0,2733,10.1,2101,0.9,8,0,18680,9.835208711782833,0,18.0,29.3,82,41,32,9,91,0.555,275,273,3.0,1.0,0.06,0.02,3.35,3.33,63,273,23.08,49,240,79.58,7,10,8.7,9.9,2375,11.6,2657,0.897,4,0,0,0,0,0,0,0,0,0,0
Carolina Hurricanes,Pittsburgh Penguins,3.0,29.4,82,52,23,7,111,0.677,277,211,2.0,5.0,0.73,-0.04,3.38,2.57,67,249,26.91,35,258,86.43,11,8,8.5,8.0,2733,10.1,2101,0.9,8,0,18680,9.835208711782833,0,19.0,31.3,82,38,32,12,88,0.537,253,248,2.0,3.0,0.05,0.0,3.09,3.02,40,262,15.27,47,243,80.66,5,12,7.4,7.9,2685,9.4,2479,0.9,8,0,1,0,0,0,0,0,0,0,1
Carolina Hurricanes,Minnesota Wild,3.0,29.4,82,52,23,7,111,0.677,277,211,2.0,5.0,0.73,-0.04,3.38,2.57,67,249,26.91,35,258,86.43,11,8,8.5,8.0,2733,10.1,2101,0.9,8,0,18680,9.835208711782833,0,20.0,29.3,82,39,34,9,87,0.53,248,260,3.0,3.0,-0.14,0.01,3.02,3.17,62,273,22.71,67,263,74.52,3,11,11.4,11.3,2471,10.0,2437,0.893,6,0,1,0,0,0,0,0,0,0,0
Carolina Hurricanes,Philadelphia Flyers,3.0,29.4,82,52,23,7,111,0.677,277,211,2.0,5.0,0.73,-0.04,3.38,2.57,67,249,26.91,35,258,86.43,11,8,8.5,8.0,2733,10.1,2101,0.9,8,0,18680,9.835208711782833,0,21.0,27.1,82,38,33,11,87,0.53,231,258,4.0,3.0,-0.29,0.03,2.82,3.15,31,254,12.2,40,241,83.4,16,4,10.1,9.7,2708,8.5,2225,0.884,5,0,0,0,0,0,0,0,0,0,1
Carolina Hurricanes,Buffalo Sabres,3.0,29.4,82,52,23,7,111,0.677,277,211,2.0,5.0,0.73,-0.04,3.38,2.57,67,249,26.91,35,258,86.43,11,8,8.5,8.0,2733,10.1,2101,0.9,8,0,18680,9.835208711782833,0,22.0,25.7,82,39,37,6,84,0.512,244,243,2.0,1.0,0.03,0.01,2.98,2.96,37,223,16.59,49,243,79.84,7,10,9.8,9.2,2534,9.6,2402,0.899,5,0,0,0,0,0,0,0,0,0,0
Carolina Hurricanes,New Jersey Devils,3.0,29.4,82,52,23,7,111,0.677,277,211,2.0,5.0,0.73,-0.04,3.38,2.57,67,249,26.91,35,258,86.43,11,8,8.5,8.0,2733,10.1,2101,0.9,8,0,18680,9.835208711782833,0,23.0,26.8,82,38,39,5,81,0.494,264,281,0.0,2.0,-0.22,0.01,3.22,3.43,55,245,22.45,47,243,80.66,3,9,9.1,9.6,2516,10.5,2458,0.886,1,0,0,0,0,0,0,0,0,0,1
Carolina Hurricanes,Seattle Kraken,3.0,29.4,82,52,23,7,111,0.677,277,211,2.0,5.0,0.73,-0.04,3.38,2.57,67,249,26.91,35,258,86.43,11,8,8.5,8.0,2733,10.1,2101,0.9,8,0,18680,9.835208711782833,0,24.0,29.4,82,34,35,13,81,0.494,214,232,3.0,4.0,-0.26,-0.03,2.61,2.83,50,242,20.66,47,222,78.83,6,9,8.0,8.1,2347,9.1,2391,0.903,5,0,0,0,0,0,0,0,0,0,0
Carolina Hurricanes,Calgary Flames,3.0,29.4,82,52,23,7,111,0.677,277,211,2.0,5.0,0.73,-0.04,3.38,2.57,67,249,26.91,35,258,86.43,11,8,8.5,8.0,2733,10.1,2101,0.9,8,0,18680,9.835208711782833,0,25.0,29.2,82,38,39,5,81,0.494,253,267,0.0,4.0,-0.2,0.02,3.09,3.26,45,252,17.86,47,245,80.82,11,11,9.4,9.2,2572,9.8,2438,0.89,2,1,0,0,0,0,0,0,0,0,0
Carolina Hurricanes,Ottawa Senators,3.0,29.4,82,52,23,7,111,0.677,277,211,2.0,5.0,0.73,-0.04,3.38,2.57,67,249,26.91,35,258,86.43,11,8,8.5,8.0,2733,10.1,2101,0.9,8,0,18680,9.835208711782833,0,26.0,27.0,82,37,41,4,78,0.476,250,281,5.0,0.0,-0.28,0.04,3.05,3.43,51,283,18.02,61,245,75.1,7,6,10.4,11.1,2602,9.6,2432,0.884,2,1,0,0,0,0,0,0,0,0,0
Carolina Hurricanes,Montreal Canadiens,3.0,29.4,82,52,23,7,111,0.677,277,211,2.0,5.0,0.73,-0.04,3.38,2.57,67,249,26.91,35,258,86.43,11,8,8.5,8.0,2733,10.1,2101,0.9,8,0,18680,9.835208711782833,0,28.0,26.7,82,30,36,16,76,0.463,232,281,4.0,8.0,-0.59,0.05,2.83,3.43,44,252,17.46,65,277,76.53,7,12,10.2,10.0,2269,10.2,2738,0.897,2,1,0,0,0,0,0,0,0,0,0
Carolina Hurricanes,Columbus Blue Jackets,3.0,29.4,82,52,23,7,111,0.677,277,211,2.0,5.0,0.73,-0.04,3.38,2.57,67,249,26.91,35,258,86.43,11,8,8.5,8.0,2733,10.1,2101,0.9,8,0,18680,9.835208711782833,0,29.0,26.8,82,27,43,12,66,0.402,234,298,3.0,2.0,-0.72,0.05,2.85,3.63,32,212,15.09,56,236,76.27,5,6,8.2,7.6,2458,9.5,2822,0.894,1,0,0,0,0,0,0,0,0,0,1
Carolina Hurricanes,Anaheim Ducks,3.0,29.4,82,52,23,7,111,0.677,277,211,2.0,5.0,0.73,-0.04,3.38,2.57,67,249,26.91,35,258,86.43,11,8,8.5,8.0,2733,10.1,2101,0.9,8,0,18680,9.835208711782833,0,30.0,27.7,82,27,50,5,59,0.36,203,293,1.0,2.0,-1.09,0.02,2.48,3.57,43,235,18.3,91,330,72.42,12,5,13.5,10.9,2194,9.3,2666,0.89,1,0,0,0,0,0,0,0,0,0,0
Carolina Hurricanes,Chicago Blackhawks,3.0,29.4,82,52,23,7,111,0.677,277,211,2.0,5.0,0.73,-0.04,3.38,2.57,67,249,26.91,35,258,86.43,11,8,8.5,8.0,2733,10.1,2101,0.9,8,0,18680,9.835208711782833,0,31.0,27.4,82,23,53,6,52,0.317,178,289,1.0,1.0,-1.29,0.06,2.17,3.52,39,235,16.6,56,231,75.76,3,8,8.7,9.3,2153,8.3,2681,0.892,1,0,0,0,0,0,0,0,0,0,0
Carolina Hurricanes,San Jose Sharks,3.0,29.4,82,52,23,7,111,0.677,277,211,2.0,5.0,0.73,-0.04,3.38,2.57,67,249,26.91,35,258,86.43,11,8,8.5,8.0,2733,10.1,2101,0.9,8,0,18680,9.835208711782833,0,32.0,27.7,82,19,54,9,47,0.287,180,326,1.0,5.0,-1.78,0.05,2.2,3.98,42,208,20.19,62,252,75.4,3,8,9.5,8.2,2069,8.7,2881,0.887,2,0,0,0,0,0,0,0,0,0,0
Winnipeg Jets,New York Rangers,4.0,29.4,82,52,24,6,110,0.671,259,198,0.0,1.0,0.69,-0.04,3.16,2.41,45,240,18.75,51,223,77.13,3,5,8.2,8.9,2488,10.4,2429,0.918,8,1,15225,9.630694092578098,0,1.0,29.1,82,55,23,4,114,0.695,278,226,4.0,3.0,0.61,-0.03,3.39,2.76,65,246,26.42,36,232,84.48,8,6,9.4,10.4,2582,10.8,2418,0.907,6,0,1,0,0,0,0,0,0,0,0
Winnipeg Jets,Dallas Stars,4.0,29.4,82,52,24,6,110,0.671,259,198,0.0,1.0,0.69,-0.04,3.16,2.41,45,240,18.75,51,223,77.13,3,5,8.2,8.9,2488,10.4,2429,0.918,8,1,15225,9.630694092578098,0,2.0,29.3,82,52,21,9,113,0.689,294,232,4.0,2.0,0.74,-0.04,3.59,2.83,58,240,24.17,43,239,82.01,12,4,6.8,7.5,2588,11.4,2350,0.901,4,0,0,0,0,0,0,0,0,0,1
Winnipeg Jets,Carolina Hurricanes,4.0,29.4,82,52,24,6,110,0.671,259,198,0.0,1.0,0.69,-0.04,3.16,2.41,45,240,18.75,51,223,77.13,3,5,8.2,8.9,2488,10.4,2429,0.918,8,1,15225,9.630694092578098,0,3.0,29.4,82,52,23,7,111,0.677,277,211,2.0,5.0,0.73,-0.04,3.38,2.57,67,249,26.91,35,258,86.43,11,8,8.5,8.0,2733,10.1,2101,0.9,8,0,0,0,0,0,0,0,0,0,0
Winnipeg Jets,Florida Panthers,4.0,29.4,82,52,24,6,110,0.671,259,198,0.0,1.0,0.69,-0.04,3.16,2.41,45,240,18.75,51,223,77.13,3,5,8.2,8.9,2488,10.4,2429,0.918,8,1,15225,9.630694092578098,0,5.0,29.5,82,52,24,6,110,0.671,265,198,3.0,2.0,0.81,-0.02,3.23,2.41,63,268,23.51,51,291,82.47,8,9,13.6,13.5,2764,9.6,2279,0.913,8,0,1,0,0,0,0,0,0,0,0
Winnipeg Jets,Boston Bruins,4.0,29.4,82,52,24,6,110,0.671,259,198,0.0,1.0,0.69,-0.04,3.16,2.41,45,240,18.75,51,223,77.13,3,5,8.2,8.9,2488,10.4,2429,0.918,8,1,15225,9.630694092578098,0,6.0,28.6,82,47,20,15,109,0.665,263,221,4.0,3.0,0.53,0.01,3.21,2.7,54,243,22.22,47,268,82.46,7,6,9.5,8.8,2399,11.0,2504,0.912,5,0,1,0,0,0,0,0,0,0,0
Winnipeg Jets,Vancouver Canucks,4.0,29.4,82,52,24,6,110,0.671,259,198,0.0,1.0,0.69,-0.04,3.16,2.41,45,240,18.75,51,223,77.13,3,5,8.2,8.9,2488,10.4,2429,0.918,8,1,15225,9.630694092578098,0,7.0,28.6,82,50,23,9,109,0.665,279,221,0.0,2.0,0.64,-0.04,3.4,2.7,58,257,22.57,53,254,79.13,7,7,9.6,9.7,2328,12.0,2343,0.906,7,1,1,0,0,0,0,0,0,0,0
Winnipeg Jets,Colorado Avalanche,4.0,29.4,82,52,24,6,110,0.671,259,198,0.0,1.0,0.69,-0.04,3.16,2.41,45,240,18.75,51,223,77.13,3,5,8.2,8.9,2488,10.4,2429,0.918,8,1,15225,9.630694092578098,0,8.0,28.8,82,50,25,7,107,0.652,302,252,2.0,2.0,0.57,-0.05,3.68,3.07,68,278,24.46,53,264,79.92,7,6,8.9,9.7,2705,11.2,2444,0.897,4,0,1,0,0,0,0,0,0,0,1
Winnipeg Jets,Edmonton Oilers,4.0,29.4,82,52,24,6,110,0.671,259,198,0.0,1.0,0.69,-0.04,3.16,2.41,45,240,18.75,51,223,77.13,3,5,8.2,8.9,2488,10.4,2429,0.918,8,1,15225,9.630694092578098,0,9.0,29.4,82,49,27,6,104,0.634,292,236,2.0,1.0,0.65,-0.04,3.56,2.88,64,243,26.34,53,258,79.46,7,5,9.5,8.5,2768,10.5,2307,0.898,4,1,1,0,0,0,0,0,0,0,0
Winnipeg Jets,Toronto Maple Leafs,4.0,29.4,82,52,24,6,110,0.671,259,198,0.0,1.0,0.69,-0.04,3.16,2.41,45,240,18.75,51,223,77.13,3,5,8.2,8.9,2488,10.4,2429,0.918,8,1,15225,9.630694092578098,0,10.0,28.9,82,46,26,10,102,0.622,298,261,5.0,2.0,0.5,0.01,3.63,3.18,57,238,23.95,55,238,76.89,6,9,9.9,10.2,2671,11.2,2446,0.893,5,1,1,0,0,0,0,0,0,0,0
Winnipeg Jets,Nashville Predators,4.0,29.4,82,52,24,6,110,0.671,259,198,0.0,1.0,0.69,-0.04,3.16,2.41,45,240,18.75,51,223,77.13,3,5,8.2,8.9,2488,10.4,2429,0.918,8,1,15225,9.630694092578098,0,11.0,29.5,82,47,30,5,99,0.604,266,248,3.0,0.0,0.23,-0.02,3.24,3.02,58,269,21.56,57,247,76.92,7,5,9.7,9.5,2642,10.1,2507,0.901,4,0,1,0,0,0,0,0,0,0,1
Winnipeg Jets,Los Angeles Kings,4.0,29.4,82,52,24,6,110,0.671,259,198,0.0,1.0,0.69,-0.04,3.16,2.41,45,240,18.75,51,223,77.13,3,5,8.2,8.9,2488,10.4,2429,0.918,8,1,15225,9.630694092578098,0,12.0,29.5,82,44,27,11,99,0.604,254,210,2.0,5.0,0.45,-0.05,3.1,2.56,56,248,22.58,39,253,84.58,11,7,8.7,9.5,2616,9.7,2296,0.909,7,0,0,0,0,0,0,0,0,0,0
Winnipeg Jets,Tampa Bay Lightning,4.0,29.4,82,52,24,6,110,0.671,259,198,0.0,1.0,0.69,-0.04,3.16,2.41,45,240,18.75,51,223,77.13,3,5,8.2,8.9,2488,10.4,2429,0.918,8,1,15225,9.630694092578098,0,13.0,29.1,82,45,29,8,98,0.598,288,267,3.0,1.0,0.28,0.0,3.51,3.26,71,248,28.63,39,234,83.33,5,6,11.0,11.0,2401,12.0,2430,0.89,4,0,1,0,0,0,0,0,0,0,0
Winnipeg Jets,Vegas Golden Knights,4.0,29.4,82,52,24,6,110,0.671,259,198,0.0,1.0,0.69,-0.04,3.16,2.41,45,240,18.75,51,223,77.13,3,5,8.2,8.9,2488,10.4,2429,0.918,8,1,15225,9.630694092578098,0,14.0,29.0,82,45,29,8,98,0.598,263,243,4.0,2.0,0.22,-0.05,3.21,2.96,51,252,20.24,44,213,79.34,9,8,7.4,8.5,2548,10.3,2487,0.902,3,0,0,0,0,0,0,0,0,0,0
Winnipeg Jets,New York Islanders,4.0,29.4,82,52,24,6,110,0.671,259,198,0.0,1.0,0.69,-0.04,3.16,2.41,45,240,18.75,51,223,77.13,3,5,8.2,8.9,2488,10.4,2429,0.918,8,1,15225,9.630694092578098,0,15.0,29.6,82,39,27,16,94,0.573,245,258,1.0,5.0,-0.18,0.03,2.99,3.15,47,231,20.35,63,221,71.49,10,3,7.1,7.4,2470,9.9,2686,0.904,5,0,0,0,0,0,0,0,0,0,0
Winnipeg Jets,St. Louis Blues,4.0,29.4,82,52,24,6,110,0.671,259,198,0.0,1.0,0.69,-0.04,3.16,2.41,45,240,18.75,51,223,77.13,3,5,8.2,8.9,2488,10.4,2429,0.918,8,1,15225,9.630694092578098,0,16.0,29.0,82,43,33,6,92,0.561,234,248,5.0,2.0,-0.14,-0.01,2.85,3.02,45,250,18.0,46,215,78.6,11,7,7.4,8.6,2370,9.9,2636,0.906,4,0,0,0,0,0,0,0,0,0,1
Winnipeg Jets,Washington Capitals,4.0,29.4,82,52,24,6,110,0.671,259,198,0.0,1.0,0.69,-0.04,3.16,2.41,45,240,18.75,51,223,77.13,3,5,8.2,8.9,2488,10.4,2429,0.918,8,1,15225,9.630694092578098,0,17.0,30.0,82,40,31,11,91,0.555,216,252,4.0,5.0,-0.41,0.04,2.63,3.07,47,228,20.61,49,233,78.97,3,5,7.7,7.4,2172,9.9,2503,0.899,7,0,0,0,0,0,0,0,0,0,0
Winnipeg Jets,Detroit Red Wings,4.0,29.4,82,52,24,6,110,0.671,259,198,0.0,1.0,0.69,-0.04,3.16,2.41,45,240,18.75,51,223,77.13,3,5,8.2,8.9,2488,10.4,2429,0.918,8,1,15225,9.630694092578098,0,18.0,29.3,82,41,32,9,91,0.555,275,273,3.0,1.0,0.06,0.02,3.35,3.33,63,273,23.08,49,240,79.58,7,10,8.7,9.9,2375,11.6,2657,0.897,4,0,0,0,0,0,0,0,0,0,0
Winnipeg Jets,Pittsburgh Penguins,4.0,29.4,82,52,24,6,110,0.671,259,198,0.0,1.0,0.69,-0.04,3.16,2.41,45,240,18.75,51,223,77.13,3,5,8.2,8.9,2488,10.4,2429,0.918,8,1,15225,9.630694092578098,0,19.0,31.3,82,38,32,12,88,0.537,253,248,2.0,3.0,0.05,0.0,3.09,3.02,40,262,15.27,47,243,80.66,5,12,7.4,7.9,2685,9.4,2479,0.9,8,0,1,0,0,0,0,0,0,0,0
Winnipeg Jets,Minnesota Wild,4.0,29.4,82,52,24,6,110,0.671,259,198,0.0,1.0,0.69,-0.04,3.16,2.41,45,240,18.75,51,223,77.13,3,5,8.2,8.9,2488,10.4,2429,0.918,8,1,15225,9.630694092578098,0,20.0,29.3,82,39,34,9,87,0.53,248,260,3.0,3.0,-0.14,0.01,3.02,3.17,62,273,22.71,67,263,74.52,3,11,11.4,11.3,2471,10.0,2437,0.893,6,0,1,0,0,0,0,0,0,0,1
Winnipeg Jets,Philadelphia Flyers,4.0,29.4,82,52,24,6,110,0.671,259,198,0.0,1.0,0.69,-0.04,3.16,2.41,45,240,18.75,51,223,77.13,3,5,8.2,8.9,2488,10.4,2429,0.918,8,1,15225,9.630694092578098,0,21.0,27.1,82,38,33,11,87,0.53,231,258,4.0,3.0,-0.29,0.03,2.82,3.15,31,254,12.2,40,241,83.4,16,4,10.1,9.7,2708,8.5,2225,0.884,5,0,0,0,0,0,0,0,0,0,0
Winnipeg Jets,Buffalo Sabres,4.0,29.4,82,52,24,6,110,0.671,259,198,0.0,1.0,0.69,-0.04,3.16,2.41,45,240,18.75,51,223,77.13,3,5,8.2,8.9,2488,10.4,2429,0.918,8,1,15225,9.630694092578098,0,22.0,25.7,82,39,37,6,84,0.512,244,243,2.0,1.0,0.03,0.01,2.98,2.96,37,223,16.59,49,243,79.84,7,10,9.8,9.2,2534,9.6,2402,0.899,5,0,0,0,0,0,0,0,0,0,0
Winnipeg Jets,New Jersey Devils,4.0,29.4,82,52,24,6,110,0.671,259,198,0.0,1.0,0.69,-0.04,3.16,2.41,45,240,18.75,51,223,77.13,3,5,8.2,8.9,2488,10.4,2429,0.918,8,1,15225,9.630694092578098,0,23.0,26.8,82,38,39,5,81,0.494,264,281,0.0,2.0,-0.22,0.01,3.22,3.43,55,245,22.45,47,243,80.66,3,9,9.1,9.6,2516,10.5,2458,0.886,1,0,0,0,0,0,0,0,0,0,0
Winnipeg Jets,Seattle Kraken,4.0,29.4,82,52,24,6,110,0.671,259,198,0.0,1.0,0.69,-0.04,3.16,2.41,45,240,18.75,51,223,77.13,3,5,8.2,8.9,2488,10.4,2429,0.918,8,1,15225,9.630694092578098,0,24.0,29.4,82,34,35,13,81,0.494,214,232,3.0,4.0,-0.26,-0.03,2.61,2.83,50,242,20.66,47,222,78.83,6,9,8.0,8.1,2347,9.1,2391,0.903,5,0,0,0,0,0,0,0,0,0,0
Winnipeg Jets,Calgary Flames,4.0,29.4,82,52,24,6,110,0.671,259,198,0.0,1.0,0.69,-0.04,3.16,2.41,45,240,18.75,51,223,77.13,3,5,8.2,8.9,2488,10.4,2429,0.918,8,1,15225,9.630694092578098,0,25.0,29.2,82,38,39,5,81,0.494,253,267,0.0,4.0,-0.2,0.02,3.09,3.26,45,252,17.86,47,245,80.82,11,11,9.4,9.2,2572,9.8,2438,0.89,2,1,0,0,0,0,0,0,0,0,0
Winnipeg Jets,Ottawa Senators,4.0,29.4,82,52,24,6,110,0.671,259,198,0.0,1.0,0.69,-0.04,3.16,2.41,45,240,18.75,51,223,77.13,3,5,8.2,8.9,2488,10.4,2429,0.918,8,1,15225,9.630694092578098,0,26.0,27.0,82,37,41,4,78,0.476,250,281,5.0,0.0,-0.28,0.04,3.05,3.43,51,283,18.02,61,245,75.1,7,6,10.4,11.1,2602,9.6,2432,0.884,2,1,0,0,0,0,0,0,0,0,0
Winnipeg Jets,Montreal Canadiens,4.0,29.4,82,52,24,6,110,0.671,259,198,0.0,1.0,0.69,-0.04,3.16,2.41,45,240,18.75,51,223,77.13,3,5,8.2,8.9,2488,10.4,2429,0.918,8,1,15225,9.630694092578098,0,28.0,26.7,82,30,36,16,76,0.463,232,281,4.0,8.0,-0.59,0.05,2.83,3.43,44,252,17.46,65,277,76.53,7,12,10.2,10.0,2269,10.2,2738,0.897,2,1,0,0,0,0,0,0,0,0,0
Winnipeg Jets,Columbus Blue Jackets,4.0,29.4,82,52,24,6,110,0.671,259,198,0.0,1.0,0.69,-0.04,3.16,2.41,45,240,18.75,51,223,77.13,3,5,8.2,8.9,2488,10.4,2429,0.918,8,1,15225,9.630694092578098,0,29.0,26.8,82,27,43,12,66,0.402,234,298,3.0,2.0,-0.72,0.05,2.85,3.63,32,212,15.09,56,236,76.27,5,6,8.2,7.6,2458,9.5,2822,0.894,1,0,0,0,0,0,0,0,0,0,0
Winnipeg Jets,Anaheim Ducks,4.0,29.4,82,52,24,6,110,0.671,259,198,0.0,1.0,0.69,-0.04,3.16,2.41,45,240,18.75,51,223,77.13,3,5,8.2,8.9,2488,10.4,2429,0.918,8,1,15225,9.630694092578098,0,30.0,27.7,82,27,50,5,59,0.36,203,293,1.0,2.0,-1.09,0.02,2.48,3.57,43,235,18.3,91,330,72.42,12,5,13.5,10.9,2194,9.3,2666,0.89,1,0,0,0,0,0,0,0,0,0,0
Winnipeg Jets,Chicago Blackhawks,4.0,29.4,82,52,24,6,110,0.671,259,198,0.0,1.0,0.69,-0.04,3.16,2.41,45,240,18.75,51,223,77.13,3,5,8.2,8.9,2488,10.4,2429,0.918,8,1,15225,9.630694092578098,0,31.0,27.4,82,23,53,6,52,0.317,178,289,1.0,1.0,-1.29,0.06,2.17,3.52,39,235,16.6,56,231,75.76,3,8,8.7,9.3,2153,8.3,2681,0.892,1,0,0,0,0,0,0,0,0,0,1
Winnipeg Jets,San Jose Sharks,4.0,29.4,82,52,24,6,110,0.671,259,198,0.0,1.0,0.69,-0.04,3.16,2.41,45,240,18.75,51,223,77.13,3,5,8.2,8.9,2488,10.4,2429,0.918,8,1,15225,9.630694092578098,0,32.0,27.7,82,19,54,9,47,0.287,180,326,1.0,5.0,-1.78,0.05,2.2,3.98,42,208,20.19,62,252,75.4,3,8,9.5,8.2,2069,8.7,2881,0.887,2,0,0,0,0,0,0,0,0,0,0
Florida Panthers,New York Rangers,5.0,29.5,82,52,24,6,110,0.671,265,198,3.0,2.0,0.81,-0.02,3.23,2.41,63,268,23.51,51,291,82.47,8,9,13.6,13.5,2764,9.6,2279,0.913,8,0,19109,9.857914707241372,1,1.0,29.1,82,55,23,4,114,0.695,278,226,4.0,3.0,0.61,-0.03,3.39,2.76,65,246,26.42,36,232,84.48,8,6,9.4,10.4,2582,10.8,2418,0.907,6,0,1,0,0,0,0,0,0,0,0
Florida Panthers,Dallas Stars,5.0,29.5,82,52,24,6,110,0.671,265,198,3.0,2.0,0.81,-0.02,3.23,2.41,63,268,23.51,51,291,82.47,8,9,13.6,13.5,2764,9.6,2279,0.913,8,0,19109,9.857914707241372,1,2.0,29.3,82,52,21,9,113,0.689,294,232,4.0,2.0,0.74,-0.04,3.59,2.83,58,240,24.17,43,239,82.01,12,4,6.8,7.5,2588,11.4,2350,0.901,4,0,0,0,0,0,0,0,0,0,0
Florida Panthers,Carolina Hurricanes,5.0,29.5,82,52,24,6,110,0.671,265,198,3.0,2.0,0.81,-0.02,3.23,2.41,63,268,23.51,51,291,82.47,8,9,13.6,13.5,2764,9.6,2279,0.913,8,0,19109,9.857914707241372,1,3.0,29.4,82,52,23,7,111,0.677,277,211,2.0,5.0,0.73,-0.04,3.38,2.57,67,249,26.91,35,258,86.43,11,8,8.5,8.0,2733,10.1,2101,0.9,8,0,0,0,0,0,0,0,0,0,0
Florida Panthers,Winnipeg Jets,5.0,29.5,82,52,24,6,110,0.671,265,198,3.0,2.0,0.81,-0.02,3.23,2.41,63,268,23.51,51,291,82.47,8,9,13.6,13.5,2764,9.6,2279,0.913,8,0,19109,9.857914707241372,1,4.0,29.4,82,52,24,6,110,0.671,259,198,0.0,1.0,0.69,-0.04,3.16,2.41,45,240,18.75,51,223,77.13,3,5,8.2,8.9,2488,10.4,2429,0.918,8,1,0,0,0,0,0,0,0,0,0
Florida Panthers,Boston Bruins,5.0,29.5,82,52,24,6,110,0.671,265,198,3.0,2.0,0.81,-0.02,3.23,2.41,63,268,23.51,51,291,82.47,8,9,13.6,13.5,2764,9.6,2279,0.913,8,0,19109,9.857914707241372,1,6.0,28.6,82,47,20,15,109,0.665,263,221,4.0,3.0,0.53,0.01,3.21,2.7,54,243,22.22,47,268,82.46,7,6,9.5,8.8,2399,11.0,2504,0.912,5,0,1,0,0,0,0,0,0,0,1
Florida Panthers,Vancouver Canucks,5.0,29.5,82,52,24,6,110,0.671,265,198,3.0,2.0,0.81,-0.02,3.23,2.41,63,268,23.51,51,291,82.47,8,9,13.6,13.5,2764,9.6,2279,0.913,8,0,19109,9.857914707241372,1,7.0,28.6,82,50,23,9,109,0.665,279,221,0.0,2.0,0.64,-0.04,3.4,2.7,58,257,22.57,53,254,79.13,7,7,9.6,9.7,2328,12.0,2343,0.906,7,1,1,0,0,0,0,0,0,0,0
Florida Panthers,Colorado Avalanche,5.0,29.5,82,52,24,6,110,0.671,265,198,3.0,2.0,0.81,-0.02,3.23,2.41,63,268,23.51,51,291,82.47,8,9,13.6,13.5,2764,9.6,2279,0.913,8,0,19109,9.857914707241372,1,8.0,28.8,82,50,25,7,107,0.652,302,252,2.0,2.0,0.57,-0.05,3.68,3.07,68,278,24.46,53,264,79.92,7,6,8.9,9.7,2705,11.2,2444,0.897,4,0,1,0,0,0,0,0,0,0,0
Florida Panthers,Edmonton Oilers,5.0,29.5,82,52,24,6,110,0.671,265,198,3.0,2.0,0.81,-0.02,3.23,2.41,63,268,23.51,51,291,82.47,8,9,13.6,13.5,2764,9.6,2279,0.913,8,0,19109,9.857914707241372,1,9.0,29.4,82,49,27,6,104,0.634,292,236,2.0,1.0,0.65,-0.04,3.56,2.88,64,243,26.34,53,258,79.46,7,5,9.5,8.5,2768,10.5,2307,0.898,4,1,1,0,0,0,0,0,0,0,0
Florida Panthers,Toronto Maple Leafs,5.0,29.5,82,52,24,6,110,0.671,265,198,3.0,2.0,0.81,-0.02,3.23,2.41,63,268,23.51,51,291,82.47,8,9,13.6,13.5,2764,9.6,2279,0.913,8,0,19109,9.857914707241372,1,10.0,28.9,82,46,26,10,102,0.622,298,261,5.0,2.0,0.5,0.01,3.63,3.18,57,238,23.95,55,238,76.89,6,9,9.9,10.2,2671,11.2,2446,0.893,5,1,1,0,0,0,0,0,0,0,1
Florida Panthers,Nashville Predators,5.0,29.5,82,52,24,6,110,0.671,265,198,3.0,2.0,0.81,-0.02,3.23,2.41,63,268,23.51,51,291,82.47,8,9,13.6,13.5,2764,9.6,2279,0.913,8,0,19109,9.857914707241372,1,11.0,29.5,82,47,30,5,99,0.604,266,248,3.0,0.0,0.23,-0.02,3.24,3.02,58,269,21.56,57,247,76.92,7,5,9.7,9.5,2642,10.1,2507,0.901,4,0,1,0,0,0,0,0,0,0,0
Florida Panthers,Los Angeles Kings,5.0,29.5,82,52,24,6,110,0.671,265,198,3.0,2.0,0.81,-0.02,3.23,2.41,63,268,23.51,51,291,82.47,8,9,13.6,13.5,2764,9.6,2279,0.913,8,0,19109,9.857914707241372,1,12.0,29.5,82,44,27,11,99,0.604,254,210,2.0,5.0,0.45,-0.05,3.1,2.56,56,248,22.58,39,253,84.58,11,7,8.7,9.5,2616,9.7,2296,0.909,7,0,0,0,0,0,0,0,0,0,0
Florida Panthers,Tampa Bay Lightning,5.0,29.5,82,52,24,6,110,0.671,265,198,3.0,2.0,0.81,-0.02,3.23,2.41,63,268,23.51,51,291,82.47,8,9,13.6,13.5,2764,9.6,2279,0.913,8,0,19109,9.857914707241372,1,13.0,29.1,82,45,29,8,98,0.598,288,267,3.0,1.0,0.28,0.0,3.51,3.26,71,248,28.63,39,234,83.33,5,6,11.0,11.0,2401,12.0,2430,0.89,4,0,1,0,0,0,0,0,0,0,1
Florida Panthers,Vegas Golden Knights,5.0,29.5,82,52,24,6,110,0.671,265,198,3.0,2.0,0.81,-0.02,3.23,2.41,63,268,23.51,51,291,82.47,8,9,13.6,13.5,2764,9.6,2279,0.913,8,0,19109,9.857914707241372,1,14.0,29.0,82,45,29,8,98,0.598,263,243,4.0,2.0,0.22,-0.05,3.21,2.96,51,252,20.24,44,213,79.34,9,8,7.4,8.5,2548,10.3,2487,0.902,3,0,0,0,0,0,0,0,0,0,0
Florida Panthers,New York Islanders,5.0,29.5,82,52,24,6,110,0.671,265,198,3.0,2.0,0.81,-0.02,3.23,2.41,63,268,23.51,51,291,82.47,8,9,13.6,13.5,2764,9.6,2279,0.913,8,0,19109,9.857914707241372,1,15.0,29.6,82,39,27,16,94,0.573,245,258,1.0,5.0,-0.18,0.03,2.99,3.15,47,231,20.35,63,221,71.49,10,3,7.1,7.4,2470,9.9,2686,0.904,5,0,0,0,0,0,0,0,0,0,0
Florida Panthers,St. Louis Blues,5.0,29.5,82,52,24,6,110,0.671,265,198,3.0,2.0,0.81,-0.02,3.23,2.41,63,268,23.51,51,291,82.47,8,9,13.6,13.5,2764,9.6,2279,0.913,8,0,19109,9.857914707241372,1,16.0,29.0,82,43,33,6,92,0.561,234,248,5.0,2.0,-0.14,-0.01,2.85,3.02,45,250,18.0,46,215,78.6,11,7,7.4,8.6,2370,9.9,2636,0.906,4,0,0,0,0,0,0,0,0,0,0
Florida Panthers,Washington Capitals,5.0,29.5,82,52,24,6,110,0.671,265,198,3.0,2.0,0.81,-0.02,3.23,2.41,63,268,23.51,51,291,82.47,8,9,13.6,13.5,2764,9.6,2279,0.913,8,0,19109,9.857914707241372,1,17.0,30.0,82,40,31,11,91,0.555,216,252,4.0,5.0,-0.41,0.04,2.63,3.07,47,228,20.61,49,233,78.97,3,5,7.7,7.4,2172,9.9,2503,0.899,7,0,0,0,0,0,0,0,0,0,0
Florida Panthers,Detroit Red Wings,5.0,29.5,82,52,24,6,110,0.671,265,198,3.0,2.0,0.81,-0.02,3.23,2.41,63,268,23.51,51,291,82.47,8,9,13.6,13.5,2764,9.6,2279,0.913,8,0,19109,9.857914707241372,1,18.0,29.3,82,41,32,9,91,0.555,275,273,3.0,1.0,0.06,0.02,3.35,3.33,63,273,23.08,49,240,79.58,7,10,8.7,9.9,2375,11.6,2657,0.897,4,0,0,0,0,0,0,0,0,0,1
Florida Panthers,Pittsburgh Penguins,5.0,29.5,82,52,24,6,110,0.671,265,198,3.0,2.0,0.81,-0.02,3.23,2.41,63,268,23.51,51,291,82.47,8,9,13.6,13.5,2764,9.6,2279,0.913,8,0,19109,9.857914707241372,1,19.0,31.3,82,38,32,12,88,0.537,253,248,2.0,3.0,0.05,0.0,3.09,3.02,40,262,15.27,47,243,80.66,5,12,7.4,7.9,2685,9.4,2479,0.9,8,0,1,0,0,0,0,0,0,0,0
Florida Panthers,Minnesota Wild,5.0,29.5,82,52,24,6,110,0.671,265,198,3.0,2.0,0.81,-0.02,3.23,2.41,63,268,23.51,51,291,82.47,8,9,13.6,13.5,2764,9.6,2279,0.913,8,0,19109,9.857914707241372,1,20.0,29.3,82,39,34,9,87,0.53,248,260,3.0,3.0,-0.14,0.01,3.02,3.17,62,273,22.71,67,263,74.52,3,11,11.4,11.3,2471,10.0,2437,0.893,6,0,1,0,0,0,0,0,0,0,0
Florida Panthers,Philadelphia Flyers,5.0,29.5,82,52,24,6,110,0.671,265,198,3.0,2.0,0.81,-0.02,3.23,2.41,63,268,23.51,51,291,82.47,8,9,13.6,13.5,2764,9.6,2279,0.913,8,0,19109,9.857914707241372,1,21.0,27.1,82,38,33,11,87,0.53,231,258,4.0,3.0,-0.29,0.03,2.82,3.15,31,254,12.2,40,241,83.4,16,4,10.1,9.7,2708,8.5,2225,0.884,5,0,0,0,0,0,0,0,0,0,0
Florida Panthers,Buffalo Sabres,5.0,29.5,82,52,24,6,110,0.671,265,198,3.0,2.0,0.81,-0.02,3.23,2.41,63,268,23.51,51,291,82.47,8,9,13.6,13.5,2764,9.6,2279,0.913,8,0,19109,9.857914707241372,1,22.0,25.7,82,39,37,6,84,0.512,244,243,2.0,1.0,0.03,0.01,2.98,2.96,37,223,16.59,49,243,79.84,7,10,9.8,9.2,2534,9.6,2402,0.899,5,0,0,0,0,0,0,0,0,0,1
Florida Panthers,New Jersey Devils,5.0,29.5,82,52,24,6,110,0.671,265,198,3.0,2.0,0.81,-0.02,3.23,2.41,63,268,23.51,51,291,82.47,8,9,13.6,13.5,2764,9.6,2279,0.913,8,0,19109,9.857914707241372,1,23.0,26.8,82,38,39,5,81,0.494,264,281,0.0,2.0,-0.22,0.01,3.22,3.43,55,245,22.45,47,243,80.66,3,9,9.1,9.6,2516,10.5,2458,0.886,1,0,0,0,0,0,0,0,0,0,0
Florida Panthers,Seattle Kraken,5.0,29.5,82,52,24,6,110,0.671,265,198,3.0,2.0,0.81,-0.02,3.23,2.41,63,268,23.51,51,291,82.47,8,9,13.6,13.5,2764,9.6,2279,0.913,8,0,19109,9.857914707241372,1,24.0,29.4,82,34,35,13,81,0.494,214,232,3.0,4.0,-0.26,-0.03,2.61,2.83,50,242,20.66,47,222,78.83,6,9,8.0,8.1,2347,9.1,2391,0.903,5,0,0,0,0,0,0,0,0,0,0
Florida Panthers,Calgary Flames,5.0,29.5,82,52,24,6,110,0.671,265,198,3.0,2.0,0.81,-0.02,3.23,2.41,63,268,23.51,51,291,82.47,8,9,13.6,13.5,2764,9.6,2279,0.913,8,0,19109,9.857914707241372,1,25.0,29.2,82,38,39,5,81,0.494,253,267,0.0,4.0,-0.2,0.02,3.09,3.26,45,252,17.86,47,245,80.82,11,11,9.4,9.2,2572,9.8,2438,0.89,2,1,0,0,0,0,0,0,0,0,0
Florida Panthers,Ottawa Senators,5.0,29.5,82,52,24,6,110,0.671,265,198,3.0,2.0,0.81,-0.02,3.23,2.41,63,268,23.51,51,291,82.47,8,9,13.6,13.5,2764,9.6,2279,0.913,8,0,19109,9.857914707241372,1,26.0,27.0,82,37,41,4,78,0.476,250,281,5.0,0.0,-0.28,0.04,3.05,3.43,51,283,18.02,61,245,75.1,7,6,10.4,11.1,2602,9.6,2432,0.884,2,1,0,0,0,0,0,0,0,0,1
Florida Panthers,Montreal Canadiens,5.0,29.5,82,52,24,6,110,0.671,265,198,3.0,2.0,0.81,-0.02,3.23,2.41,63,268,23.51,51,291,82.47,8,9,13.6,13.5,2764,9.6,2279,0.913,8,0,19109,9.857914707241372,1,28.0,26.7,82,30,36,16,76,0.463,232,281,4.0,8.0,-0.59,0.05,2.83,3.43,44,252,17.46,65,277,76.53,7,12,10.2,10.0,2269,10.2,2738,0.897,2,1,0,0,0,0,0,0,0,0,1
Florida Panthers,Columbus Blue Jackets,5.0,29.5,82,52,24,6,110,0.671,265,198,3.0,2.0,0.81,-0.02,3.23,2.41,63,268,23.51,51,291,82.47,8,9,13.6,13.5,2764,9.6,2279,0.913,8,0,19109,9.857914707241372,1,29.0,26.8,82,27,43,12,66,0.402,234,298,3.0,2.0,-0.72,0.05,2.85,3.63,32,212,15.09,56,236,76.27,5,6,8.2,7.6,2458,9.5,2822,0.894,1,0,0,0,0,0,0,0,0,0,0
Florida Panthers,Anaheim Ducks,5.0,29.5,82,52,24,6,110,0.671,265,198,3.0,2.0,0.81,-0.02,3.23,2.41,63,268,23.51,51,291,82.47,8,9,13.6,13.5,2764,9.6,2279,0.913,8,0,19109,9.857914707241372,1,30.0,27.7,82,27,50,5,59,0.36,203,293,1.0,2.0,-1.09,0.02,2.48,3.57,43,235,18.3,91,330,72.42,12,5,13.5,10.9,2194,9.3,2666,0.89,1,0,0,0,0,0,0,0,0,0,0
Florida Panthers,Chicago Blackhawks,5.0,29.5,82,52,24,6,110,0.671,265,198,3.0,2.0,0.81,-0.02,3.23,2.41,63,268,23.51,51,291,82.47,8,9,13.6,13.5,2764,9.6,2279,0.913,8,0,19109,9.857914707241372,1,31.0,27.4,82,23,53,6,52,0.317,178,289,1.0,1.0,-1.29,0.06,2.17,3.52,39,235,16.6,56,231,75.76,3,8,8.7,9.3,2153,8.3,2681,0.892,1,0,0,0,0,0,0,0,0,0,0
Florida Panthers,San Jose Sharks,5.0,29.5,82,52,24,6,110,0.671,265,198,3.0,2.0,0.81,-0.02,3.23,2.41,63,268,23.51,51,291,82.47,8,9,13.6,13.5,2764,9.6,2279,0.913,8,0,19109,9.857914707241372,1,32.0,27.7,82,19,54,9,47,0.287,180,326,1.0,5.0,-1.78,0.05,2.2,3.98,42,208,20.19,62,252,75.4,3,8,9.5,8.2,2069,8.7,2881,0.887,2,0,0,0,0,0,0,0,0,0,0
Boston Bruins,New York Rangers,6.0,28.6,82,47,20,15,109,0.665,263,221,4.0,3.0,0.53,0.01,3.21,2.7,54,243,22.22,47,268,82.46,7,6,9.5,8.8,2399,11.0,2504,0.912,5,0,17565,9.773663564699927,1,1.0,29.1,82,55,23,4,114,0.695,278,226,4.0,3.0,0.61,-0.03,3.39,2.76,65,246,26.42,36,232,84.48,8,6,9.4,10.4,2582,10.8,2418,0.907,6,0,1,0,0,0,0,0,0,0,0
Boston Bruins,Dallas Stars,6.0,28.6,82,47,20,15,109,0.665,263,221,4.0,3.0,0.53,0.01,3.21,2.7,54,243,22.22,47,268,82.46,7,6,9.5,8.8,2399,11.0,2504,0.912,5,0,17565,9.773663564699927,1,2.0,29.3,82,52,21,9,113,0.689,294,232,4.0,2.0,0.74,-0.04,3.59,2.83,58,240,24.17,43,239,82.01,12,4,6.8,7.5,2588,11.4,2350,0.901,4,0,0,0,0,0,0,0,0,0,0
Boston Bruins,Carolina Hurricanes,6.0,28.6,82,47,20,15,109,0.665,263,221,4.0,3.0,0.53,0.01,3.21,2.7,54,243,22.22,47,268,82.46,7,6,9.5,8.8,2399,11.0,2504,0.912,5,0,17565,9.773663564699927,1,3.0,29.4,82,52,23,7,111,0.677,277,211,2.0,5.0,0.73,-0.04,3.38,2.57,67,249,26.91,35,258,86.43,11,8,8.5,8.0,2733,10.1,2101,0.9,8,0,0,0,0,0,0,0,0,0,0
Boston Bruins,Winnipeg Jets,6.0,28.6,82,47,20,15,109,0.665,263,221,4.0,3.0,0.53,0.01,3.21,2.7,54,243,22.22,47,268,82.46,7,6,9.5,8.8,2399,11.0,2504,0.912,5,0,17565,9.773663564699927,1,4.0,29.4,82,52,24,6,110,0.671,259,198,0.0,1.0,0.69,-0.04,3.16,2.41,45,240,18.75,51,223,77.13,3,5,8.2,8.9,2488,10.4,2429,0.918,8,1,0,0,0,0,0,0,0,0,0
Boston Bruins,Florida Panthers,6.0,28.6,82,47,20,15,109,0.665,263,221,4.0,3.0,0.53,0.01,3.21,2.7,54,243,22.22,47,268,82.46,7,6,9.5,8.8,2399,11.0,2504,0.912,5,0,17565,9.773663564699927,1,5.0,29.5,82,52,24,6,110,0.671,265,198,3.0,2.0,0.81,-0.02,3.23,2.41,63,268,23.51,51,291,82.47,8,9,13.6,13.5,2764,9.6,2279,0.913,8,0,1,0,0,0,0,0,0,0,1
Boston Bruins,Vancouver Canucks,6.0,28.6,82,47,20,15,109,0.665,263,221,4.0,3.0,0.53,0.01,3.21,2.7,54,243,22.22,47,268,82.46,7,6,9.5,8.8,2399,11.0,2504,0.912,5,0,17565,9.773663564699927,1,7.0,28.6,82,50,23,9,109,0.665,279,221,0.0,2.0,0.64,-0.04,3.4,2.7,58,257,22.57,53,254,79.13,7,7,9.6,9.7,2328,12.0,2343,0.906,7,1,1,0,0,0,0,0,0,0,0
Boston Bruins,Colorado Avalanche,6.0,28.6,82,47,20,15,109,0.665,263,221,4.0,3.0,0.53,0.01,3.21,2.7,54,243,22.22,47,268,82.46,7,6,9.5,8.8,2399,11.0,2504,0.912,5,0,17565,9.773663564699927,1,8.0,28.8,82,50,25,7,107,0.652,302,252,2.0,2.0,0.57,-0.05,3.68,3.07,68,278,24.46,53,264,79.92,7,6,8.9,9.7,2705,11.2,2444,0.897,4,0,1,0,0,0,0,0,0,0,0
Boston Bruins,Edmonton Oilers,6.0,28.6,82,47,20,15,109,0.665,263,221,4.0,3.0,0.53,0.01,3.21,2.7,54,243,22.22,47,268,82.46,7,6,9.5,8.8,2399,11.0,2504,0.912,5,0,17565,9.773663564699927,1,9.0,29.4,82,49,27,6,104,0.634,292,236,2.0,1.0,0.65,-0.04,3.56,2.88,64,243,26.34,53,258,79.46,7,5,9.5,8.5,2768,10.5,2307,0.898,4,1,1,0,0,0,0,0,0,0,0
Boston Bruins,Toronto Maple Leafs,6.0,28.6,82,47,20,15,109,0.665,263,221,4.0,3.0,0.53,0.01,3.21,2.7,54,243,22.22,47,268,82.46,7,6,9.5,8.8,2399,11.0,2504,0.912,5,0,17565,9.773663564699927,1,10.0,28.9,82,46,26,10,102,0.622,298,261,5.0,2.0,0.5,0.01,3.63,3.18,57,238,23.95,55,238,76.89,6,9,9.9,10.2,2671,11.2,2446,0.893,5,1,1,0,0,0,0,0,0,0,1
Boston Bruins,Nashville Predators,6.0,28.6,82,47,20,15,109,0.665,263,221,4.0,3.0,0.53,0.01,3.21,2.7,54,243,22.22,47,268,82.46,7,6,9.5,8.8,2399,11.0,2504,0.912,5,0,17565,9.773663564699927,1,11.0,29.5,82,47,30,5,99,0.604,266,248,3.0,0.0,0.23,-0.02,3.24,3.02,58,269,21.56,57,247,76.92,7,5,9.7,9.5,2642,10.1,2507,0.901,4,0,1,0,0,0,0,0,0,0,0
Boston Bruins,Los Angeles Kings,6.0,28.6,82,47,20,15,109,0.665,263,221,4.0,3.0,0.53,0.01,3.21,2.7,54,243,22.22,47,268,82.46,7,6,9.5,8.8,2399,11.0,2504,0.912,5,0,17565,9.773663564699927,1,12.0,29.5,82,44,27,11,99,0.604,254,210,2.0,5.0,0.45,-0.05,3.1,2.56,56,248,22.58,39,253,84.58,11,7,8.7,9.5,2616,9.7,2296,0.909,7,0,0,0,0,0,0,0,0,0,0
Boston Bruins,Tampa Bay Lightning,6.0,28.6,82,47,20,15,109,0.665,263,221,4.0,3.0,0.53,0.01,3.21,2.7,54,243,22.22,47,268,82.46,7,6,9.5,8.8,2399,11.0,2504,0.912,5,0,17565,9.773663564699927,1,13.0,29.1,82,45,29,8,98,0.598,288,267,3.0,1.0,0.28,0.0,3.51,3.26,71,248,28.63,39,234,83.33,5,6,11.0,11.0,2401,12.0,2430,0.89,4,0,1,0,0,0,0,0,0,0,1
Boston Bruins,Vegas Golden Knights,6.0,28.6,82,47,20,15,109,0.665,263,221,4.0,3.0,0.53,0.01,3.21,2.7,54,243,22.22,47,268,82.46,7,6,9.5,8.8,2399,11.0,2504,0.912,5,0,17565,9.773663564699927,1,14.0,29.0,82,45,29,8,98,0.598,263,243,4.0,2.0,0.22,-0.05,3.21,2.96,51,252,20.24,44,213,79.34,9,8,7.4,8.5,2548,10.3,2487,0.902,3,0,0,0,0,0,0,0,0,0,0
Boston Bruins,New York Islanders,6.0,28.6,82,47,20,15,109,0.665,263,221,4.0,3.0,0.53,0.01,3.21,2.7,54,243,22.22,47,268,82.46,7,6,9.5,8.8,2399,11.0,2504,0.912,5,0,17565,9.773663564699927,1,15.0,29.6,82,39,27,16,94,0.573,245,258,1.0,5.0,-0.18,0.03,2.99,3.15,47,231,20.35,63,221,71.49,10,3,7.1,7.4,2470,9.9,2686,0.904,5,0,0,0,0,0,0,0,0,0,0
Boston Bruins,St. Louis Blues,6.0,28.6,82,47,20,15,109,0.665,263,221,4.0,3.0,0.53,0.01,3.21,2.7,54,243,22.22,47,268,82.46,7,6,9.5,8.8,2399,11.0,2504,0.912,5,0,17565,9.773663564699927,1,16.0,29.0,82,43,33,6,92,0.561,234,248,5.0,2.0,-0.14,-0.01,2.85,3.02,45,250,18.0,46,215,78.6,11,7,7.4,8.6,2370,9.9,2636,0.906,4,0,0,0,0,0,0,0,0,0,0
Boston Bruins,Washington Capitals,6.0,28.6,82,47,20,15,109,0.665,263,221,4.0,3.0,0.53,0.01,3.21,2.7,54,243,22.22,47,268,82.46,7,6,9.5,8.8,2399,11.0,2504,0.912,5,0,17565,9.773663564699927,1,17.0,30.0,82,40,31,11,91,0.555,216,252,4.0,5.0,-0.41,0.04,2.63,3.07,47,228,20.61,49,233,78.97,3,5,7.7,7.4,2172,9.9,2503,0.899,7,0,0,0,0,0,0,0,0,0,0
Boston Bruins,Detroit Red Wings,6.0,28.6,82,47,20,15,109,0.665,263,221,4.0,3.0,0.53,0.01,3.21,2.7,54,243,22.22,47,268,82.46,7,6,9.5,8.8,2399,11.0,2504,0.912,5,0,17565,9.773663564699927,1,18.0,29.3,82,41,32,9,91,0.555,275,273,3.0,1.0,0.06,0.02,3.35,3.33,63,273,23.08,49,240,79.58,7,10,8.7,9.9,2375,11.6,2657,0.897,4,0,0,0,0,0,0,0,0,0,1
Boston Bruins,Pittsburgh Penguins,6.0,28.6,82,47,20,15,109,0.665,263,221,4.0,3.0,0.53,0.01,3.21,2.7,54,243,22.22,47,268,82.46,7,6,9.5,8.8,2399,11.0,2504,0.912,5,0,17565,9.773663564699927,1,19.0,31.3,82,38,32,12,88,0.537,253,248,2.0,3.0,0.05,0.0,3.09,3.02,40,262,15.27,47,243,80.66,5,12,7.4,7.9,2685,9.4,2479,0.9,8,0,1,0,0,0,0,0,0,0,0
Boston Bruins,Minnesota Wild,6.0,28.6,82,47,20,15,109,0.665,263,221,4.0,3.0,0.53,0.01,3.21,2.7,54,243,22.22,47,268,82.46,7,6,9.5,8.8,2399,11.0,2504,0.912,5,0,17565,9.773663564699927,1,20.0,29.3,82,39,34,9,87,0.53,248,260,3.0,3.0,-0.14,0.01,3.02,3.17,62,273,22.71,67,263,74.52,3,11,11.4,11.3,2471,10.0,2437,0.893,6,0,1,0,0,0,0,0,0,0,0
Boston Bruins,Philadelphia Flyers,6.0,28.6,82,47,20,15,109,0.665,263,221,4.0,3.0,0.53,0.01,3.21,2.7,54,243,22.22,47,268,82.46,7,6,9.5,8.8,2399,11.0,2504,0.912,5,0,17565,9.773663564699927,1,21.0,27.1,82,38,33,11,87,0.53,231,258,4.0,3.0,-0.29,0.03,2.82,3.15,31,254,12.2,40,241,83.4,16,4,10.1,9.7,2708,8.5,2225,0.884,5,0,0,0,0,0,0,0,0,0,0
Boston Bruins,Buffalo Sabres,6.0,28.6,82,47,20,15,109,0.665,263,221,4.0,3.0,0.53,0.01,3.21,2.7,54,243,22.22,47,268,82.46,7,6,9.5,8.8,2399,11.0,2504,0.912,5,0,17565,9.773663564699927,1,22.0,25.7,82,39,37,6,84,0.512,244,243,2.0,1.0,0.03,0.01,2.98,2.96,37,223,16.59,49,243,79.84,7,10,9.8,9.2,2534,9.6,2402,0.899,5,0,0,0,0,0,0,0,0,0,1
Boston Bruins,New Jersey Devils,6.0,28.6,82,47,20,15,109,0.665,263,221,4.0,3.0,0.53,0.01,3.21,2.7,54,243,22.22,47,268,82.46,7,6,9.5,8.8,2399,11.0,2504,0.912,5,0,17565,9.773663564699927,1,23.0,26.8,82,38,39,5,81,0.494,264,281,0.0,2.0,-0.22,0.01,3.22,3.43,55,245,22.45,47,243,80.66,3,9,9.1,9.6,2516,10.5,2458,0.886,1,0,0,0,0,0,0,0,0,0,0
Boston Bruins,Seattle Kraken,6.0,28.6,82,47,20,15,109,0.665,263,221,4.0,3.0,0.53,0.01,3.21,2.7,54,243,22.22,47,268,82.46,7,6,9.5,8.8,2399,11.0,2504,0.912,5,0,17565,9.773663564699927,1,24.0,29.4,82,34,35,13,81,0.494,214,232,3.0,4.0,-0.26,-0.03,2.61,2.83,50,242,20.66,47,222,78.83,6,9,8.0,8.1,2347,9.1,2391,0.903,5,0,0,0,0,0,0,0,0,0,0
Boston Bruins,Calgary Flames,6.0,28.6,82,47,20,15,109,0.665,263,221,4.0,3.0,0.53,0.01,3.21,2.7,54,243,22.22,47,268,82.46,7,6,9.5,8.8,2399,11.0,2504,0.912,5,0,17565,9.773663564699927,1,25.0,29.2,82,38,39,5,81,0.494,253,267,0.0,4.0,-0.2,0.02,3.09,3.26,45,252,17.86,47,245,80.82,11,11,9.4,9.2,2572,9.8,2438,0.89,2,1,0,0,0,0,0,0,0,0,0
Boston Bruins,Ottawa Senators,6.0,28.6,82,47,20,15,109,0.665,263,221,4.0,3.0,0.53,0.01,3.21,2.7,54,243,22.22,47,268,82.46,7,6,9.5,8.8,2399,11.0,2504,0.912,5,0,17565,9.773663564699927,1,26.0,27.0,82,37,41,4,78,0.476,250,281,5.0,0.0,-0.28,0.04,3.05,3.43,51,283,18.02,61,245,75.1,7,6,10.4,11.1,2602,9.6,2432,0.884,2,1,0,0,0,0,0,0,0,0,1
Boston Bruins,Montreal Canadiens,6.0,28.6,82,47,20,15,109,0.665,263,221,4.0,3.0,0.53,0.01,3.21,2.7,54,243,22.22,47,268,82.46,7,6,9.5,8.8,2399,11.0,2504,0.912,5,0,17565,9.773663564699927,1,28.0,26.7,82,30,36,16,76,0.463,232,281,4.0,8.0,-0.59,0.05,2.83,3.43,44,252,17.46,65,277,76.53,7,12,10.2,10.0,2269,10.2,2738,0.897,2,1,0,0,0,0,0,0,0,0,1
Boston Bruins,Columbus Blue Jackets,6.0,28.6,82,47,20,15,109,0.665,263,221,4.0,3.0,0.53,0.01,3.21,2.7,54,243,22.22,47,268,82.46,7,6,9.5,8.8,2399,11.0,2504,0.912,5,0,17565,9.773663564699927,1,29.0,26.8,82,27,43,12,66,0.402,234,298,3.0,2.0,-0.72,0.05,2.85,3.63,32,212,15.09,56,236,76.27,5,6,8.2,7.6,2458,9.5,2822,0.894,1,0,0,0,0,0,0,0,0,0,0
Boston Bruins,Anaheim Ducks,6.0,28.6,82,47,20,15,109,0.665,263,221,4.0,3.0,0.53,0.01,3.21,2.7,54,243,22.22,47,268,82.46,7,6,9.5,8.8,2399,11.0,2504,0.912,5,0,17565,9.773663564699927,1,30.0,27.7,82,27,50,5,59,0.36,203,293,1.0,2.0,-1.09,0.02,2.48,3.57,43,235,18.3,91,330,72.42,12,5,13.5,10.9,2194,9.3,2666,0.89,1,0,0,0,0,0,0,0,0,0,0
Boston Bruins,Chicago Blackhawks,6.0,28.6,82,47,20,15,109,0.665,263,221,4.0,3.0,0.53,0.01,3.21,2.7,54,243,22.22,47,268,82.46,7,6,9.5,8.8,2399,11.0,2504,0.912,5,0,17565,9.773663564699927,1,31.0,27.4,82,23,53,6,52,0.317,178,289,1.0,1.0,-1.29,0.06,2.17,3.52,39,235,16.6,56,231,75.76,3,8,8.7,9.3,2153,8.3,2681,0.892,1,0,0,0,0,0,0,0,0,0,0
Boston Bruins,San Jose Sharks,6.0,28.6,82,47,20,15,109,0.665,263,221,4.0,3.0,0.53,0.01,3.21,2.7,54,243,22.22,47,268,82.46,7,6,9.5,8.8,2399,11.0,2504,0.912,5,0,17565,9.773663564699927,1,32.0,27.7,82,19,54,9,47,0.287,180,326,1.0,5.0,-1.78,0.05,2.2,3.98,42,208,20.19,62,252,75.4,3,8,9.5,8.2,2069,8.7,2881,0.887,2,0,0,0,0,0,0,0,0,0,0
Vancouver Canucks,New York Rangers,7.0,28.6,82,50,23,9,109,0.665,279,221,0.0,2.0,0.64,-0.04,3.4,2.7,58,257,22.57,53,254,79.13,7,7,9.6,9.7,2328,12.0,2343,0.906,7,1,18910,9.847446161652503,1,1.0,29.1,82,55,23,4,114,0.695,278,226,4.0,3.0,0.61,-0.03,3.39,2.76,65,246,26.42,36,232,84.48,8,6,9.4,10.4,2582,10.8,2418,0.907,6,0,1,0,0,0,0,0,0,0,0
Vancouver Canucks,Dallas Stars,7.0,28.6,82,50,23,9,109,0.665,279,221,0.0,2.0,0.64,-0.04,3.4,2.7,58,257,22.57,53,254,79.13,7,7,9.6,9.7,2328,12.0,2343,0.906,7,1,18910,9.847446161652503,1,2.0,29.3,82,52,21,9,113,0.689,294,232,4.0,2.0,0.74,-0.04,3.59,2.83,58,240,24.17,43,239,82.01,12,4,6.8,7.5,2588,11.4,2350,0.901,4,0,0,0,0,0,0,0,0,0,0
Vancouver Canucks,Carolina Hurricanes,7.0,28.6,82,50,23,9,109,0.665,279,221,0.0,2.0,0.64,-0.04,3.4,2.7,58,257,22.57,53,254,79.13,7,7,9.6,9.7,2328,12.0,2343,0.906,7,1,18910,9.847446161652503,1,3.0,29.4,82,52,23,7,111,0.677,277,211,2.0,5.0,0.73,-0.04,3.38,2.57,67,249,26.91,35,258,86.43,11,8,8.5,8.0,2733,10.1,2101,0.9,8,0,0,0,0,0,0,0,0,0,0
Vancouver Canucks,Winnipeg Jets,7.0,28.6,82,50,23,9,109,0.665,279,221,0.0,2.0,0.64,-0.04,3.4,2.7,58,257,22.57,53,254,79.13,7,7,9.6,9.7,2328,12.0,2343,0.906,7,1,18910,9.847446161652503,1,4.0,29.4,82,52,24,6,110,0.671,259,198,0.0,1.0,0.69,-0.04,3.16,2.41,45,240,18.75,51,223,77.13,3,5,8.2,8.9,2488,10.4,2429,0.918,8,1,0,0,0,0,0,0,0,0,0
Vancouver Canucks,Florida Panthers,7.0,28.6,82,50,23,9,109,0.665,279,221,0.0,2.0,0.64,-0.04,3.4,2.7,58,257,22.57,53,254,79.13,7,7,9.6,9.7,2328,12.0,2343,0.906,7,1,18910,9.847446161652503,1,5.0,29.5,82,52,24,6,110,0.671,265,198,3.0,2.0,0.81,-0.02,3.23,2.41,63,268,23.51,51,291,82.47,8,9,13.6,13.5,2764,9.6,2279,0.913,8,0,1,0,0,0,0,0,0,0,0
Vancouver Canucks,Boston Bruins,7.0,28.6,82,50,23,9,109,0.665,279,221,0.0,2.0,0.64,-0.04,3.4,2.7,58,257,22.57,53,254,79.13,7,7,9.6,9.7,2328,12.0,2343,0.906,7,1,18910,9.847446161652503,1,6.0,28.6,82,47,20,15,109,0.665,263,221,4.0,3.0,0.53,0.01,3.21,2.7,54,243,22.22,47,268,82.46,7,6,9.5,8.8,2399,11.0,2504,0.912,5,0,1,0,0,0,0,0,0,0,0
Vancouver Canucks,Colorado Avalanche,7.0,28.6,82,50,23,9,109,0.665,279,221,0.0,2.0,0.64,-0.04,3.4,2.7,58,257,22.57,53,254,79.13,7,7,9.6,9.7,2328,12.0,2343,0.906,7,1,18910,9.847446161652503,1,8.0,28.8,82,50,25,7,107,0.652,302,252,2.0,2.0,0.57,-0.05,3.68,3.07,68,278,24.46,53,264,79.92,7,6,8.9,9.7,2705,11.2,2444,0.897,4,0,1,0,0,0,0,0,0,0,0
Vancouver Canucks,Edmonton Oilers,7.0,28.6,82,50,23,9,109,0.665,279,221,0.0,2.0,0.64,-0.04,3.4,2.7,58,257,22.57,53,254,79.13,7,7,9.6,9.7,2328,12.0,2343,0.906,7,1,18910,9.847446161652503,1,9.0,29.4,82,49,27,6,104,0.634,292,236,2.0,1.0,0.65,-0.04,3.56,2.88,64,243,26.34,53,258,79.46,7,5,9.5,8.5,2768,10.5,2307,0.898,4,1,1,0,0,0,0,0,0,0,1
Vancouver Canucks,Toronto Maple Leafs,7.0,28.6,82,50,23,9,109,0.665,279,221,0.0,2.0,0.64,-0.04,3.4,2.7,58,257,22.57,53,254,79.13,7,7,9.6,9.7,2328,12.0,2343,0.906,7,1,18910,9.847446161652503,1,10.0,28.9,82,46,26,10,102,0.622,298,261,5.0,2.0,0.5,0.01,3.63,3.18,57,238,23.95,55,238,76.89,6,9,9.9,10.2,2671,11.2,2446,0.893,5,1,1,0,0,0,0,0,0,0,0
Vancouver Canucks,Nashville Predators,7.0,28.6,82,50,23,9,109,0.665,279,221,0.0,2.0,0.64,-0.04,3.4,2.7,58,257,22.57,53,254,79.13,7,7,9.6,9.7,2328,12.0,2343,0.906,7,1,18910,9.847446161652503,1,11.0,29.5,82,47,30,5,99,0.604,266,248,3.0,0.0,0.23,-0.02,3.24,3.02,58,269,21.56,57,247,76.92,7,5,9.7,9.5,2642,10.1,2507,0.901,4,0,1,0,0,0,0,0,0,0,0
Vancouver Canucks,Los Angeles Kings,7.0,28.6,82,50,23,9,109,0.665,279,221,0.0,2.0,0.64,-0.04,3.4,2.7,58,257,22.57,53,254,79.13,7,7,9.6,9.7,2328,12.0,2343,0.906,7,1,18910,9.847446161652503,1,12.0,29.5,82,44,27,11,99,0.604,254,210,2.0,5.0,0.45,-0.05,3.1,2.56,56,248,22.58,39,253,84.58,11,7,8.7,9.5,2616,9.7,2296,0.909,7,0,0,0,0,0,0,0,0,0,1
Vancouver Canucks,Tampa Bay Lightning,7.0,28.6,82,50,23,9,109,0.665,279,221,0.0,2.0,0.64,-0.04,3.4,2.7,58,257,22.57,53,254,79.13,7,7,9.6,9.7,2328,12.0,2343,0.906,7,1,18910,9.847446161652503,1,13.0,29.1,82,45,29,8,98,0.598,288,267,3.0,1.0,0.28,0.0,3.51,3.26,71,248,28.63,39,234,83.33,5,6,11.0,11.0,2401,12.0,2430,0.89,4,0,1,0,0,0,0,0,0,0,0
Vancouver Canucks,Vegas Golden Knights,7.0,28.6,82,50,23,9,109,0.665,279,221,0.0,2.0,0.64,-0.04,3.4,2.7,58,257,22.57,53,254,79.13,7,7,9.6,9.7,2328,12.0,2343,0.906,7,1,18910,9.847446161652503,1,14.0,29.0,82,45,29,8,98,0.598,263,243,4.0,2.0,0.22,-0.05,3.21,2.96,51,252,20.24,44,213,79.34,9,8,7.4,8.5,2548,10.3,2487,0.902,3,0,0,0,0,0,0,0,0,0,1
Vancouver Canucks,New York Islanders,7.0,28.6,82,50,23,9,109,0.665,279,221,0.0,2.0,0.64,-0.04,3.4,2.7,58,257,22.57,53,254,79.13,7,7,9.6,9.7,2328,12.0,2343,0.906,7,1,18910,9.847446161652503,1,15.0,29.6,82,39,27,16,94,0.573,245,258,1.0,5.0,-0.18,0.03,2.99,3.15,47,231,20.35,63,221,71.49,10,3,7.1,7.4,2470,9.9,2686,0.904,5,0,0,0,0,0,0,0,0,0,0
Vancouver Canucks,St. Louis Blues,7.0,28.6,82,50,23,9,109,0.665,279,221,0.0,2.0,0.64,-0.04,3.4,2.7,58,257,22.57,53,254,79.13,7,7,9.6,9.7,2328,12.0,2343,0.906,7,1,18910,9.847446161652503,1,16.0,29.0,82,43,33,6,92,0.561,234,248,5.0,2.0,-0.14,-0.01,2.85,3.02,45,250,18.0,46,215,78.6,11,7,7.4,8.6,2370,9.9,2636,0.906,4,0,0,0,0,0,0,0,0,0,0
Vancouver Canucks,Washington Capitals,7.0,28.6,82,50,23,9,109,0.665,279,221,0.0,2.0,0.64,-0.04,3.4,2.7,58,257,22.57,53,254,79.13,7,7,9.6,9.7,2328,12.0,2343,0.906,7,1,18910,9.847446161652503,1,17.0,30.0,82,40,31,11,91,0.555,216,252,4.0,5.0,-0.41,0.04,2.63,3.07,47,228,20.61,49,233,78.97,3,5,7.7,7.4,2172,9.9,2503,0.899,7,0,0,0,0,0,0,0,0,0,0
Vancouver Canucks,Detroit Red Wings,7.0,28.6,82,50,23,9,109,0.665,279,221,0.0,2.0,0.64,-0.04,3.4,2.7,58,257,22.57,53,254,79.13,7,7,9.6,9.7,2328,12.0,2343,0.906,7,1,18910,9.847446161652503,1,18.0,29.3,82,41,32,9,91,0.555,275,273,3.0,1.0,0.06,0.02,3.35,3.33,63,273,23.08,49,240,79.58,7,10,8.7,9.9,2375,11.6,2657,0.897,4,0,0,0,0,0,0,0,0,0,0
Vancouver Canucks,Pittsburgh Penguins,7.0,28.6,82,50,23,9,109,0.665,279,221,0.0,2.0,0.64,-0.04,3.4,2.7,58,257,22.57,53,254,79.13,7,7,9.6,9.7,2328,12.0,2343,0.906,7,1,18910,9.847446161652503,1,19.0,31.3,82,38,32,12,88,0.537,253,248,2.0,3.0,0.05,0.0,3.09,3.02,40,262,15.27,47,243,80.66,5,12,7.4,7.9,2685,9.4,2479,0.9,8,0,1,0,0,0,0,0,0,0,0
Vancouver Canucks,Minnesota Wild,7.0,28.6,82,50,23,9,109,0.665,279,221,0.0,2.0,0.64,-0.04,3.4,2.7,58,257,22.57,53,254,79.13,7,7,9.6,9.7,2328,12.0,2343,0.906,7,1,18910,9.847446161652503,1,20.0,29.3,82,39,34,9,87,0.53,248,260,3.0,3.0,-0.14,0.01,3.02,3.17,62,273,22.71,67,263,74.52,3,11,11.4,11.3,2471,10.0,2437,0.893,6,0,1,0,0,0,0,0,0,0,0
Vancouver Canucks,Philadelphia Flyers,7.0,28.6,82,50,23,9,109,0.665,279,221,0.0,2.0,0.64,-0.04,3.4,2.7,58,257,22.57,53,254,79.13,7,7,9.6,9.7,2328,12.0,2343,0.906,7,1,18910,9.847446161652503,1,21.0,27.1,82,38,33,11,87,0.53,231,258,4.0,3.0,-0.29,0.03,2.82,3.15,31,254,12.2,40,241,83.4,16,4,10.1,9.7,2708,8.5,2225,0.884,5,0,0,0,0,0,0,0,0,0,0
Vancouver Canucks,Buffalo Sabres,7.0,28.6,82,50,23,9,109,0.665,279,221,0.0,2.0,0.64,-0.04,3.4,2.7,58,257,22.57,53,254,79.13,7,7,9.6,9.7,2328,12.0,2343,0.906,7,1,18910,9.847446161652503,1,22.0,25.7,82,39,37,6,84,0.512,244,243,2.0,1.0,0.03,0.01,2.98,2.96,37,223,16.59,49,243,79.84,7,10,9.8,9.2,2534,9.6,2402,0.899,5,0,0,0,0,0,0,0,0,0,0
Vancouver Canucks,New Jersey Devils,7.0,28.6,82,50,23,9,109,0.665,279,221,0.0,2.0,0.64,-0.04,3.4,2.7,58,257,22.57,53,254,79.13,7,7,9.6,9.7,2328,12.0,2343,0.906,7,1,18910,9.847446161652503,1,23.0,26.8,82,38,39,5,81,0.494,264,281,0.0,2.0,-0.22,0.01,3.22,3.43,55,245,22.45,47,243,80.66,3,9,9.1,9.6,2516,10.5,2458,0.886,1,0,0,0,0,0,0,0,0,0,0
Vancouver Canucks,Seattle Kraken,7.0,28.6,82,50,23,9,109,0.665,279,221,0.0,2.0,0.64,-0.04,3.4,2.7,58,257,22.57,53,254,79.13,7,7,9.6,9.7,2328,12.0,2343,0.906,7,1,18910,9.847446161652503,1,24.0,29.4,82,34,35,13,81,0.494,214,232,3.0,4.0,-0.26,-0.03,2.61,2.83,50,242,20.66,47,222,78.83,6,9,8.0,8.1,2347,9.1,2391,0.903,5,0,0,0,0,0,0,0,0,0,1
Vancouver Canucks,Calgary Flames,7.0,28.6,82,50,23,9,109,0.665,279,221,0.0,2.0,0.64,-0.04,3.4,2.7,58,257,22.57,53,254,79.13,7,7,9.6,9.7,2328,12.0,2343,0.906,7,1,18910,9.847446161652503,1,25.0,29.2,82,38,39,5,81,0.494,253,267,0.0,4.0,-0.2,0.02,3.09,3.26,45,252,17.86,47,245,80.82,11,11,9.4,9.2,2572,9.8,2438,0.89,2,1,0,0,0,0,0,0,0,0,1
Vancouver Canucks,Ottawa Senators,7.0,28.6,82,50,23,9,109,0.665,279,221,0.0,2.0,0.64,-0.04,3.4,2.7,58,257,22.57,53,254,79.13,7,7,9.6,9.7,2328,12.0,2343,0.906,7,1,18910,9.847446161652503,1,26.0,27.0,82,37,41,4,78,0.476,250,281,5.0,0.0,-0.28,0.04,3.05,3.43,51,283,18.02,61,245,75.1,7,6,10.4,11.1,2602,9.6,2432,0.884,2,1,0,0,0,0,0,0,0,0,0
Vancouver Canucks,Montreal Canadiens,7.0,28.6,82,50,23,9,109,0.665,279,221,0.0,2.0,0.64,-0.04,3.4,2.7,58,257,22.57,53,254,79.13,7,7,9.6,9.7,2328,12.0,2343,0.906,7,1,18910,9.847446161652503,1,28.0,26.7,82,30,36,16,76,0.463,232,281,4.0,8.0,-0.59,0.05,2.83,3.43,44,252,17.46,65,277,76.53,7,12,10.2,10.0,2269,10.2,2738,0.897,2,1,0,0,0,0,0,0,0,0,0
Vancouver Canucks,Columbus Blue Jackets,7.0,28.6,82,50,23,9,109,0.665,279,221,0.0,2.0,0.64,-0.04,3.4,2.7,58,257,22.57,53,254,79.13,7,7,9.6,9.7,2328,12.0,2343,0.906,7,1,18910,9.847446161652503,1,29.0,26.8,82,27,43,12,66,0.402,234,298,3.0,2.0,-0.72,0.05,2.85,3.63,32,212,15.09,56,236,76.27,5,6,8.2,7.6,2458,9.5,2822,0.894,1,0,0,0,0,0,0,0,0,0,0
Vancouver Canucks,Anaheim Ducks,7.0,28.6,82,50,23,9,109,0.665,279,221,0.0,2.0,0.64,-0.04,3.4,2.7,58,257,22.57,53,254,79.13,7,7,9.6,9.7,2328,12.0,2343,0.906,7,1,18910,9.847446161652503,1,30.0,27.7,82,27,50,5,59,0.36,203,293,1.0,2.0,-1.09,0.02,2.48,3.57,43,235,18.3,91,330,72.42,12,5,13.5,10.9,2194,9.3,2666,0.89,1,0,0,0,0,0,0,0,0,0,1
Vancouver Canucks,Chicago Blackhawks,7.0,28.6,82,50,23,9,109,0.665,279,221,0.0,2.0,0.64,-0.04,3.4,2.7,58,257,22.57,53,254,79.13,7,7,9.6,9.7,2328,12.0,2343,0.906,7,1,18910,9.847446161652503,1,31.0,27.4,82,23,53,6,52,0.317,178,289,1.0,1.0,-1.29,0.06,2.17,3.52,39,235,16.6,56,231,75.76,3,8,8.7,9.3,2153,8.3,2681,0.892,1,0,0,0,0,0,0,0,0,0,0
Vancouver Canucks,San Jose Sharks,7.0,28.6,82,50,23,9,109,0.665,279,221,0.0,2.0,0.64,-0.04,3.4,2.7,58,257,22.57,53,254,79.13,7,7,9.6,9.7,2328,12.0,2343,0.906,7,1,18910,9.847446161652503,1,32.0,27.7,82,19,54,9,47,0.287,180,326,1.0,5.0,-1.78,0.05,2.2,3.98,42,208,20.19,62,252,75.4,3,8,9.5,8.2,2069,8.7,2881,0.887,2,0,0,0,0,0,0,0,0,0,1
Colorado Avalanche,New York Rangers,8.0,28.8,82,50,25,7,107,0.652,302,252,2.0,2.0,0.57,-0.05,3.68,3.07,68,278,24.46,53,264,79.92,7,6,8.9,9.7,2705,11.2,2444,0.897,4,0,18007,9.798515850169505,1,1.0,29.1,82,55,23,4,114,0.695,278,226,4.0,3.0,0.61,-0.03,3.39,2.76,65,246,26.42,36,232,84.48,8,6,9.4,10.4,2582,10.8,2418,0.907,6,0,1,0,0,0,0,0,0,0,0
Colorado Avalanche,Dallas Stars,8.0,28.8,82,50,25,7,107,0.652,302,252,2.0,2.0,0.57,-0.05,3.68,3.07,68,278,24.46,53,264,79.92,7,6,8.9,9.7,2705,11.2,2444,0.897,4,0,18007,9.798515850169505,1,2.0,29.3,82,52,21,9,113,0.689,294,232,4.0,2.0,0.74,-0.04,3.59,2.83,58,240,24.17,43,239,82.01,12,4,6.8,7.5,2588,11.4,2350,0.901,4,0,0,0,0,0,0,0,0,0,1
Colorado Avalanche,Carolina Hurricanes,8.0,28.8,82,50,25,7,107,0.652,302,252,2.0,2.0,0.57,-0.05,3.68,3.07,68,278,24.46,53,264,79.92,7,6,8.9,9.7,2705,11.2,2444,0.897,4,0,18007,9.798515850169505,1,3.0,29.4,82,52,23,7,111,0.677,277,211,2.0,5.0,0.73,-0.04,3.38,2.57,67,249,26.91,35,258,86.43,11,8,8.5,8.0,2733,10.1,2101,0.9,8,0,0,0,0,0,0,0,0,0,0
Colorado Avalanche,Winnipeg Jets,8.0,28.8,82,50,25,7,107,0.652,302,252,2.0,2.0,0.57,-0.05,3.68,3.07,68,278,24.46,53,264,79.92,7,6,8.9,9.7,2705,11.2,2444,0.897,4,0,18007,9.798515850169505,1,4.0,29.4,82,52,24,6,110,0.671,259,198,0.0,1.0,0.69,-0.04,3.16,2.41,45,240,18.75,51,223,77.13,3,5,8.2,8.9,2488,10.4,2429,0.918,8,1,0,0,0,0,0,0,0,0,1
Colorado Avalanche,Florida Panthers,8.0,28.8,82,50,25,7,107,0.652,302,252,2.0,2.0,0.57,-0.05,3.68,3.07,68,278,24.46,53,264,79.92,7,6,8.9,9.7,2705,11.2,2444,0.897,4,0,18007,9.798515850169505,1,5.0,29.5,82,52,24,6,110,0.671,265,198,3.0,2.0,0.81,-0.02,3.23,2.41,63,268,23.51,51,291,82.47,8,9,13.6,13.5,2764,9.6,2279,0.913,8,0,1,0,0,0,0,0,0,0,0
Colorado Avalanche,Boston Bruins,8.0,28.8,82,50,25,7,107,0.652,302,252,2.0,2.0,0.57,-0.05,3.68,3.07,68,278,24.46,53,264,79.92,7,6,8.9,9.7,2705,11.2,2444,0.897,4,0,18007,9.798515850169505,1,6.0,28.6,82,47,20,15,109,0.665,263,221,4.0,3.0,0.53,0.01,3.21,2.7,54,243,22.22,47,268,82.46,7,6,9.5,8.8,2399,11.0,2504,0.912,5,0,1,0,0,0,0,0,0,0,0
Colorado Avalanche,Vancouver Canucks,8.0,28.8,82,50,25,7,107,0.652,302,252,2.0,2.0,0.57,-0.05,3.68,3.07,68,278,24.46,53,264,79.92,7,6,8.9,9.7,2705,11.2,2444,0.897,4,0,18007,9.798515850169505,1,7.0,28.6,82,50,23,9,109,0.665,279,221,0.0,2.0,0.64,-0.04,3.4,2.7,58,257,22.57,53,254,79.13,7,7,9.6,9.7,2328,12.0,2343,0.906,7,1,1,0,0,0,0,0,0,0,0
Colorado Avalanche,Edmonton Oilers,8.0,28.8,82,50,25,7,107,0.652,302,252,2.0,2.0,0.57,-0.05,3.68,3.07,68,278,24.46,53,264,79.92,7,6,8.9,9.7,2705,11.2,2444,0.897,4,0,18007,9.798515850169505,1,9.0,29.4,82,49,27,6,104,0.634,292,236,2.0,1.0,0.65,-0.04,3.56,2.88,64,243,26.34,53,258,79.46,7,5,9.5,8.5,2768,10.5,2307,0.898,4,1,1,0,0,0,0,0,0,0,0
Colorado Avalanche,Toronto Maple Leafs,8.0,28.8,82,50,25,7,107,0.652,302,252,2.0,2.0,0.57,-0.05,3.68,3.07,68,278,24.46,53,264,79.92,7,6,8.9,9.7,2705,11.2,2444,0.897,4,0,18007,9.798515850169505,1,10.0,28.9,82,46,26,10,102,0.622,298,261,5.0,2.0,0.5,0.01,3.63,3.18,57,238,23.95,55,238,76.89,6,9,9.9,10.2,2671,11.2,2446,0.893,5,1,1,0,0,0,0,0,0,0,0
Colorado Avalanche,Nashville Predators,8.0,28.8,82,50,25,7,107,0.652,302,252,2.0,2.0,0.57,-0.05,3.68,3.07,68,278,24.46,53,264,79.92,7,6,8.9,9.7,2705,11.2,2444,0.897,4,0,18007,9.798515850169505,1,11.0,29.5,82,47,30,5,99,0.604,266,248,3.0,0.0,0.23,-0.02,3.24,3.02,58,269,21.56,57,247,76.92,7,5,9.7,9.5,2642,10.1,2507,0.901,4,0,1,0,0,0,0,0,0,0,1
Colorado Avalanche,Los Angeles Kings,8.0,28.8,82,50,25,7,107,0.652,302,252,2.0,2.0,0.57,-0.05,3.68,3.07,68,278,24.46,53,264,79.92,7,6,8.9,9.7,2705,11.2,2444,0.897,4,0,18007,9.798515850169505,1,12.0,29.5,82,44,27,11,99,0.604,254,210,2.0,5.0,0.45,-0.05,3.1,2.56,56,248,22.58,39,253,84.58,11,7,8.7,9.5,2616,9.7,2296,0.909,7,0,0,0,0,0,0,0,0,0,0
Colorado Avalanche,Tampa Bay Lightning,8.0,28.8,82,50,25,7,107,0.652,302,252,2.0,2.0,0.57,-0.05,3.68,3.07,68,278,24.46,53,264,79.92,7,6,8.9,9.7,2705,11.2,2444,0.897,4,0,18007,9.798515850169505,1,13.0,29.1,82,45,29,8,98,0.598,288,267,3.0,1.0,0.28,0.0,3.51,3.26,71,248,28.63,39,234,83.33,5,6,11.0,11.0,2401,12.0,2430,0.89,4,0,1,0,0,0,0,0,0,0,0
Colorado Avalanche,Vegas Golden Knights,8.0,28.8,82,50,25,7,107,0.652,302,252,2.0,2.0,0.57,-0.05,3.68,3.07,68,278,24.46,53,264,79.92,7,6,8.9,9.7,2705,11.2,2444,0.897,4,0,18007,9.798515850169505,1,14.0,29.0,82,45,29,8,98,0.598,263,243,4.0,2.0,0.22,-0.05,3.21,2.96,51,252,20.24,44,213,79.34,9,8,7.4,8.5,2548,10.3,2487,0.902,3,0,0,0,0,0,0,0,0,0,0
Colorado Avalanche,New York Islanders,8.0,28.8,82,50,25,7,107,0.652,302,252,2.0,2.0,0.57,-0.05,3.68,3.07,68,278,24.46,53,264,79.92,7,6,8.9,9.7,2705,11.2,2444,0.897,4,0,18007,9.798515850169505,1,15.0,29.6,82,39,27,16,94,0.573,245,258,1.0,5.0,-0.18,0.03,2.99,3.15,47,231,20.35,63,221,71.49,10,3,7.1,7.4,2470,9.9,2686,0.904,5,0,0,0,0,0,0,0,0,0,0
Colorado Avalanche,St. Louis Blues,8.0,28.8,82,50,25,7,107,0.652,302,252,2.0,2.0,0.57,-0.05,3.68,3.07,68,278,24.46,53,264,79.92,7,6,8.9,9.7,2705,11.2,2444,0.897,4,0,18007,9.798515850169505,1,16.0,29.0,82,43,33,6,92,0.561,234,248,5.0,2.0,-0.14,-0.01,2.85,3.02,45,250,18.0,46,215,78.6,11,7,7.4,8.6,2370,9.9,2636,0.906,4,0,0,0,0,0,0,0,0,0,1
Colorado Avalanche,Washington Capitals,8.0,28.8,82,50,25,7,107,0.652,302,252,2.0,2.0,0.57,-0.05,3.68,3.07,68,278,24.46,53,264,79.92,7,6,8.9,9.7,2705,11.2,2444,0.897,4,0,18007,9.798515850169505,1,17.0,30.0,82,40,31,11,91,0.555,216,252,4.0,5.0,-0.41,0.04,2.63,3.07,47,228,20.61,49,233,78.97,3,5,7.7,7.4,2172,9.9,2503,0.899,7,0,0,0,0,0,0,0,0,0,0
Colorado Avalanche,Detroit Red Wings,8.0,28.8,82,50,25,7,107,0.652,302,252,2.0,2.0,0.57,-0.05,3.68,3.07,68,278,24.46,53,264,79.92,7,6,8.9,9.7,2705,11.2,2444,0.897,4,0,18007,9.798515850169505,1,18.0,29.3,82,41,32,9,91,0.555,275,273,3.0,1.0,0.06,0.02,3.35,3.33,63,273,23.08,49,240,79.58,7,10,8.7,9.9,2375,11.6,2657,0.897,4,0,0,0,0,0,0,0,0,0,0
Colorado Avalanche,Pittsburgh Penguins,8.0,28.8,82,50,25,7,107,0.652,302,252,2.0,2.0,0.57,-0.05,3.68,3.07,68,278,24.46,53,264,79.92,7,6,8.9,9.7,2705,11.2,2444,0.897,4,0,18007,9.798515850169505,1,19.0,31.3,82,38,32,12,88,0.537,253,248,2.0,3.0,0.05,0.0,3.09,3.02,40,262,15.27,47,243,80.66,5,12,7.4,7.9,2685,9.4,2479,0.9,8,0,1,0,0,0,0,0,0,0,0
Colorado Avalanche,Minnesota Wild,8.0,28.8,82,50,25,7,107,0.652,302,252,2.0,2.0,0.57,-0.05,3.68,3.07,68,278,24.46,53,264,79.92,7,6,8.9,9.7,2705,11.2,2444,0.897,4,0,18007,9.798515850169505,1,20.0,29.3,82,39,34,9,87,0.53,248,260,3.0,3.0,-0.14,0.01,3.02,3.17,62,273,22.71,67,263,74.52,3,11,11.4,11.3,2471,10.0,2437,0.893,6,0,1,0,0,0,0,0,0,0,1
Colorado Avalanche,Philadelphia Flyers,8.0,28.8,82,50,25,7,107,0.652,302,252,2.0,2.0,0.57,-0.05,3.68,3.07,68,278,24.46,53,264,79.92,7,6,8.9,9.7,2705,11.2,2444,0.897,4,0,18007,9.798515850169505,1,21.0,27.1,82,38,33,11,87,0.53,231,258,4.0,3.0,-0.29,0.03,2.82,3.15,31,254,12.2,40,241,83.4,16,4,10.1,9.7,2708,8.5,2225,0.884,5,0,0,0,0,0,0,0,0,0,0
Colorado Avalanche,Buffalo Sabres,8.0,28.8,82,50,25,7,107,0.652,302,252,2.0,2.0,0.57,-0.05,3.68,3.07,68,278,24.46,53,264,79.92,7,6,8.9,9.7,2705,11.2,2444,0.897,4,0,18007,9.798515850169505,1,22.0,25.7,82,39,37,6,84,0.512,244,243,2.0,1.0,0.03,0.01,2.98,2.96,37,223,16.59,49,243,79.84,7,10,9.8,9.2,2534,9.6,2402,0.899,5,0,0,0,0,0,0,0,0,0,0
Colorado Avalanche,New Jersey Devils,8.0,28.8,82,50,25,7,107,0.652,302,252,2.0,2.0,0.57,-0.05,3.68,3.07,68,278,24.46,53,264,79.92,7,6,8.9,9.7,2705,11.2,2444,0.897,4,0,18007,9.798515850169505,1,23.0,26.8,82,38,39,5,81,0.494,264,281,0.0,2.0,-0.22,0.01,3.22,3.43,55,245,22.45,47,243,80.66,3,9,9.1,9.6,2516,10.5,2458,0.886,1,0,0,0,0,0,0,0,0,0,0
Colorado Avalanche,Seattle Kraken,8.0,28.8,82,50,25,7,107,0.652,302,252,2.0,2.0,0.57,-0.05,3.68,3.07,68,278,24.46,53,264,79.92,7,6,8.9,9.7,2705,11.2,2444,0.897,4,0,18007,9.798515850169505,1,24.0,29.4,82,34,35,13,81,0.494,214,232,3.0,4.0,-0.26,-0.03,2.61,2.83,50,242,20.66,47,222,78.83,6,9,8.0,8.1,2347,9.1,2391,0.903,5,0,0,0,0,0,0,0,0,0,0
Colorado Avalanche,Calgary Flames,8.0,28.8,82,50,25,7,107,0.652,302,252,2.0,2.0,0.57,-0.05,3.68,3.07,68,278,24.46,53,264,79.92,7,6,8.9,9.7,2705,11.2,2444,0.897,4,0,18007,9.798515850169505,1,25.0,29.2,82,38,39,5,81,0.494,253,267,0.0,4.0,-0.2,0.02,3.09,3.26,45,252,17.86,47,245,80.82,11,11,9.4,9.2,2572,9.8,2438,0.89,2,1,0,0,0,0,0,0,0,0,0
Colorado Avalanche,Ottawa Senators,8.0,28.8,82,50,25,7,107,0.652,302,252,2.0,2.0,0.57,-0.05,3.68,3.07,68,278,24.46,53,264,79.92,7,6,8.9,9.7,2705,11.2,2444,0.897,4,0,18007,9.798515850169505,1,26.0,27.0,82,37,41,4,78,0.476,250,281,5.0,0.0,-0.28,0.04,3.05,3.43,51,283,18.02,61,245,75.1,7,6,10.4,11.1,2602,9.6,2432,0.884,2,1,0,0,0,0,0,0,0,0,0
Colorado Avalanche,Montreal Canadiens,8.0,28.8,82,50,25,7,107,0.652,302,252,2.0,2.0,0.57,-0.05,3.68,3.07,68,278,24.46,53,264,79.92,7,6,8.9,9.7,2705,11.2,2444,0.897,4,0,18007,9.798515850169505,1,28.0,26.7,82,30,36,16,76,0.463,232,281,4.0,8.0,-0.59,0.05,2.83,3.43,44,252,17.46,65,277,76.53,7,12,10.2,10.0,2269,10.2,2738,0.897,2,1,0,0,0,0,0,0,0,0,0
Colorado Avalanche,Columbus Blue Jackets,8.0,28.8,82,50,25,7,107,0.652,302,252,2.0,2.0,0.57,-0.05,3.68,3.07,68,278,24.46,53,264,79.92,7,6,8.9,9.7,2705,11.2,2444,0.897,4,0,18007,9.798515850169505,1,29.0,26.8,82,27,43,12,66,0.402,234,298,3.0,2.0,-0.72,0.05,2.85,3.63,32,212,15.09,56,236,76.27,5,6,8.2,7.6,2458,9.5,2822,0.894,1,0,0,0,0,0,0,0,0,0,0
Colorado Avalanche,Anaheim Ducks,8.0,28.8,82,50,25,7,107,0.652,302,252,2.0,2.0,0.57,-0.05,3.68,3.07,68,278,24.46,53,264,79.92,7,6,8.9,9.7,2705,11.2,2444,0.897,4,0,18007,9.798515850169505,1,30.0,27.7,82,27,50,5,59,0.36,203,293,1.0,2.0,-1.09,0.02,2.48,3.57,43,235,18.3,91,330,72.42,12,5,13.5,10.9,2194,9.3,2666,0.89,1,0,0,0,0,0,0,0,0,0,0
Colorado Avalanche,Chicago Blackhawks,8.0,28.8,82,50,25,7,107,0.652,302,252,2.0,2.0,0.57,-0.05,3.68,3.07,68,278,24.46,53,264,79.92,7,6,8.9,9.7,2705,11.2,2444,0.897,4,0,18007,9.798515850169505,1,31.0,27.4,82,23,53,6,52,0.317,178,289,1.0,1.0,-1.29,0.06,2.17,3.52,39,235,16.6,56,231,75.76,3,8,8.7,9.3,2153,8.3,2681,0.892,1,0,0,0,0,0,0,0,0,0,1
Colorado Avalanche,San Jose Sharks,8.0,28.8,82,50,25,7,107,0.652,302,252,2.0,2.0,0.57,-0.05,3.68,3.07,68,278,24.46,53,264,79.92,7,6,8.9,9.7,2705,11.2,2444,0.897,4,0,18007,9.798515850169505,1,32.0,27.7,82,19,54,9,47,0.287,180,326,1.0,5.0,-1.78,0.05,2.2,3.98,42,208,20.19,62,252,75.4,3,8,9.5,8.2,2069,8.7,2881,0.887,2,0,0,0,0,0,0,0,0,0,0
Edmonton Oilers,New York Rangers,9.0,29.4,82,49,27,6,104,0.634,292,236,2.0,1.0,0.65,-0.04,3.56,2.88,64,243,26.34,53,258,79.46,7,5,9.5,8.5,2768,10.5,2307,0.898,4,1,18347,9.81722135237872,1,1.0,29.1,82,55,23,4,114,0.695,278,226,4.0,3.0,0.61,-0.03,3.39,2.76,65,246,26.42,36,232,84.48,8,6,9.4,10.4,2582,10.8,2418,0.907,6,0,1,0,0,0,0,0,0,0,0
Edmonton Oilers,Dallas Stars,9.0,29.4,82,49,27,6,104,0.634,292,236,2.0,1.0,0.65,-0.04,3.56,2.88,64,243,26.34,53,258,79.46,7,5,9.5,8.5,2768,10.5,2307,0.898,4,1,18347,9.81722135237872,1,2.0,29.3,82,52,21,9,113,0.689,294,232,4.0,2.0,0.74,-0.04,3.59,2.83,58,240,24.17,43,239,82.01,12,4,6.8,7.5,2588,11.4,2350,0.901,4,0,0,0,0,0,0,0,0,0,0
Edmonton Oilers,Carolina Hurricanes,9.0,29.4,82,49,27,6,104,0.634,292,236,2.0,1.0,0.65,-0.04,3.56,2.88,64,243,26.34,53,258,79.46,7,5,9.5,8.5,2768,10.5,2307,0.898,4,1,18347,9.81722135237872,1,3.0,29.4,82,52,23,7,111,0.677,277,211,2.0,5.0,0.73,-0.04,3.38,2.57,67,249,26.91,35,258,86.43,11,8,8.5,8.0,2733,10.1,2101,0.9,8,0,0,0,0,0,0,0,0,0,0
Edmonton Oilers,Winnipeg Jets,9.0,29.4,82,49,27,6,104,0.634,292,236,2.0,1.0,0.65,-0.04,3.56,2.88,64,243,26.34,53,258,79.46,7,5,9.5,8.5,2768,10.5,2307,0.898,4,1,18347,9.81722135237872,1,4.0,29.4,82,52,24,6,110,0.671,259,198,0.0,1.0,0.69,-0.04,3.16,2.41,45,240,18.75,51,223,77.13,3,5,8.2,8.9,2488,10.4,2429,0.918,8,1,0,0,0,0,0,0,0,0,0
Edmonton Oilers,Florida Panthers,9.0,29.4,82,49,27,6,104,0.634,292,236,2.0,1.0,0.65,-0.04,3.56,2.88,64,243,26.34,53,258,79.46,7,5,9.5,8.5,2768,10.5,2307,0.898,4,1,18347,9.81722135237872,1,5.0,29.5,82,52,24,6,110,0.671,265,198,3.0,2.0,0.81,-0.02,3.23,2.41,63,268,23.51,51,291,82.47,8,9,13.6,13.5,2764,9.6,2279,0.913,8,0,1,0,0,0,0,0,0,0,0
Edmonton Oilers,Boston Bruins,9.0,29.4,82,49,27,6,104,0.634,292,236,2.0,1.0,0.65,-0.04,3.56,2.88,64,243,26.34,53,258,79.46,7,5,9.5,8.5,2768,10.5,2307,0.898,4,1,18347,9.81722135237872,1,6.0,28.6,82,47,20,15,109,0.665,263,221,4.0,3.0,0.53,0.01,3.21,2.7,54,243,22.22,47,268,82.46,7,6,9.5,8.8,2399,11.0,2504,0.912,5,0,1,0,0,0,0,0,0,0,0
Edmonton Oilers,Vancouver Canucks,9.0,29.4,82,49,27,6,104,0.634,292,236,2.0,1.0,0.65,-0.04,3.56,2.88,64,243,26.34,53,258,79.46,7,5,9.5,8.5,2768,10.5,2307,0.898,4,1,18347,9.81722135237872,1,7.0,28.6,82,50,23,9,109,0.665,279,221,0.0,2.0,0.64,-0.04,3.4,2.7,58,257,22.57,53,254,79.13,7,7,9.6,9.7,2328,12.0,2343,0.906,7,1,1,0,0,0,0,0,0,0,1
Edmonton Oilers,Colorado Avalanche,9.0,29.4,82,49,27,6,104,0.634,292,236,2.0,1.0,0.65,-0.04,3.56,2.88,64,243,26.34,53,258,79.46,7,5,9.5,8.5,2768,10.5,2307,0.898,4,1,18347,9.81722135237872,1,8.0,28.8,82,50,25,7,107,0.652,302,252,2.0,2.0,0.57,-0.05,3.68,3.07,68,278,24.46,53,264,79.92,7,6,8.9,9.7,2705,11.2,2444,0.897,4,0,1,0,0,0,0,0,0,0,0
Edmonton Oilers,Toronto Maple Leafs,9.0,29.4,82,49,27,6,104,0.634,292,236,2.0,1.0,0.65,-0.04,3.56,2.88,64,243,26.34,53,258,79.46,7,5,9.5,8.5,2768,10.5,2307,0.898,4,1,18347,9.81722135237872,1,10.0,28.9,82,46,26,10,102,0.622,298,261,5.0,2.0,0.5,0.01,3.63,3.18,57,238,23.95,55,238,76.89,6,9,9.9,10.2,2671,11.2,2446,0.893,5,1,1,0,0,0,0,0,0,0,0
Edmonton Oilers,Nashville Predators,9.0,29.4,82,49,27,6,104,0.634,292,236,2.0,1.0,0.65,-0.04,3.56,2.88,64,243,26.34,53,258,79.46,7,5,9.5,8.5,2768,10.5,2307,0.898,4,1,18347,9.81722135237872,1,11.0,29.5,82,47,30,5,99,0.604,266,248,3.0,0.0,0.23,-0.02,3.24,3.02,58,269,21.56,57,247,76.92,7,5,9.7,9.5,2642,10.1,2507,0.901,4,0,1,0,0,0,0,0,0,0,0
Edmonton Oilers,Los Angeles Kings,9.0,29.4,82,49,27,6,104,0.634,292,236,2.0,1.0,0.65,-0.04,3.56,2.88,64,243,26.34,53,258,79.46,7,5,9.5,8.5,2768,10.5,2307,0.898,4,1,18347,9.81722135237872,1,12.0,29.5,82,44,27,11,99,0.604,254,210,2.0,5.0,0.45,-0.05,3.1,2.56,56,248,22.58,39,253,84.58,11,7,8.7,9.5,2616,9.7,2296,0.909,7,0,0,0,0,0,0,0,0,0,1
Edmonton Oilers,Tampa Bay Lightning,9.0,29.4,82,49,27,6,104,0.634,292,236,2.0,1.0,0.65,-0.04,3.56,2.88,64,243,26.34,53,258,79.46,7,5,9.5,8.5,2768,10.5,2307,0.898,4,1,18347,9.81722135237872,1,13.0,29.1,82,45,29,8,98,0.598,288,267,3.0,1.0,0.28,0.0,3.51,3.26,71,248,28.63,39,234,83.33,5,6,11.0,11.0,2401,12.0,2430,0.89,4,0,1,0,0,0,0,0,0,0,0
Edmonton Oilers,Vegas Golden Knights,9.0,29.4,82,49,27,6,104,0.634,292,236,2.0,1.0,0.65,-0.04,3.56,2.88,64,243,26.34,53,258,79.46,7,5,9.5,8.5,2768,10.5,2307,0.898,4,1,18347,9.81722135237872,1,14.0,29.0,82,45,29,8,98,0.598,263,243,4.0,2.0,0.22,-0.05,3.21,2.96,51,252,20.24,44,213,79.34,9,8,7.4,8.5,2548,10.3,2487,0.902,3,0,0,0,0,0,0,0,0,0,1
Edmonton Oilers,New York Islanders,9.0,29.4,82,49,27,6,104,0.634,292,236,2.0,1.0,0.65,-0.04,3.56,2.88,64,243,26.34,53,258,79.46,7,5,9.5,8.5,2768,10.5,2307,0.898,4,1,18347,9.81722135237872,1,15.0,29.6,82,39,27,16,94,0.573,245,258,1.0,5.0,-0.18,0.03,2.99,3.15,47,231,20.35,63,221,71.49,10,3,7.1,7.4,2470,9.9,2686,0.904,5,0,0,0,0,0,0,0,0,0,0
Edmonton Oilers,St. Louis Blues,9.0,29.4,82,49,27,6,104,0.634,292,236,2.0,1.0,0.65,-0.04,3.56,2.88,64,243,26.34,53,258,79.46,7,5,9.5,8.5,2768,10.5,2307,0.898,4,1,18347,9.81722135237872,1,16.0,29.0,82,43,33,6,92,0.561,234,248,5.0,2.0,-0.14,-0.01,2.85,3.02,45,250,18.0,46,215,78.6,11,7,7.4,8.6,2370,9.9,2636,0.906,4,0,0,0,0,0,0,0,0,0,0
Edmonton Oilers,Washington Capitals,9.0,29.4,82,49,27,6,104,0.634,292,236,2.0,1.0,0.65,-0.04,3.56,2.88,64,243,26.34,53,258,79.46,7,5,9.5,8.5,2768,10.5,2307,0.898,4,1,18347,9.81722135237872,1,17.0,30.0,82,40,31,11,91,0.555,216,252,4.0,5.0,-0.41,0.04,2.63,3.07,47,228,20.61,49,233,78.97,3,5,7.7,7.4,2172,9.9,2503,0.899,7,0,0,0,0,0,0,0,0,0,0
Edmonton Oilers,Detroit Red Wings,9.0,29.4,82,49,27,6,104,0.634,292,236,2.0,1.0,0.65,-0.04,3.56,2.88,64,243,26.34,53,258,79.46,7,5,9.5,8.5,2768,10.5,2307,0.898,4,1,18347,9.81722135237872,1,18.0,29.3,82,41,32,9,91,0.555,275,273,3.0,1.0,0.06,0.02,3.35,3.33,63,273,23.08,49,240,79.58,7,10,8.7,9.9,2375,11.6,2657,0.897,4,0,0,0,0,0,0,0,0,0,0
Edmonton Oilers,Pittsburgh Penguins,9.0,29.4,82,49,27,6,104,0.634,292,236,2.0,1.0,0.65,-0.04,3.56,2.88,64,243,26.34,53,258,79.46,7,5,9.5,8.5,2768,10.5,2307,0.898,4,1,18347,9.81722135237872,1,19.0,31.3,82,38,32,12,88,0.537,253,248,2.0,3.0,0.05,0.0,3.09,3.02,40,262,15.27,47,243,80.66,5,12,7.4,7.9,2685,9.4,2479,0.9,8,0,1,0,0,0,0,0,0,0,0
Edmonton Oilers,Minnesota Wild,9.0,29.4,82,49,27,6,104,0.634,292,236,2.0,1.0,0.65,-0.04,3.56,2.88,64,243,26.34,53,258,79.46,7,5,9.5,8.5,2768,10.5,2307,0.898,4,1,18347,9.81722135237872,1,20.0,29.3,82,39,34,9,87,0.53,248,260,3.0,3.0,-0.14,0.01,3.02,3.17,62,273,22.71,67,263,74.52,3,11,11.4,11.3,2471,10.0,2437,0.893,6,0,1,0,0,0,0,0,0,0,0
Edmonton Oilers,Philadelphia Flyers,9.0,29.4,82,49,27,6,104,0.634,292,236,2.0,1.0,0.65,-0.04,3.56,2.88,64,243,26.34,53,258,79.46,7,5,9.5,8.5,2768,10.5,2307,0.898,4,1,18347,9.81722135237872,1,21.0,27.1,82,38,33,11,87,0.53,231,258,4.0,3.0,-0.29,0.03,2.82,3.15,31,254,12.2,40,241,83.4,16,4,10.1,9.7,2708,8.5,2225,0.884,5,0,0,0,0,0,0,0,0,0,0
Edmonton Oilers,Buffalo Sabres,9.0,29.4,82,49,27,6,104,0.634,292,236,2.0,1.0,0.65,-0.04,3.56,2.88,64,243,26.34,53,258,79.46,7,5,9.5,8.5,2768,10.5,2307,0.898,4,1,18347,9.81722135237872,1,22.0,25.7,82,39,37,6,84,0.512,244,243,2.0,1.0,0.03,0.01,2.98,2.96,37,223,16.59,49,243,79.84,7,10,9.8,9.2,2534,9.6,2402,0.899,5,0,0,0,0,0,0,0,0,0,0
Edmonton Oilers,New Jersey Devils,9.0,29.4,82,49,27,6,104,0.634,292,236,2.0,1.0,0.65,-0.04,3.56,2.88,64,243,26.34,53,258,79.46,7,5,9.5,8.5,2768,10.5,2307,0.898,4,1,18347,9.81722135237872,1,23.0,26.8,82,38,39,5,81,0.494,264,281,0.0,2.0,-0.22,0.01,3.22,3.43,55,245,22.45,47,243,80.66,3,9,9.1,9.6,2516,10.5,2458,0.886,1,0,0,0,0,0,0,0,0,0,0
Edmonton Oilers,Seattle Kraken,9.0,29.4,82,49,27,6,104,0.634,292,236,2.0,1.0,0.65,-0.04,3.56,2.88,64,243,26.34,53,258,79.46,7,5,9.5,8.5,2768,10.5,2307,0.898,4,1,18347,9.81722135237872,1,24.0,29.4,82,34,35,13,81,0.494,214,232,3.0,4.0,-0.26,-0.03,2.61,2.83,50,242,20.66,47,222,78.83,6,9,8.0,8.1,2347,9.1,2391,0.903,5,0,0,0,0,0,0,0,0,0,1
Edmonton Oilers,Calgary Flames,9.0,29.4,82,49,27,6,104,0.634,292,236,2.0,1.0,0.65,-0.04,3.56,2.88,64,243,26.34,53,258,79.46,7,5,9.5,8.5,2768,10.5,2307,0.898,4,1,18347,9.81722135237872,1,25.0,29.2,82,38,39,5,81,0.494,253,267,0.0,4.0,-0.2,0.02,3.09,3.26,45,252,17.86,47,245,80.82,11,11,9.4,9.2,2572,9.8,2438,0.89,2,1,0,0,0,0,0,0,0,0,1
Edmonton Oilers,Ottawa Senators,9.0,29.4,82,49,27,6,104,0.634,292,236,2.0,1.0,0.65,-0.04,3.56,2.88,64,243,26.34,53,258,79.46,7,5,9.5,8.5,2768,10.5,2307,0.898,4,1,18347,9.81722135237872,1,26.0,27.0,82,37,41,4,78,0.476,250,281,5.0,0.0,-0.28,0.04,3.05,3.43,51,283,18.02,61,245,75.1,7,6,10.4,11.1,2602,9.6,2432,0.884,2,1,0,0,0,0,0,0,0,0,0
Edmonton Oilers,Montreal Canadiens,9.0,29.4,82,49,27,6,104,0.634,292,236,2.0,1.0,0.65,-0.04,3.56,2.88,64,243,26.34,53,258,79.46,7,5,9.5,8.5,2768,10.5,2307,0.898,4,1,18347,9.81722135237872,1,28.0,26.7,82,30,36,16,76,0.463,232,281,4.0,8.0,-0.59,0.05,2.83,3.43,44,252,17.46,65,277,76.53,7,12,10.2,10.0,2269,10.2,2738,0.897,2,1,0,0,0,0,0,0,0,0,0
Edmonton Oilers,Columbus Blue Jackets,9.0,29.4,82,49,27,6,104,0.634,292,236,2.0,1.0,0.65,-0.04,3.56,2.88,64,243,26.34,53,258,79.46,7,5,9.5,8.5,2768,10.5,2307,0.898,4,1,18347,9.81722135237872,1,29.0,26.8,82,27,43,12,66,0.402,234,298,3.0,2.0,-0.72,0.05,2.85,3.63,32,212,15.09,56,236,76.27,5,6,8.2,7.6,2458,9.5,2822,0.894,1,0,0,0,0,0,0,0,0,0,0
Edmonton Oilers,Anaheim Ducks,9.0,29.4,82,49,27,6,104,0.634,292,236,2.0,1.0,0.65,-0.04,3.56,2.88,64,243,26.34,53,258,79.46,7,5,9.5,8.5,2768,10.5,2307,0.898,4,1,18347,9.81722135237872,1,30.0,27.7,82,27,50,5,59,0.36,203,293,1.0,2.0,-1.09,0.02,2.48,3.57,43,235,18.3,91,330,72.42,12,5,13.5,10.9,2194,9.3,2666,0.89,1,0,0,0,0,0,0,0,0,0,1
Edmonton Oilers,Chicago Blackhawks,9.0,29.4,82,49,27,6,104,0.634,292,236,2.0,1.0,0.65,-0.04,3.56,2.88,64,243,26.34,53,258,79.46,7,5,9.5,8.5,2768,10.5,2307,0.898,4,1,18347,9.81722135237872,1,31.0,27.4,82,23,53,6,52,0.317,178,289,1.0,1.0,-1.29,0.06,2.17,3.52,39,235,16.6,56,231,75.76,3,8,8.7,9.3,2153,8.3,2681,0.892,1,0,0,0,0,0,0,0,0,0,0
Edmonton Oilers,San Jose Sharks,9.0,29.4,82,49,27,6,104,0.634,292,236,2.0,1.0,0.65,-0.04,3.56,2.88,64,243,26.34,53,258,79.46,7,5,9.5,8.5,2768,10.5,2307,0.898,4,1,18347,9.81722135237872,1,32.0,27.7,82,19,54,9,47,0.287,180,326,1.0,5.0,-1.78,0.05,2.2,3.98,42,208,20.19,62,252,75.4,3,8,9.5,8.2,2069,8.7,2881,0.887,2,0,0,0,0,0,0,0,0,0,1
Toronto Maple Leafs,New York Rangers,10.0,28.9,82,46,26,10,102,0.622,298,261,5.0,2.0,0.5,0.01,3.63,3.18,57,238,23.95,55,238,76.89,6,9,9.9,10.2,2671,11.2,2446,0.893,5,1,18819,9.842622276764853,1,1.0,29.1,82,55,23,4,114,0.695,278,226,4.0,3.0,0.61,-0.03,3.39,2.76,65,246,26.42,36,232,84.48,8,6,9.4,10.4,2582,10.8,2418,0.907,6,0,1,0,0,0,0,0,0,0,0
Toronto Maple Leafs,Dallas Stars,10.0,28.9,82,46,26,10,102,0.622,298,261,5.0,2.0,0.5,0.01,3.63,3.18,57,238,23.95,55,238,76.89,6,9,9.9,10.2,2671,11.2,2446,0.893,5,1,18819,9.842622276764853,1,2.0,29.3,82,52,21,9,113,0.689,294,232,4.0,2.0,0.74,-0.04,3.59,2.83,58,240,24.17,43,239,82.01,12,4,6.8,7.5,2588,11.4,2350,0.901,4,0,0,0,0,0,0,0,0,0,0
Toronto Maple Leafs,Carolina Hurricanes,10.0,28.9,82,46,26,10,102,0.622,298,261,5.0,2.0,0.5,0.01,3.63,3.18,57,238,23.95,55,238,76.89,6,9,9.9,10.2,2671,11.2,2446,0.893,5,1,18819,9.842622276764853,1,3.0,29.4,82,52,23,7,111,0.677,277,211,2.0,5.0,0.73,-0.04,3.38,2.57,67,249,26.91,35,258,86.43,11,8,8.5,8.0,2733,10.1,2101,0.9,8,0,0,0,0,0,0,0,0,0,0
Toronto Maple Leafs,Winnipeg Jets,10.0,28.9,82,46,26,10,102,0.622,298,261,5.0,2.0,0.5,0.01,3.63,3.18,57,238,23.95,55,238,76.89,6,9,9.9,10.2,2671,11.2,2446,0.893,5,1,18819,9.842622276764853,1,4.0,29.4,82,52,24,6,110,0.671,259,198,0.0,1.0,0.69,-0.04,3.16,2.41,45,240,18.75,51,223,77.13,3,5,8.2,8.9,2488,10.4,2429,0.918,8,1,0,0,0,0,0,0,0,0,0
Toronto Maple Leafs,Florida Panthers,10.0,28.9,82,46,26,10,102,0.622,298,261,5.0,2.0,0.5,0.01,3.63,3.18,57,238,23.95,55,238,76.89,6,9,9.9,10.2,2671,11.2,2446,0.893,5,1,18819,9.842622276764853,1,5.0,29.5,82,52,24,6,110,0.671,265,198,3.0,2.0,0.81,-0.02,3.23,2.41,63,268,23.51,51,291,82.47,8,9,13.6,13.5,2764,9.6,2279,0.913,8,0,1,0,0,0,0,0,0,0,1
Toronto Maple Leafs,Boston Bruins,10.0,28.9,82,46,26,10,102,0.622,298,261,5.0,2.0,0.5,0.01,3.63,3.18,57,238,23.95,55,238,76.89,6,9,9.9,10.2,2671,11.2,2446,0.893,5,1,18819,9.842622276764853,1,6.0,28.6,82,47,20,15,109,0.665,263,221,4.0,3.0,0.53,0.01,3.21,2.7,54,243,22.22,47,268,82.46,7,6,9.5,8.8,2399,11.0,2504,0.912,5,0,1,0,0,0,0,0,0,0,1
Toronto Maple Leafs,Vancouver Canucks,10.0,28.9,82,46,26,10,102,0.622,298,261,5.0,2.0,0.5,0.01,3.63,3.18,57,238,23.95,55,238,76.89,6,9,9.9,10.2,2671,11.2,2446,0.893,5,1,18819,9.842622276764853,1,7.0,28.6,82,50,23,9,109,0.665,279,221,0.0,2.0,0.64,-0.04,3.4,2.7,58,257,22.57,53,254,79.13,7,7,9.6,9.7,2328,12.0,2343,0.906,7,1,1,0,0,0,0,0,0,0,0
Toronto Maple Leafs,Colorado Avalanche,10.0,28.9,82,46,26,10,102,0.622,298,261,5.0,2.0,0.5,0.01,3.63,3.18,57,238,23.95,55,238,76.89,6,9,9.9,10.2,2671,11.2,2446,0.893,5,1,18819,9.842622276764853,1,8.0,28.8,82,50,25,7,107,0.652,302,252,2.0,2.0,0.57,-0.05,3.68,3.07,68,278,24.46,53,264,79.92,7,6,8.9,9.7,2705,11.2,2444,0.897,4,0,1,0,0,0,0,0,0,0,0
Toronto Maple Leafs,Edmonton Oilers,10.0,28.9,82,46,26,10,102,0.622,298,261,5.0,2.0,0.5,0.01,3.63,3.18,57,238,23.95,55,238,76.89,6,9,9.9,10.2,2671,11.2,2446,0.893,5,1,18819,9.842622276764853,1,9.0,29.4,82,49,27,6,104,0.634,292,236,2.0,1.0,0.65,-0.04,3.56,2.88,64,243,26.34,53,258,79.46,7,5,9.5,8.5,2768,10.5,2307,0.898,4,1,1,0,0,0,0,0,0,0,0
Toronto Maple Leafs,Nashville Predators,10.0,28.9,82,46,26,10,102,0.622,298,261,5.0,2.0,0.5,0.01,3.63,3.18,57,238,23.95,55,238,76.89,6,9,9.9,10.2,2671,11.2,2446,0.893,5,1,18819,9.842622276764853,1,11.0,29.5,82,47,30,5,99,0.604,266,248,3.0,0.0,0.23,-0.02,3.24,3.02,58,269,21.56,57,247,76.92,7,5,9.7,9.5,2642,10.1,2507,0.901,4,0,1,0,0,0,0,0,0,0,0
Toronto Maple Leafs,Los Angeles Kings,10.0,28.9,82,46,26,10,102,0.622,298,261,5.0,2.0,0.5,0.01,3.63,3.18,57,238,23.95,55,238,76.89,6,9,9.9,10.2,2671,11.2,2446,0.893,5,1,18819,9.842622276764853,1,12.0,29.5,82,44,27,11,99,0.604,254,210,2.0,5.0,0.45,-0.05,3.1,2.56,56,248,22.58,39,253,84.58,11,7,8.7,9.5,2616,9.7,2296,0.909,7,0,0,0,0,0,0,0,0,0,0
Toronto Maple Leafs,Tampa Bay Lightning,10.0,28.9,82,46,26,10,102,0.622,298,261,5.0,2.0,0.5,0.01,3.63,3.18,57,238,23.95,55,238,76.89,6,9,9.9,10.2,2671,11.2,2446,0.893,5,1,18819,9.842622276764853,1,13.0,29.1,82,45,29,8,98,0.598,288,267,3.0,1.0,0.28,0.0,3.51,3.26,71,248,28.63,39,234,83.33,5,6,11.0,11.0,2401,12.0,2430,0.89,4,0,1,0,0,0,0,0,0,0,1
Toronto Maple Leafs,Vegas Golden Knights,10.0,28.9,82,46,26,10,102,0.622,298,261,5.0,2.0,0.5,0.01,3.63,3.18,57,238,23.95,55,238,76.89,6,9,9.9,10.2,2671,11.2,2446,0.893,5,1,18819,9.842622276764853,1,14.0,29.0,82,45,29,8,98,0.598,263,243,4.0,2.0,0.22,-0.05,3.21,2.96,51,252,20.24,44,213,79.34,9,8,7.4,8.5,2548,10.3,2487,0.902,3,0,0,0,0,0,0,0,0,0,0
Toronto Maple Leafs,New York Islanders,10.0,28.9,82,46,26,10,102,0.622,298,261,5.0,2.0,0.5,0.01,3.63,3.18,57,238,23.95,55,238,76.89,6,9,9.9,10.2,2671,11.2,2446,0.893,5,1,18819,9.842622276764853,1,15.0,29.6,82,39,27,16,94,0.573,245,258,1.0,5.0,-0.18,0.03,2.99,3.15,47,231,20.35,63,221,71.49,10,3,7.1,7.4,2470,9.9,2686,0.904,5,0,0,0,0,0,0,0,0,0,0
Toronto Maple Leafs,St. Louis Blues,10.0,28.9,82,46,26,10,102,0.622,298,261,5.0,2.0,0.5,0.01,3.63,3.18,57,238,23.95,55,238,76.89,6,9,9.9,10.2,2671,11.2,2446,0.893,5,1,18819,9.842622276764853,1,16.0,29.0,82,43,33,6,92,0.561,234,248,5.0,2.0,-0.14,-0.01,2.85,3.02,45,250,18.0,46,215,78.6,11,7,7.4,8.6,2370,9.9,2636,0.906,4,0,0,0,0,0,0,0,0,0,0
Toronto Maple Leafs,Washington Capitals,10.0,28.9,82,46,26,10,102,0.622,298,261,5.0,2.0,0.5,0.01,3.63,3.18,57,238,23.95,55,238,76.89,6,9,9.9,10.2,2671,11.2,2446,0.893,5,1,18819,9.842622276764853,1,17.0,30.0,82,40,31,11,91,0.555,216,252,4.0,5.0,-0.41,0.04,2.63,3.07,47,228,20.61,49,233,78.97,3,5,7.7,7.4,2172,9.9,2503,0.899,7,0,0,0,0,0,0,0,0,0,0
Toronto Maple Leafs,Detroit Red Wings,10.0,28.9,82,46,26,10,102,0.622,298,261,5.0,2.0,0.5,0.01,3.63,3.18,57,238,23.95,55,238,76.89,6,9,9.9,10.2,2671,11.2,2446,0.893,5,1,18819,9.842622276764853,1,18.0,29.3,82,41,32,9,91,0.555,275,273,3.0,1.0,0.06,0.02,3.35,3.33,63,273,23.08,49,240,79.58,7,10,8.7,9.9,2375,11.6,2657,0.897,4,0,0,0,0,0,0,0,0,0,1
Toronto Maple Leafs,Pittsburgh Penguins,10.0,28.9,82,46,26,10,102,0.622,298,261,5.0,2.0,0.5,0.01,3.63,3.18,57,238,23.95,55,238,76.89,6,9,9.9,10.2,2671,11.2,2446,0.893,5,1,18819,9.842622276764853,1,19.0,31.3,82,38,32,12,88,0.537,253,248,2.0,3.0,0.05,0.0,3.09,3.02,40,262,15.27,47,243,80.66,5,12,7.4,7.9,2685,9.4,2479,0.9,8,0,1,0,0,0,0,0,0,0,0
Toronto Maple Leafs,Minnesota Wild,10.0,28.9,82,46,26,10,102,0.622,298,261,5.0,2.0,0.5,0.01,3.63,3.18,57,238,23.95,55,238,76.89,6,9,9.9,10.2,2671,11.2,2446,0.893,5,1,18819,9.842622276764853,1,20.0,29.3,82,39,34,9,87,0.53,248,260,3.0,3.0,-0.14,0.01,3.02,3.17,62,273,22.71,67,263,74.52,3,11,11.4,11.3,2471,10.0,2437,0.893,6,0,1,0,0,0,0,0,0,0,0
Toronto Maple Leafs,Philadelphia Flyers,10.0,28.9,82,46,26,10,102,0.622,298,261,5.0,2.0,0.5,0.01,3.63,3.18,57,238,23.95,55,238,76.89,6,9,9.9,10.2,2671,11.2,2446,0.893,5,1,18819,9.842622276764853,1,21.0,27.1,82,38,33,11,87,0.53,231,258,4.0,3.0,-0.29,0.03,2.82,3.15,31,254,12.2,40,241,83.4,16,4,10.1,9.7,2708,8.5,2225,0.884,5,0,0,0,0,0,0,0,0,0,0
Toronto Maple Leafs,Buffalo Sabres,10.0,28.9,82,46,26,10,102,0.622,298,261,5.0,2.0,0.5,0.01,3.63,3.18,57,238,23.95,55,238,76.89,6,9,9.9,10.2,2671,11.2,2446,0.893,5,1,18819,9.842622276764853,1,22.0,25.7,82,39,37,6,84,0.512,244,243,2.0,1.0,0.03,0.01,2.98,2.96,37,223,16.59,49,243,79.84,7,10,9.8,9.2,2534,9.6,2402,0.899,5,0,0,0,0,0,0,0,0,0,1
Toronto Maple Leafs,New Jersey Devils,10.0,28.9,82,46,26,10,102,0.622,298,261,5.0,2.0,0.5,0.01,3.63,3.18,57,238,23.95,55,238,76.89,6,9,9.9,10.2,2671,11.2,2446,0.893,5,1,18819,9.842622276764853,1,23.0,26.8,82,38,39,5,81,0.494,264,281,0.0,2.0,-0.22,0.01,3.22,3.43,55,245,22.45,47,243,80.66,3,9,9.1,9.6,2516,10.5,2458,0.886,1,0,0,0,0,0,0,0,0,0,0
Toronto Maple Leafs,Seattle Kraken,10.0,28.9,82,46,26,10,102,0.622,298,261,5.0,2.0,0.5,0.01,3.63,3.18,57,238,23.95,55,238,76.89,6,9,9.9,10.2,2671,11.2,2446,0.893,5,1,18819,9.842622276764853,1,24.0,29.4,82,34,35,13,81,0.494,214,232,3.0,4.0,-0.26,-0.03,2.61,2.83,50,242,20.66,47,222,78.83,6,9,8.0,8.1,2347,9.1,2391,0.903,5,0,0,0,0,0,0,0,0,0,0
Toronto Maple Leafs,Calgary Flames,10.0,28.9,82,46,26,10,102,0.622,298,261,5.0,2.0,0.5,0.01,3.63,3.18,57,238,23.95,55,238,76.89,6,9,9.9,10.2,2671,11.2,2446,0.893,5,1,18819,9.842622276764853,1,25.0,29.2,82,38,39,5,81,0.494,253,267,0.0,4.0,-0.2,0.02,3.09,3.26,45,252,17.86,47,245,80.82,11,11,9.4,9.2,2572,9.8,2438,0.89,2,1,0,0,0,0,0,0,0,0,0
Toronto Maple Leafs,Ottawa Senators,10.0,28.9,82,46,26,10,102,0.622,298,261,5.0,2.0,0.5,0.01,3.63,3.18,57,238,23.95,55,238,76.89,6,9,9.9,10.2,2671,11.2,2446,0.893,5,1,18819,9.842622276764853,1,26.0,27.0,82,37,41,4,78,0.476,250,281,5.0,0.0,-0.28,0.04,3.05,3.43,51,283,18.02,61,245,75.1,7,6,10.4,11.1,2602,9.6,2432,0.884,2,1,0,0,0,0,0,0,0,0,1
Toronto Maple Leafs,Montreal Canadiens,10.0,28.9,82,46,26,10,102,0.622,298,261,5.0,2.0,0.5,0.01,3.63,3.18,57,238,23.95,55,238,76.89,6,9,9.9,10.2,2671,11.2,2446,0.893,5,1,18819,9.842622276764853,1,28.0,26.7,82,30,36,16,76,0.463,232,281,4.0,8.0,-0.59,0.05,2.83,3.43,44,252,17.46,65,277,76.53,7,12,10.2,10.0,2269,10.2,2738,0.897,2,1,0,0,0,0,0,0,0,0,1
Toronto Maple Leafs,Columbus Blue Jackets,10.0,28.9,82,46,26,10,102,0.622,298,261,5.0,2.0,0.5,0.01,3.63,3.18,57,238,23.95,55,238,76.89,6,9,9.9,10.2,2671,11.2,2446,0.893,5,1,18819,9.842622276764853,1,29.0,26.8,82,27,43,12,66,0.402,234,298,3.0,2.0,-0.72,0.05,2.85,3.63,32,212,15.09,56,236,76.27,5,6,8.2,7.6,2458,9.5,2822,0.894,1,0,0,0,0,0,0,0,0,0,0
Toronto Maple Leafs,Anaheim Ducks,10.0,28.9,82,46,26,10,102,0.622,298,261,5.0,2.0,0.5,0.01,3.63,3.18,57,238,23.95,55,238,76.89,6,9,9.9,10.2,2671,11.2,2446,0.893,5,1,18819,9.842622276764853,1,30.0,27.7,82,27,50,5,59,0.36,203,293,1.0,2.0,-1.09,0.02,2.48,3.57,43,235,18.3,91,330,72.42,12,5,13.5,10.9,2194,9.3,2666,0.89,1,0,0,0,0,0,0,0,0,0,0
Toronto Maple Leafs,Chicago Blackhawks,10.0,28.9,82,46,26,10,102,0.622,298,261,5.0,2.0,0.5,0.01,3.63,3.18,57,238,23.95,55,238,76.89,6,9,9.9,10.2,2671,11.2,2446,0.893,5,1,18819,9.842622276764853,1,31.0,27.4,82,23,53,6,52,0.317,178,289,1.0,1.0,-1.29,0.06,2.17,3.52,39,235,16.6,56,231,75.76,3,8,8.7,9.3,2153,8.3,2681,0.892,1,0,0,0,0,0,0,0,0,0,0
Toronto Maple Leafs,San Jose Sharks,10.0,28.9,82,46,26,10,102,0.622,298,261,5.0,2.0,0.5,0.01,3.63,3.18,57,238,23.95,55,238,76.89,6,9,9.9,10.2,2671,11.2,2446,0.893,5,1,18819,9.842622276764853,1,32.0,27.7,82,19,54,9,47,0.287,180,326,1.0,5.0,-1.78,0.05,2.2,3.98,42,208,20.19,62,252,75.4,3,8,9.5,8.2,2069,8.7,2881,0.887,2,0,0,0,0,0,0,0,0,0,0
Nashville Predators,New York Rangers,11.0,29.5,82,47,30,5,99,0.604,266,248,3.0,0.0,0.23,-0.02,3.24,3.02,58,269,21.56,57,247,76.92,7,5,9.7,9.5,2642,10.1,2507,0.901,4,0,17113,9.747593687577451,1,1.0,29.1,82,55,23,4,114,0.695,278,226,4.0,3.0,0.61,-0.03,3.39,2.76,65,246,26.42,36,232,84.48,8,6,9.4,10.4,2582,10.8,2418,0.907,6,0,1,0,0,0,0,0,0,0,0
Nashville Predators,Dallas Stars,11.0,29.5,82,47,30,5,99,0.604,266,248,3.0,0.0,0.23,-0.02,3.24,3.02,58,269,21.56,57,247,76.92,7,5,9.7,9.5,2642,10.1,2507,0.901,4,0,17113,9.747593687577451,1,2.0,29.3,82,52,21,9,113,0.689,294,232,4.0,2.0,0.74,-0.04,3.59,2.83,58,240,24.17,43,239,82.01,12,4,6.8,7.5,2588,11.4,2350,0.901,4,0,0,0,0,0,0,0,0,0,1
Nashville Predators,Carolina Hurricanes,11.0,29.5,82,47,30,5,99,0.604,266,248,3.0,0.0,0.23,-0.02,3.24,3.02,58,269,21.56,57,247,76.92,7,5,9.7,9.5,2642,10.1,2507,0.901,4,0,17113,9.747593687577451,1,3.0,29.4,82,52,23,7,111,0.677,277,211,2.0,5.0,0.73,-0.04,3.38,2.57,67,249,26.91,35,258,86.43,11,8,8.5,8.0,2733,10.1,2101,0.9,8,0,0,0,0,0,0,0,0,0,0
Nashville Predators,Winnipeg Jets,11.0,29.5,82,47,30,5,99,0.604,266,248,3.0,0.0,0.23,-0.02,3.24,3.02,58,269,21.56,57,247,76.92,7,5,9.7,9.5,2642,10.1,2507,0.901,4,0,17113,9.747593687577451,1,4.0,29.4,82,52,24,6,110,0.671,259,198,0.0,1.0,0.69,-0.04,3.16,2.41,45,240,18.75,51,223,77.13,3,5,8.2,8.9,2488,10.4,2429,0.918,8,1,0,0,0,0,0,0,0,0,1
Nashville Predators,Florida Panthers,11.0,29.5,82,47,30,5,99,0.604,266,248,3.0,0.0,0.23,-0.02,3.24,3.02,58,269,21.56,57,247,76.92,7,5,9.7,9.5,2642,10.1,2507,0.901,4,0,17113,9.747593687577451,1,5.0,29.5,82,52,24,6,110,0.671,265,198,3.0,2.0,0.81,-0.02,3.23,2.41,63,268,23.51,51,291,82.47,8,9,13.6,13.5,2764,9.6,2279,0.913,8,0,1,0,0,0,0,0,0,0,0
Nashville Predators,Boston Bruins,11.0,29.5,82,47,30,5,99,0.604,266,248,3.0,0.0,0.23,-0.02,3.24,3.02,58,269,21.56,57,247,76.92,7,5,9.7,9.5,2642,10.1,2507,0.901,4,0,17113,9.747593687577451,1,6.0,28.6,82,47,20,15,109,0.665,263,221,4.0,3.0,0.53,0.01,3.21,2.7,54,243,22.22,47,268,82.46,7,6,9.5,8.8,2399,11.0,2504,0.912,5,0,1,0,0,0,0,0,0,0,0
Nashville Predators,Vancouver Canucks,11.0,29.5,82,47,30,5,99,0.604,266,248,3.0,0.0,0.23,-0.02,3.24,3.02,58,269,21.56,57,247,76.92,7,5,9.7,9.5,2642,10.1,2507,0.901,4,0,17113,9.747593687577451,1,7.0,28.6,82,50,23,9,109,0.665,279,221,0.0,2.0,0.64,-0.04,3.4,2.7,58,257,22.57,53,254,79.13,7,7,9.6,9.7,2328,12.0,2343,0.906,7,1,1,0,0,0,0,0,0,0,0
Nashville Predators,Colorado Avalanche,11.0,29.5,82,47,30,5,99,0.604,266,248,3.0,0.0,0.23,-0.02,3.24,3.02,58,269,21.56,57,247,76.92,7,5,9.7,9.5,2642,10.1,2507,0.901,4,0,17113,9.747593687577451,1,8.0,28.8,82,50,25,7,107,0.652,302,252,2.0,2.0,0.57,-0.05,3.68,3.07,68,278,24.46,53,264,79.92,7,6,8.9,9.7,2705,11.2,2444,0.897,4,0,1,0,0,0,0,0,0,0,1
Nashville Predators,Edmonton Oilers,11.0,29.5,82,47,30,5,99,0.604,266,248,3.0,0.0,0.23,-0.02,3.24,3.02,58,269,21.56,57,247,76.92,7,5,9.7,9.5,2642,10.1,2507,0.901,4,0,17113,9.747593687577451,1,9.0,29.4,82,49,27,6,104,0.634,292,236,2.0,1.0,0.65,-0.04,3.56,2.88,64,243,26.34,53,258,79.46,7,5,9.5,8.5,2768,10.5,2307,0.898,4,1,1,0,0,0,0,0,0,0,0
Nashville Predators,Toronto Maple Leafs,11.0,29.5,82,47,30,5,99,0.604,266,248,3.0,0.0,0.23,-0.02,3.24,3.02,58,269,21.56,57,247,76.92,7,5,9.7,9.5,2642,10.1,2507,0.901,4,0,17113,9.747593687577451,1,10.0,28.9,82,46,26,10,102,0.622,298,261,5.0,2.0,0.5,0.01,3.63,3.18,57,238,23.95,55,238,76.89,6,9,9.9,10.2,2671,11.2,2446,0.893,5,1,1,0,0,0,0,0,0,0,0
Nashville Predators,Los Angeles Kings,11.0,29.5,82,47,30,5,99,0.604,266,248,3.0,0.0,0.23,-0.02,3.24,3.02,58,269,21.56,57,247,76.92,7,5,9.7,9.5,2642,10.1,2507,0.901,4,0,17113,9.747593687577451,1,12.0,29.5,82,44,27,11,99,0.604,254,210,2.0,5.0,0.45,-0.05,3.1,2.56,56,248,22.58,39,253,84.58,11,7,8.7,9.5,2616,9.7,2296,0.909,7,0,0,0,0,0,0,0,0,0,0
Nashville Predators,Tampa Bay Lightning,11.0,29.5,82,47,30,5,99,0.604,266,248,3.0,0.0,0.23,-0.02,3.24,3.02,58,269,21.56,57,247,76.92,7,5,9.7,9.5,2642,10.1,2507,0.901,4,0,17113,9.747593687577451,1,13.0,29.1,82,45,29,8,98,0.598,288,267,3.0,1.0,0.28,0.0,3.51,3.26,71,248,28.63,39,234,83.33,5,6,11.0,11.0,2401,12.0,2430,0.89,4,0,1,0,0,0,0,0,0,0,0
Nashville Predators,Vegas Golden Knights,11.0,29.5,82,47,30,5,99,0.604,266,248,3.0,0.0,0.23,-0.02,3.24,3.02,58,269,21.56,57,247,76.92,7,5,9.7,9.5,2642,10.1,2507,0.901,4,0,17113,9.747593687577451,1,14.0,29.0,82,45,29,8,98,0.598,263,243,4.0,2.0,0.22,-0.05,3.21,2.96,51,252,20.24,44,213,79.34,9,8,7.4,8.5,2548,10.3,2487,0.902,3,0,0,0,0,0,0,0,0,0,0
Nashville Predators,New York Islanders,11.0,29.5,82,47,30,5,99,0.604,266,248,3.0,0.0,0.23,-0.02,3.24,3.02,58,269,21.56,57,247,76.92,7,5,9.7,9.5,2642,10.1,2507,0.901,4,0,17113,9.747593687577451,1,15.0,29.6,82,39,27,16,94,0.573,245,258,1.0,5.0,-0.18,0.03,2.99,3.15,47,231,20.35,63,221,71.49,10,3,7.1,7.4,2470,9.9,2686,0.904,5,0,0,0,0,0,0,0,0,0,0
Nashville Predators,St. Louis Blues,11.0,29.5,82,47,30,5,99,0.604,266,248,3.0,0.0,0.23,-0.02,3.24,3.02,58,269,21.56,57,247,76.92,7,5,9.7,9.5,2642,10.1,2507,0.901,4,0,17113,9.747593687577451,1,16.0,29.0,82,43,33,6,92,0.561,234,248,5.0,2.0,-0.14,-0.01,2.85,3.02,45,250,18.0,46,215,78.6,11,7,7.4,8.6,2370,9.9,2636,0.906,4,0,0,0,0,0,0,0,0,0,1
Nashville Predators,Washington Capitals,11.0,29.5,82,47,30,5,99,0.604,266,248,3.0,0.0,0.23,-0.02,3.24,3.02,58,269,21.56,57,247,76.92,7,5,9.7,9.5,2642,10.1,2507,0.901,4,0,17113,9.747593687577451,1,17.0,30.0,82,40,31,11,91,0.555,216,252,4.0,5.0,-0.41,0.04,2.63,3.07,47,228,20.61,49,233,78.97,3,5,7.7,7.4,2172,9.9,2503,0.899,7,0,0,0,0,0,0,0,0,0,0
Nashville Predators,Detroit Red Wings,11.0,29.5,82,47,30,5,99,0.604,266,248,3.0,0.0,0.23,-0.02,3.24,3.02,58,269,21.56,57,247,76.92,7,5,9.7,9.5,2642,10.1,2507,0.901,4,0,17113,9.747593687577451,1,18.0,29.3,82,41,32,9,91,0.555,275,273,3.0,1.0,0.06,0.02,3.35,3.33,63,273,23.08,49,240,79.58,7,10,8.7,9.9,2375,11.6,2657,0.897,4,0,0,0,0,0,0,0,0,0,0
Nashville Predators,Pittsburgh Penguins,11.0,29.5,82,47,30,5,99,0.604,266,248,3.0,0.0,0.23,-0.02,3.24,3.02,58,269,21.56,57,247,76.92,7,5,9.7,9.5,2642,10.1,2507,0.901,4,0,17113,9.747593687577451,1,19.0,31.3,82,38,32,12,88,0.537,253,248,2.0,3.0,0.05,0.0,3.09,3.02,40,262,15.27,47,243,80.66,5,12,7.4,7.9,2685,9.4,2479,0.9,8,0,1,0,0,0,0,0,0,0,0
Nashville Predators,Minnesota Wild,11.0,29.5,82,47,30,5,99,0.604,266,248,3.0,0.0,0.23,-0.02,3.24,3.02,58,269,21.56,57,247,76.92,7,5,9.7,9.5,2642,10.1,2507,0.901,4,0,17113,9.747593687577451,1,20.0,29.3,82,39,34,9,87,0.53,248,260,3.0,3.0,-0.14,0.01,3.02,3.17,62,273,22.71,67,263,74.52,3,11,11.4,11.3,2471,10.0,2437,0.893,6,0,1,0,0,0,0,0,0,0,1
Nashville Predators,Philadelphia Flyers,11.0,29.5,82,47,30,5,99,0.604,266,248,3.0,0.0,0.23,-0.02,3.24,3.02,58,269,21.56,57,247,76.92,7,5,9.7,9.5,2642,10.1,2507,0.901,4,0,17113,9.747593687577451,1,21.0,27.1,82,38,33,11,87,0.53,231,258,4.0,3.0,-0.29,0.03,2.82,3.15,31,254,12.2,40,241,83.4,16,4,10.1,9.7,2708,8.5,2225,0.884,5,0,0,0,0,0,0,0,0,0,0
Nashville Predators,Buffalo Sabres,11.0,29.5,82,47,30,5,99,0.604,266,248,3.0,0.0,0.23,-0.02,3.24,3.02,58,269,21.56,57,247,76.92,7,5,9.7,9.5,2642,10.1,2507,0.901,4,0,17113,9.747593687577451,1,22.0,25.7,82,39,37,6,84,0.512,244,243,2.0,1.0,0.03,0.01,2.98,2.96,37,223,16.59,49,243,79.84,7,10,9.8,9.2,2534,9.6,2402,0.899,5,0,0,0,0,0,0,0,0,0,0
Nashville Predators,New Jersey Devils,11.0,29.5,82,47,30,5,99,0.604,266,248,3.0,0.0,0.23,-0.02,3.24,3.02,58,269,21.56,57,247,76.92,7,5,9.7,9.5,2642,10.1,2507,0.901,4,0,17113,9.747593687577451,1,23.0,26.8,82,38,39,5,81,0.494,264,281,0.0,2.0,-0.22,0.01,3.22,3.43,55,245,22.45,47,243,80.66,3,9,9.1,9.6,2516,10.5,2458,0.886,1,0,0,0,0,0,0,0,0,0,0
Nashville Predators,Seattle Kraken,11.0,29.5,82,47,30,5,99,0.604,266,248,3.0,0.0,0.23,-0.02,3.24,3.02,58,269,21.56,57,247,76.92,7,5,9.7,9.5,2642,10.1,2507,0.901,4,0,17113,9.747593687577451,1,24.0,29.4,82,34,35,13,81,0.494,214,232,3.0,4.0,-0.26,-0.03,2.61,2.83,50,242,20.66,47,222,78.83,6,9,8.0,8.1,2347,9.1,2391,0.903,5,0,0,0,0,0,0,0,0,0,0
Nashville Predators,Calgary Flames,11.0,29.5,82,47,30,5,99,0.604,266,248,3.0,0.0,0.23,-0.02,3.24,3.02,58,269,21.56,57,247,76.92,7,5,9.7,9.5,2642,10.1,2507,0.901,4,0,17113,9.747593687577451,1,25.0,29.2,82,38,39,5,81,0.494,253,267,0.0,4.0,-0.2,0.02,3.09,3.26,45,252,17.86,47,245,80.82,11,11,9.4,9.2,2572,9.8,2438,0.89,2,1,0,0,0,0,0,0,0,0,0
Nashville Predators,Ottawa Senators,11.0,29.5,82,47,30,5,99,0.604,266,248,3.0,0.0,0.23,-0.02,3.24,3.02,58,269,21.56,57,247,76.92,7,5,9.7,9.5,2642,10.1,2507,0.901,4,0,17113,9.747593687577451,1,26.0,27.0,82,37,41,4,78,0.476,250,281,5.0,0.0,-0.28,0.04,3.05,3.43,51,283,18.02,61,245,75.1,7,6,10.4,11.1,2602,9.6,2432,0.884,2,1,0,0,0,0,0,0,0,0,0
Nashville Predators,Montreal Canadiens,11.0,29.5,82,47,30,5,99,0.604,266,248,3.0,0.0,0.23,-0.02,3.24,3.02,58,269,21.56,57,247,76.92,7,5,9.7,9.5,2642,10.1,2507,0.901,4,0,17113,9.747593687577451,1,28.0,26.7,82,30,36,16,76,0.463,232,281,4.0,8.0,-0.59,0.05,2.83,3.43,44,252,17.46,65,277,76.53,7,12,10.2,10.0,2269,10.2,2738,0.897,2,1,0,0,0,0,0,0,0,0,0
Nashville Predators,Columbus Blue Jackets,11.0,29.5,82,47,30,5,99,0.604,266,248,3.0,0.0,0.23,-0.02,3.24,3.02,58,269,21.56,57,247,76.92,7,5,9.7,9.5,2642,10.1,2507,0.901,4,0,17113,9.747593687577451,1,29.0,26.8,82,27,43,12,66,0.402,234,298,3.0,2.0,-0.72,0.05,2.85,3.63,32,212,15.09,56,236,76.27,5,6,8.2,7.6,2458,9.5,2822,0.894,1,0,0,0,0,0,0,0,0,0,0
Nashville Predators,Anaheim Ducks,11.0,29.5,82,47,30,5,99,0.604,266,248,3.0,0.0,0.23,-0.02,3.24,3.02,58,269,21.56,57,247,76.92,7,5,9.7,9.5,2642,10.1,2507,0.901,4,0,17113,9.747593687577451,1,30.0,27.7,82,27,50,5,59,0.36,203,293,1.0,2.0,-1.09,0.02,2.48,3.57,43,235,18.3,91,330,72.42,12,5,13.5,10.9,2194,9.3,2666,0.89,1,0,0,0,0,0,0,0,0,0,0
Nashville Predators,Chicago Blackhawks,11.0,29.5,82,47,30,5,99,0.604,266,248,3.0,0.0,0.23,-0.02,3.24,3.02,58,269,21.56,57,247,76.92,7,5,9.7,9.5,2642,10.1,2507,0.901,4,0,17113,9.747593687577451,1,31.0,27.4,82,23,53,6,52,0.317,178,289,1.0,1.0,-1.29,0.06,2.17,3.52,39,235,16.6,56,231,75.76,3,8,8.7,9.3,2153,8.3,2681,0.892,1,0,0,0,0,0,0,0,0,0,1
Nashville Predators,San Jose Sharks,11.0,29.5,82,47,30,5,99,0.604,266,248,3.0,0.0,0.23,-0.02,3.24,3.02,58,269,21.56,57,247,76.92,7,5,9.7,9.5,2642,10.1,2507,0.901,4,0,17113,9.747593687577451,1,32.0,27.7,82,19,54,9,47,0.287,180,326,1.0,5.0,-1.78,0.05,2.2,3.98,42,208,20.19,62,252,75.4,3,8,9.5,8.2,2069,8.7,2881,0.887,2,0,0,0,0,0,0,0,0,0,0
Los Angeles Kings,New York Rangers,12.0,29.5,82,44,27,11,99,0.604,254,210,2.0,5.0,0.45,-0.05,3.1,2.56,56,248,22.58,39,253,84.58,11,7,8.7,9.5,2616,9.7,2296,0.909,7,0,18118,9.804661198229233,0,1.0,29.1,82,55,23,4,114,0.695,278,226,4.0,3.0,0.61,-0.03,3.39,2.76,65,246,26.42,36,232,84.48,8,6,9.4,10.4,2582,10.8,2418,0.907,6,0,1,0,0,0,0,0,0,0,0
Los Angeles Kings,Dallas Stars,12.0,29.5,82,44,27,11,99,0.604,254,210,2.0,5.0,0.45,-0.05,3.1,2.56,56,248,22.58,39,253,84.58,11,7,8.7,9.5,2616,9.7,2296,0.909,7,0,18118,9.804661198229233,0,2.0,29.3,82,52,21,9,113,0.689,294,232,4.0,2.0,0.74,-0.04,3.59,2.83,58,240,24.17,43,239,82.01,12,4,6.8,7.5,2588,11.4,2350,0.901,4,0,0,0,0,0,0,0,0,0,0
Los Angeles Kings,Carolina Hurricanes,12.0,29.5,82,44,27,11,99,0.604,254,210,2.0,5.0,0.45,-0.05,3.1,2.56,56,248,22.58,39,253,84.58,11,7,8.7,9.5,2616,9.7,2296,0.909,7,0,18118,9.804661198229233,0,3.0,29.4,82,52,23,7,111,0.677,277,211,2.0,5.0,0.73,-0.04,3.38,2.57,67,249,26.91,35,258,86.43,11,8,8.5,8.0,2733,10.1,2101,0.9,8,0,0,0,0,0,0,0,0,0,0
Los Angeles Kings,Winnipeg Jets,12.0,29.5,82,44,27,11,99,0.604,254,210,2.0,5.0,0.45,-0.05,3.1,2.56,56,248,22.58,39,253,84.58,11,7,8.7,9.5,2616,9.7,2296,0.909,7,0,18118,9.804661198229233,0,4.0,29.4,82,52,24,6,110,0.671,259,198,0.0,1.0,0.69,-0.04,3.16,2.41,45,240,18.75,51,223,77.13,3,5,8.2,8.9,2488,10.4,2429,0.918,8,1,0,0,0,0,0,0,0,0,0
Los Angeles Kings,Florida Panthers,12.0,29.5,82,44,27,11,99,0.604,254,210,2.0,5.0,0.45,-0.05,3.1,2.56,56,248,22.58,39,253,84.58,11,7,8.7,9.5,2616,9.7,2296,0.909,7,0,18118,9.804661198229233,0,5.0,29.5,82,52,24,6,110,0.671,265,198,3.0,2.0,0.81,-0.02,3.23,2.41,63,268,23.51,51,291,82.47,8,9,13.6,13.5,2764,9.6,2279,0.913,8,0,1,0,0,0,0,0,0,0,0
Los Angeles Kings,Boston Bruins,12.0,29.5,82,44,27,11,99,0.604,254,210,2.0,5.0,0.45,-0.05,3.1,2.56,56,248,22.58,39,253,84.58,11,7,8.7,9.5,2616,9.7,2296,0.909,7,0,18118,9.804661198229233,0,6.0,28.6,82,47,20,15,109,0.665,263,221,4.0,3.0,0.53,0.01,3.21,2.7,54,243,22.22,47,268,82.46,7,6,9.5,8.8,2399,11.0,2504,0.912,5,0,1,0,0,0,0,0,0,0,0
Los Angeles Kings,Vancouver Canucks,12.0,29.5,82,44,27,11,99,0.604,254,210,2.0,5.0,0.45,-0.05,3.1,2.56,56,248,22.58,39,253,84.58,11,7,8.7,9.5,2616,9.7,2296,0.909,7,0,18118,9.804661198229233,0,7.0,28.6,82,50,23,9,109,0.665,279,221,0.0,2.0,0.64,-0.04,3.4,2.7,58,257,22.57,53,254,79.13,7,7,9.6,9.7,2328,12.0,2343,0.906,7,1,1,0,0,0,0,0,0,0,1
Los Angeles Kings,Colorado Avalanche,12.0,29.5,82,44,27,11,99,0.604,254,210,2.0,5.0,0.45,-0.05,3.1,2.56,56,248,22.58,39,253,84.58,11,7,8.7,9.5,2616,9.7,2296,0.909,7,0,18118,9.804661198229233,0,8.0,28.8,82,50,25,7,107,0.652,302,252,2.0,2.0,0.57,-0.05,3.68,3.07,68,278,24.46,53,264,79.92,7,6,8.9,9.7,2705,11.2,2444,0.897,4,0,1,0,0,0,0,0,0,0,0
Los Angeles Kings,Edmonton Oilers,12.0,29.5,82,44,27,11,99,0.604,254,210,2.0,5.0,0.45,-0.05,3.1,2.56,56,248,22.58,39,253,84.58,11,7,8.7,9.5,2616,9.7,2296,0.909,7,0,18118,9.804661198229233,0,9.0,29.4,82,49,27,6,104,0.634,292,236,2.0,1.0,0.65,-0.04,3.56,2.88,64,243,26.34,53,258,79.46,7,5,9.5,8.5,2768,10.5,2307,0.898,4,1,1,0,0,0,0,0,0,0,1
Los Angeles Kings,Toronto Maple Leafs,12.0,29.5,82,44,27,11,99,0.604,254,210,2.0,5.0,0.45,-0.05,3.1,2.56,56,248,22.58,39,253,84.58,11,7,8.7,9.5,2616,9.7,2296,0.909,7,0,18118,9.804661198229233,0,10.0,28.9,82,46,26,10,102,0.622,298,261,5.0,2.0,0.5,0.01,3.63,3.18,57,238,23.95,55,238,76.89,6,9,9.9,10.2,2671,11.2,2446,0.893,5,1,1,0,0,0,0,0,0,0,0
Los Angeles Kings,Nashville Predators,12.0,29.5,82,44,27,11,99,0.604,254,210,2.0,5.0,0.45,-0.05,3.1,2.56,56,248,22.58,39,253,84.58,11,7,8.7,9.5,2616,9.7,2296,0.909,7,0,18118,9.804661198229233,0,11.0,29.5,82,47,30,5,99,0.604,266,248,3.0,0.0,0.23,-0.02,3.24,3.02,58,269,21.56,57,247,76.92,7,5,9.7,9.5,2642,10.1,2507,0.901,4,0,1,0,0,0,0,0,0,0,0
Los Angeles Kings,Tampa Bay Lightning,12.0,29.5,82,44,27,11,99,0.604,254,210,2.0,5.0,0.45,-0.05,3.1,2.56,56,248,22.58,39,253,84.58,11,7,8.7,9.5,2616,9.7,2296,0.909,7,0,18118,9.804661198229233,0,13.0,29.1,82,45,29,8,98,0.598,288,267,3.0,1.0,0.28,0.0,3.51,3.26,71,248,28.63,39,234,83.33,5,6,11.0,11.0,2401,12.0,2430,0.89,4,0,1,0,0,0,0,0,0,0,0
Los Angeles Kings,Vegas Golden Knights,12.0,29.5,82,44,27,11,99,0.604,254,210,2.0,5.0,0.45,-0.05,3.1,2.56,56,248,22.58,39,253,84.58,11,7,8.7,9.5,2616,9.7,2296,0.909,7,0,18118,9.804661198229233,0,14.0,29.0,82,45,29,8,98,0.598,263,243,4.0,2.0,0.22,-0.05,3.21,2.96,51,252,20.24,44,213,79.34,9,8,7.4,8.5,2548,10.3,2487,0.902,3,0,0,0,0,0,0,0,0,0,1
Los Angeles Kings,New York Islanders,12.0,29.5,82,44,27,11,99,0.604,254,210,2.0,5.0,0.45,-0.05,3.1,2.56,56,248,22.58,39,253,84.58,11,7,8.7,9.5,2616,9.7,2296,0.909,7,0,18118,9.804661198229233,0,15.0,29.6,82,39,27,16,94,0.573,245,258,1.0,5.0,-0.18,0.03,2.99,3.15,47,231,20.35,63,221,71.49,10,3,7.1,7.4,2470,9.9,2686,0.904,5,0,0,0,0,0,0,0,0,0,0
Los Angeles Kings,St. Louis Blues,12.0,29.5,82,44,27,11,99,0.604,254,210,2.0,5.0,0.45,-0.05,3.1,2.56,56,248,22.58,39,253,84.58,11,7,8.7,9.5,2616,9.7,2296,0.909,7,0,18118,9.804661198229233,0,16.0,29.0,82,43,33,6,92,0.561,234,248,5.0,2.0,-0.14,-0.01,2.85,3.02,45,250,18.0,46,215,78.6,11,7,7.4,8.6,2370,9.9,2636,0.906,4,0,0,0,0,0,0,0,0,0,0
Los Angeles Kings,Washington Capitals,12.0,29.5,82,44,27,11,99,0.604,254,210,2.0,5.0,0.45,-0.05,3.1,2.56,56,248,22.58,39,253,84.58,11,7,8.7,9.5,2616,9.7,2296,0.909,7,0,18118,9.804661198229233,0,17.0,30.0,82,40,31,11,91,0.555,216,252,4.0,5.0,-0.41,0.04,2.63,3.07,47,228,20.61,49,233,78.97,3,5,7.7,7.4,2172,9.9,2503,0.899,7,0,0,0,0,0,0,0,0,0,0
Los Angeles Kings,Detroit Red Wings,12.0,29.5,82,44,27,11,99,0.604,254,210,2.0,5.0,0.45,-0.05,3.1,2.56,56,248,22.58,39,253,84.58,11,7,8.7,9.5,2616,9.7,2296,0.909,7,0,18118,9.804661198229233,0,18.0,29.3,82,41,32,9,91,0.555,275,273,3.0,1.0,0.06,0.02,3.35,3.33,63,273,23.08,49,240,79.58,7,10,8.7,9.9,2375,11.6,2657,0.897,4,0,0,0,0,0,0,0,0,0,0
Los Angeles Kings,Pittsburgh Penguins,12.0,29.5,82,44,27,11,99,0.604,254,210,2.0,5.0,0.45,-0.05,3.1,2.56,56,248,22.58,39,253,84.58,11,7,8.7,9.5,2616,9.7,2296,0.909,7,0,18118,9.804661198229233,0,19.0,31.3,82,38,32,12,88,0.537,253,248,2.0,3.0,0.05,0.0,3.09,3.02,40,262,15.27,47,243,80.66,5,12,7.4,7.9,2685,9.4,2479,0.9,8,0,1,0,0,0,0,0,0,0,0
Los Angeles Kings,Minnesota Wild,12.0,29.5,82,44,27,11,99,0.604,254,210,2.0,5.0,0.45,-0.05,3.1,2.56,56,248,22.58,39,253,84.58,11,7,8.7,9.5,2616,9.7,2296,0.909,7,0,18118,9.804661198229233,0,20.0,29.3,82,39,34,9,87,0.53,248,260,3.0,3.0,-0.14,0.01,3.02,3.17,62,273,22.71,67,263,74.52,3,11,11.4,11.3,2471,10.0,2437,0.893,6,0,1,0,0,0,0,0,0,0,0
Los Angeles Kings,Philadelphia Flyers,12.0,29.5,82,44,27,11,99,0.604,254,210,2.0,5.0,0.45,-0.05,3.1,2.56,56,248,22.58,39,253,84.58,11,7,8.7,9.5,2616,9.7,2296,0.909,7,0,18118,9.804661198229233,0,21.0,27.1,82,38,33,11,87,0.53,231,258,4.0,3.0,-0.29,0.03,2.82,3.15,31,254,12.2,40,241,83.4,16,4,10.1,9.7,2708,8.5,2225,0.884,5,0,0,0,0,0,0,0,0,0,0
Los Angeles Kings,Buffalo Sabres,12.0,29.5,82,44,27,11,99,0.604,254,210,2.0,5.0,0.45,-0.05,3.1,2.56,56,248,22.58,39,253,84.58,11,7,8.7,9.5,2616,9.7,2296,0.909,7,0,18118,9.804661198229233,0,22.0,25.7,82,39,37,6,84,0.512,244,243,2.0,1.0,0.03,0.01,2.98,2.96,37,223,16.59,49,243,79.84,7,10,9.8,9.2,2534,9.6,2402,0.899,5,0,0,0,0,0,0,0,0,0,0
Los Angeles Kings,New Jersey Devils,12.0,29.5,82,44,27,11,99,0.604,254,210,2.0,5.0,0.45,-0.05,3.1,2.56,56,248,22.58,39,253,84.58,11,7,8.7,9.5,2616,9.7,2296,0.909,7,0,18118,9.804661198229233,0,23.0,26.8,82,38,39,5,81,0.494,264,281,0.0,2.0,-0.22,0.01,3.22,3.43,55,245,22.45,47,243,80.66,3,9,9.1,9.6,2516,10.5,2458,0.886,1,0,0,0,0,0,0,0,0,0,0
Los Angeles Kings,Seattle Kraken,12.0,29.5,82,44,27,11,99,0.604,254,210,2.0,5.0,0.45,-0.05,3.1,2.56,56,248,22.58,39,253,84.58,11,7,8.7,9.5,2616,9.7,2296,0.909,7,0,18118,9.804661198229233,0,24.0,29.4,82,34,35,13,81,0.494,214,232,3.0,4.0,-0.26,-0.03,2.61,2.83,50,242,20.66,47,222,78.83,6,9,8.0,8.1,2347,9.1,2391,0.903,5,0,0,0,0,0,0,0,0,0,1
Los Angeles Kings,Calgary Flames,12.0,29.5,82,44,27,11,99,0.604,254,210,2.0,5.0,0.45,-0.05,3.1,2.56,56,248,22.58,39,253,84.58,11,7,8.7,9.5,2616,9.7,2296,0.909,7,0,18118,9.804661198229233,0,25.0,29.2,82,38,39,5,81,0.494,253,267,0.0,4.0,-0.2,0.02,3.09,3.26,45,252,17.86,47,245,80.82,11,11,9.4,9.2,2572,9.8,2438,0.89,2,1,0,0,0,0,0,0,0,0,1
Los Angeles Kings,Ottawa Senators,12.0,29.5,82,44,27,11,99,0.604,254,210,2.0,5.0,0.45,-0.05,3.1,2.56,56,248,22.58,39,253,84.58,11,7,8.7,9.5,2616,9.7,2296,0.909,7,0,18118,9.804661198229233,0,26.0,27.0,82,37,41,4,78,0.476,250,281,5.0,0.0,-0.28,0.04,3.05,3.43,51,283,18.02,61,245,75.1,7,6,10.4,11.1,2602,9.6,2432,0.884,2,1,0,0,0,0,0,0,0,0,0
Los Angeles Kings,Montreal Canadiens,12.0,29.5,82,44,27,11,99,0.604,254,210,2.0,5.0,0.45,-0.05,3.1,2.56,56,248,22.58,39,253,84.58,11,7,8.7,9.5,2616,9.7,2296,0.909,7,0,18118,9.804661198229233,0,28.0,26.7,82,30,36,16,76,0.463,232,281,4.0,8.0,-0.59,0.05,2.83,3.43,44,252,17.46,65,277,76.53,7,12,10.2,10.0,2269,10.2,2738,0.897,2,1,0,0,0,0,0,0,0,0,0
Los Angeles Kings,Columbus Blue Jackets,12.0,29.5,82,44,27,11,99,0.604,254,210,2.0,5.0,0.45,-0.05,3.1,2.56,56,248,22.58,39,253,84.58,11,7,8.7,9.5,2616,9.7,2296,0.909,7,0,18118,9.804661198229233,0,29.0,26.8,82,27,43,12,66,0.402,234,298,3.0,2.0,-0.72,0.05,2.85,3.63,32,212,15.09,56,236,76.27,5,6,8.2,7.6,2458,9.5,2822,0.894,1,0,0,0,0,0,0,0,0,0,0
Los Angeles Kings,Anaheim Ducks,12.0,29.5,82,44,27,11,99,0.604,254,210,2.0,5.0,0.45,-0.05,3.1,2.56,56,248,22.58,39,253,84.58,11,7,8.7,9.5,2616,9.7,2296,0.909,7,0,18118,9.804661198229233,0,30.0,27.7,82,27,50,5,59,0.36,203,293,1.0,2.0,-1.09,0.02,2.48,3.57,43,235,18.3,91,330,72.42,12,5,13.5,10.9,2194,9.3,2666,0.89,1,0,0,0,0,0,0,0,0,0,1
Los Angeles Kings,Chicago Blackhawks,12.0,29.5,82,44,27,11,99,0.604,254,210,2.0,5.0,0.45,-0.05,3.1,2.56,56,248,22.58,39,253,84.58,11,7,8.7,9.5,2616,9.7,2296,0.909,7,0,18118,9.804661198229233,0,31.0,27.4,82,23,53,6,52,0.317,178,289,1.0,1.0,-1.29,0.06,2.17,3.52,39,235,16.6,56,231,75.76,3,8,8.7,9.3,2153,8.3,2681,0.892,1,0,0,0,0,0,0,0,0,0,0
Los Angeles Kings,San Jose Sharks,12.0,29.5,82,44,27,11,99,0.604,254,210,2.0,5.0,0.45,-0.05,3.1,2.56,56,248,22.58,39,253,84.58,11,7,8.7,9.5,2616,9.7,2296,0.909,7,0,18118,9.804661198229233,0,32.0,27.7,82,19,54,9,47,0.287,180,326,1.0,5.0,-1.78,0.05,2.2,3.98,42,208,20.19,62,252,75.4,3,8,9.5,8.2,2069,8.7,2881,0.887,2,0,0,0,0,0,0,0,0,0,1
Tampa Bay Lightning,New York Rangers,13.0,29.1,82,45,29,8,98,0.598,288,267,3.0,1.0,0.28,0.0,3.51,3.26,71,248,28.63,39,234,83.33,5,6,11.0,11.0,2401,12.0,2430,0.89,4,0,19204,9.862873869650832,1,1.0,29.1,82,55,23,4,114,0.695,278,226,4.0,3.0,0.61,-0.03,3.39,2.76,65,246,26.42,36,232,84.48,8,6,9.4,10.4,2582,10.8,2418,0.907,6,0,1,0,0,0,0,0,0,0,0
Tampa Bay Lightning,Dallas Stars,13.0,29.1,82,45,29,8,98,0.598,288,267,3.0,1.0,0.28,0.0,3.51,3.26,71,248,28.63,39,234,83.33,5,6,11.0,11.0,2401,12.0,2430,0.89,4,0,19204,9.862873869650832,1,2.0,29.3,82,52,21,9,113,0.689,294,232,4.0,2.0,0.74,-0.04,3.59,2.83,58,240,24.17,43,239,82.01,12,4,6.8,7.5,2588,11.4,2350,0.901,4,0,0,0,0,0,0,0,0,0,0
Tampa Bay Lightning,Carolina Hurricanes,13.0,29.1,82,45,29,8,98,0.598,288,267,3.0,1.0,0.28,0.0,3.51,3.26,71,248,28.63,39,234,83.33,5,6,11.0,11.0,2401,12.0,2430,0.89,4,0,19204,9.862873869650832,1,3.0,29.4,82,52,23,7,111,0.677,277,211,2.0,5.0,0.73,-0.04,3.38,2.57,67,249,26.91,35,258,86.43,11,8,8.5,8.0,2733,10.1,2101,0.9,8,0,0,0,0,0,0,0,0,0,0
Tampa Bay Lightning,Winnipeg Jets,13.0,29.1,82,45,29,8,98,0.598,288,267,3.0,1.0,0.28,0.0,3.51,3.26,71,248,28.63,39,234,83.33,5,6,11.0,11.0,2401,12.0,2430,0.89,4,0,19204,9.862873869650832,1,4.0,29.4,82,52,24,6,110,0.671,259,198,0.0,1.0,0.69,-0.04,3.16,2.41,45,240,18.75,51,223,77.13,3,5,8.2,8.9,2488,10.4,2429,0.918,8,1,0,0,0,0,0,0,0,0,0
Tampa Bay Lightning,Florida Panthers,13.0,29.1,82,45,29,8,98,0.598,288,267,3.0,1.0,0.28,0.0,3.51,3.26,71,248,28.63,39,234,83.33,5,6,11.0,11.0,2401,12.0,2430,0.89,4,0,19204,9.862873869650832,1,5.0,29.5,82,52,24,6,110,0.671,265,198,3.0,2.0,0.81,-0.02,3.23,2.41,63,268,23.51,51,291,82.47,8,9,13.6,13.5,2764,9.6,2279,0.913,8,0,1,0,0,0,0,0,0,0,1
Tampa Bay Lightning,Boston Bruins,13.0,29.1,82,45,29,8,98,0.598,288,267,3.0,1.0,0.28,0.0,3.51,3.26,71,248,28.63,39,234,83.33,5,6,11.0,11.0,2401,12.0,2430,0.89,4,0,19204,9.862873869650832,1,6.0,28.6,82,47,20,15,109,0.665,263,221,4.0,3.0,0.53,0.01,3.21,2.7,54,243,22.22,47,268,82.46,7,6,9.5,8.8,2399,11.0,2504,0.912,5,0,1,0,0,0,0,0,0,0,1
Tampa Bay Lightning,Vancouver Canucks,13.0,29.1,82,45,29,8,98,0.598,288,267,3.0,1.0,0.28,0.0,3.51,3.26,71,248,28.63,39,234,83.33,5,6,11.0,11.0,2401,12.0,2430,0.89,4,0,19204,9.862873869650832,1,7.0,28.6,82,50,23,9,109,0.665,279,221,0.0,2.0,0.64,-0.04,3.4,2.7,58,257,22.57,53,254,79.13,7,7,9.6,9.7,2328,12.0,2343,0.906,7,1,1,0,0,0,0,0,0,0,0
Tampa Bay Lightning,Colorado Avalanche,13.0,29.1,82,45,29,8,98,0.598,288,267,3.0,1.0,0.28,0.0,3.51,3.26,71,248,28.63,39,234,83.33,5,6,11.0,11.0,2401,12.0,2430,0.89,4,0,19204,9.862873869650832,1,8.0,28.8,82,50,25,7,107,0.652,302,252,2.0,2.0,0.57,-0.05,3.68,3.07,68,278,24.46,53,264,79.92,7,6,8.9,9.7,2705,11.2,2444,0.897,4,0,1,0,0,0,0,0,0,0,0
Tampa Bay Lightning,Edmonton Oilers,13.0,29.1,82,45,29,8,98,0.598,288,267,3.0,1.0,0.28,0.0,3.51,3.26,71,248,28.63,39,234,83.33,5,6,11.0,11.0,2401,12.0,2430,0.89,4,0,19204,9.862873869650832,1,9.0,29.4,82,49,27,6,104,0.634,292,236,2.0,1.0,0.65,-0.04,3.56,2.88,64,243,26.34,53,258,79.46,7,5,9.5,8.5,2768,10.5,2307,0.898,4,1,1,0,0,0,0,0,0,0,0
Tampa Bay Lightning,Toronto Maple Leafs,13.0,29.1,82,45,29,8,98,0.598,288,267,3.0,1.0,0.28,0.0,3.51,3.26,71,248,28.63,39,234,83.33,5,6,11.0,11.0,2401,12.0,2430,0.89,4,0,19204,9.862873869650832,1,10.0,28.9,82,46,26,10,102,0.622,298,261,5.0,2.0,0.5,0.01,3.63,3.18,57,238,23.95,55,238,76.89,6,9,9.9,10.2,2671,11.2,2446,0.893,5,1,1,0,0,0,0,0,0,0,1
Tampa Bay Lightning,Nashville Predators,13.0,29.1,82,45,29,8,98,0.598,288,267,3.0,1.0,0.28,0.0,3.51,3.26,71,248,28.63,39,234,83.33,5,6,11.0,11.0,2401,12.0,2430,0.89,4,0,19204,9.862873869650832,1,11.0,29.5,82,47,30,5,99,0.604,266,248,3.0,0.0,0.23,-0.02,3.24,3.02,58,269,21.56,57,247,76.92,7,5,9.7,9.5,2642,10.1,2507,0.901,4,0,1,0,0,0,0,0,0,0,0
Tampa Bay Lightning,Los Angeles Kings,13.0,29.1,82,45,29,8,98,0.598,288,267,3.0,1.0,0.28,0.0,3.51,3.26,71,248,28.63,39,234,83.33,5,6,11.0,11.0,2401,12.0,2430,0.89,4,0,19204,9.862873869650832,1,12.0,29.5,82,44,27,11,99,0.604,254,210,2.0,5.0,0.45,-0.05,3.1,2.56,56,248,22.58,39,253,84.58,11,7,8.7,9.5,2616,9.7,2296,0.909,7,0,0,0,0,0,0,0,0,0,0
Tampa Bay Lightning,Vegas Golden Knights,13.0,29.1,82,45,29,8,98,0.598,288,267,3.0,1.0,0.28,0.0,3.51,3.26,71,248,28.63,39,234,83.33,5,6,11.0,11.0,2401,12.0,2430,0.89,4,0,19204,9.862873869650832,1,14.0,29.0,82,45,29,8,98,0.598,263,243,4.0,2.0,0.22,-0.05,3.21,2.96,51,252,20.24,44,213,79.34,9,8,7.4,8.5,2548,10.3,2487,0.902,3,0,0,0,0,0,0,0,0,0,0
Tampa Bay Lightning,New York Islanders,13.0,29.1,82,45,29,8,98,0.598,288,267,3.0,1.0,0.28,0.0,3.51,3.26,71,248,28.63,39,234,83.33,5,6,11.0,11.0,2401,12.0,2430,0.89,4,0,19204,9.862873869650832,1,15.0,29.6,82,39,27,16,94,0.573,245,258,1.0,5.0,-0.18,0.03,2.99,3.15,47,231,20.35,63,221,71.49,10,3,7.1,7.4,2470,9.9,2686,0.904,5,0,0,0,0,0,0,0,0,0,0
Tampa Bay Lightning,St. Louis Blues,13.0,29.1,82,45,29,8,98,0.598,288,267,3.0,1.0,0.28,0.0,3.51,3.26,71,248,28.63,39,234,83.33,5,6,11.0,11.0,2401,12.0,2430,0.89,4,0,19204,9.862873869650832,1,16.0,29.0,82,43,33,6,92,0.561,234,248,5.0,2.0,-0.14,-0.01,2.85,3.02,45,250,18.0,46,215,78.6,11,7,7.4,8.6,2370,9.9,2636,0.906,4,0,0,0,0,0,0,0,0,0,0
Tampa Bay Lightning,Washington Capitals,13.0,29.1,82,45,29,8,98,0.598,288,267,3.0,1.0,0.28,0.0,3.51,3.26,71,248,28.63,39,234,83.33,5,6,11.0,11.0,2401,12.0,2430,0.89,4,0,19204,9.862873869650832,1,17.0,30.0,82,40,31,11,91,0.555,216,252,4.0,5.0,-0.41,0.04,2.63,3.07,47,228,20.61,49,233,78.97,3,5,7.7,7.4,2172,9.9,2503,0.899,7,0,0,0,0,0,0,0,0,0,0
Tampa Bay Lightning,Detroit Red Wings,13.0,29.1,82,45,29,8,98,0.598,288,267,3.0,1.0,0.28,0.0,3.51,3.26,71,248,28.63,39,234,83.33,5,6,11.0,11.0,2401,12.0,2430,0.89,4,0,19204,9.862873869650832,1,18.0,29.3,82,41,32,9,91,0.555,275,273,3.0,1.0,0.06,0.02,3.35,3.33,63,273,23.08,49,240,79.58,7,10,8.7,9.9,2375,11.6,2657,0.897,4,0,0,0,0,0,0,0,0,0,1
Tampa Bay Lightning,Pittsburgh Penguins,13.0,29.1,82,45,29,8,98,0.598,288,267,3.0,1.0,0.28,0.0,3.51,3.26,71,248,28.63,39,234,83.33,5,6,11.0,11.0,2401,12.0,2430,0.89,4,0,19204,9.862873869650832,1,19.0,31.3,82,38,32,12,88,0.537,253,248,2.0,3.0,0.05,0.0,3.09,3.02,40,262,15.27,47,243,80.66,5,12,7.4,7.9,2685,9.4,2479,0.9,8,0,1,0,0,0,0,0,0,0,0
Tampa Bay Lightning,Minnesota Wild,13.0,29.1,82,45,29,8,98,0.598,288,267,3.0,1.0,0.28,0.0,3.51,3.26,71,248,28.63,39,234,83.33,5,6,11.0,11.0,2401,12.0,2430,0.89,4,0,19204,9.862873869650832,1,20.0,29.3,82,39,34,9,87,0.53,248,260,3.0,3.0,-0.14,0.01,3.02,3.17,62,273,22.71,67,263,74.52,3,11,11.4,11.3,2471,10.0,2437,0.893,6,0,1,0,0,0,0,0,0,0,0
Tampa Bay Lightning,Philadelphia Flyers,13.0,29.1,82,45,29,8,98,0.598,288,267,3.0,1.0,0.28,0.0,3.51,3.26,71,248,28.63,39,234,83.33,5,6,11.0,11.0,2401,12.0,2430,0.89,4,0,19204,9.862873869650832,1,21.0,27.1,82,38,33,11,87,0.53,231,258,4.0,3.0,-0.29,0.03,2.82,3.15,31,254,12.2,40,241,83.4,16,4,10.1,9.7,2708,8.5,2225,0.884,5,0,0,0,0,0,0,0,0,0,0
Tampa Bay Lightning,Buffalo Sabres,13.0,29.1,82,45,29,8,98,0.598,288,267,3.0,1.0,0.28,0.0,3.51,3.26,71,248,28.63,39,234,83.33,5,6,11.0,11.0,2401,12.0,2430,0.89,4,0,19204,9.862873869650832,1,22.0,25.7,82,39,37,6,84,0.512,244,243,2.0,1.0,0.03,0.01,2.98,2.96,37,223,16.59,49,243,79.84,7,10,9.8,9.2,2534,9.6,2402,0.899,5,0,0,0,0,0,0,0,0,0,1
Tampa Bay Lightning,New Jersey Devils,13.0,29.1,82,45,29,8,98,0.598,288,267,3.0,1.0,0.28,0.0,3.51,3.26,71,248,28.63,39,234,83.33,5,6,11.0,11.0,2401,12.0,2430,0.89,4,0,19204,9.862873869650832,1,23.0,26.8,82,38,39,5,81,0.494,264,281,0.0,2.0,-0.22,0.01,3.22,3.43,55,245,22.45,47,243,80.66,3,9,9.1,9.6,2516,10.5,2458,0.886,1,0,0,0,0,0,0,0,0,0,0
Tampa Bay Lightning,Seattle Kraken,13.0,29.1,82,45,29,8,98,0.598,288,267,3.0,1.0,0.28,0.0,3.51,3.26,71,248,28.63,39,234,83.33,5,6,11.0,11.0,2401,12.0,2430,0.89,4,0,19204,9.862873869650832,1,24.0,29.4,82,34,35,13,81,0.494,214,232,3.0,4.0,-0.26,-0.03,2.61,2.83,50,242,20.66,47,222,78.83,6,9,8.0,8.1,2347,9.1,2391,0.903,5,0,0,0,0,0,0,0,0,0,0
Tampa Bay Lightning,Calgary Flames,13.0,29.1,82,45,29,8,98,0.598,288,267,3.0,1.0,0.28,0.0,3.51,3.26,71,248,28.63,39,234,83.33,5,6,11.0,11.0,2401,12.0,2430,0.89,4,0,19204,9.862873869650832,1,25.0,29.2,82,38,39,5,81,0.494,253,267,0.0,4.0,-0.2,0.02,3.09,3.26,45,252,17.86,47,245,80.82,11,11,9.4,9.2,2572,9.8,2438,0.89,2,1,0,0,0,0,0,0,0,0,0
Tampa Bay Lightning,Ottawa Senators,13.0,29.1,82,45,29,8,98,0.598,288,267,3.0,1.0,0.28,0.0,3.51,3.26,71,248,28.63,39,234,83.33,5,6,11.0,11.0,2401,12.0,2430,0.89,4,0,19204,9.862873869650832,1,26.0,27.0,82,37,41,4,78,0.476,250,281,5.0,0.0,-0.28,0.04,3.05,3.43,51,283,18.02,61,245,75.1,7,6,10.4,11.1,2602,9.6,2432,0.884,2,1,0,0,0,0,0,0,0,0,1
Tampa Bay Lightning,Montreal Canadiens,13.0,29.1,82,45,29,8,98,0.598,288,267,3.0,1.0,0.28,0.0,3.51,3.26,71,248,28.63,39,234,83.33,5,6,11.0,11.0,2401,12.0,2430,0.89,4,0,19204,9.862873869650832,1,28.0,26.7,82,30,36,16,76,0.463,232,281,4.0,8.0,-0.59,0.05,2.83,3.43,44,252,17.46,65,277,76.53,7,12,10.2,10.0,2269,10.2,2738,0.897,2,1,0,0,0,0,0,0,0,0,1
Tampa Bay Lightning,Columbus Blue Jackets,13.0,29.1,82,45,29,8,98,0.598,288,267,3.0,1.0,0.28,0.0,3.51,3.26,71,248,28.63,39,234,83.33,5,6,11.0,11.0,2401,12.0,2430,0.89,4,0,19204,9.862873869650832,1,29.0,26.8,82,27,43,12,66,0.402,234,298,3.0,2.0,-0.72,0.05,2.85,3.63,32,212,15.09,56,236,76.27,5,6,8.2,7.6,2458,9.5,2822,0.894,1,0,0,0,0,0,0,0,0,0,0
Tampa Bay Lightning,Anaheim Ducks,13.0,29.1,82,45,29,8,98,0.598,288,267,3.0,1.0,0.28,0.0,3.51,3.26,71,248,28.63,39,234,83.33,5,6,11.0,11.0,2401,12.0,2430,0.89,4,0,19204,9.862873869650832,1,30.0,27.7,82,27,50,5,59,0.36,203,293,1.0,2.0,-1.09,0.02,2.48,3.57,43,235,18.3,91,330,72.42,12,5,13.5,10.9,2194,9.3,2666,0.89,1,0,0,0,0,0,0,0,0,0,0
Tampa Bay Lightning,Chicago Blackhawks,13.0,29.1,82,45,29,8,98,0.598,288,267,3.0,1.0,0.28,0.0,3.51,3.26,71,248,28.63,39,234,83.33,5,6,11.0,11.0,2401,12.0,2430,0.89,4,0,19204,9.862873869650832,1,31.0,27.4,82,23,53,6,52,0.317,178,289,1.0,1.0,-1.29,0.06,2.17,3.52,39,235,16.6,56,231,75.76,3,8,8.7,9.3,2153,8.3,2681,0.892,1,0,0,0,0,0,0,0,0,0,0
Tampa Bay Lightning,San Jose Sharks,13.0,29.1,82,45,29,8,98,0.598,288,267,3.0,1.0,0.28,0.0,3.51,3.26,71,248,28.63,39,234,83.33,5,6,11.0,11.0,2401,12.0,2430,0.89,4,0,19204,9.862873869650832,1,32.0,27.7,82,19,54,9,47,0.287,180,326,1.0,5.0,-1.78,0.05,2.2,3.98,42,208,20.19,62,252,75.4,3,8,9.5,8.2,2069,8.7,2881,0.887,2,0,0,0,0,0,0,0,0,0,0
Vegas Golden Knights,New York Rangers,14.0,29.0,82,45,29,8,98,0.598,263,243,4.0,2.0,0.22,-0.05,3.21,2.96,51,252,20.24,44,213,79.34,9,8,7.4,8.5,2548,10.3,2487,0.902,3,0,17500,9.769956159911606,0,1.0,29.1,82,55,23,4,114,0.695,278,226,4.0,3.0,0.61,-0.03,3.39,2.76,65,246,26.42,36,232,84.48,8,6,9.4,10.4,2582,10.8,2418,0.907,6,0,1,0,0,0,0,0,0,0,0
Vegas Golden Knights,Dallas Stars,14.0,29.0,82,45,29,8,98,0.598,263,243,4.0,2.0,0.22,-0.05,3.21,2.96,51,252,20.24,44,213,79.34,9,8,7.4,8.5,2548,10.3,2487,0.902,3,0,17500,9.769956159911606,0,2.0,29.3,82,52,21,9,113,0.689,294,232,4.0,2.0,0.74,-0.04,3.59,2.83,58,240,24.17,43,239,82.01,12,4,6.8,7.5,2588,11.4,2350,0.901,4,0,0,0,0,0,0,0,0,0,0
Vegas Golden Knights,Carolina Hurricanes,14.0,29.0,82,45,29,8,98,0.598,263,243,4.0,2.0,0.22,-0.05,3.21,2.96,51,252,20.24,44,213,79.34,9,8,7.4,8.5,2548,10.3,2487,0.902,3,0,17500,9.769956159911606,0,3.0,29.4,82,52,23,7,111,0.677,277,211,2.0,5.0,0.73,-0.04,3.38,2.57,67,249,26.91,35,258,86.43,11,8,8.5,8.0,2733,10.1,2101,0.9,8,0,0,0,0,0,0,0,0,0,0
Vegas Golden Knights,Winnipeg Jets,14.0,29.0,82,45,29,8,98,0.598,263,243,4.0,2.0,0.22,-0.05,3.21,2.96,51,252,20.24,44,213,79.34,9,8,7.4,8.5,2548,10.3,2487,0.902,3,0,17500,9.769956159911606,0,4.0,29.4,82,52,24,6,110,0.671,259,198,0.0,1.0,0.69,-0.04,3.16,2.41,45,240,18.75,51,223,77.13,3,5,8.2,8.9,2488,10.4,2429,0.918,8,1,0,0,0,0,0,0,0,0,0
Vegas Golden Knights,Florida Panthers,14.0,29.0,82,45,29,8,98,0.598,263,243,4.0,2.0,0.22,-0.05,3.21,2.96,51,252,20.24,44,213,79.34,9,8,7.4,8.5,2548,10.3,2487,0.902,3,0,17500,9.769956159911606,0,5.0,29.5,82,52,24,6,110,0.671,265,198,3.0,2.0,0.81,-0.02,3.23,2.41,63,268,23.51,51,291,82.47,8,9,13.6,13.5,2764,9.6,2279,0.913,8,0,1,0,0,0,0,0,0,0,0
Vegas Golden Knights,Boston Bruins,14.0,29.0,82,45,29,8,98,0.598,263,243,4.0,2.0,0.22,-0.05,3.21,2.96,51,252,20.24,44,213,79.34,9,8,7.4,8.5,2548,10.3,2487,0.902,3,0,17500,9.769956159911606,0,6.0,28.6,82,47,20,15,109,0.665,263,221,4.0,3.0,0.53,0.01,3.21,2.7,54,243,22.22,47,268,82.46,7,6,9.5,8.8,2399,11.0,2504,0.912,5,0,1,0,0,0,0,0,0,0,0
Vegas Golden Knights,Vancouver Canucks,14.0,29.0,82,45,29,8,98,0.598,263,243,4.0,2.0,0.22,-0.05,3.21,2.96,51,252,20.24,44,213,79.34,9,8,7.4,8.5,2548,10.3,2487,0.902,3,0,17500,9.769956159911606,0,7.0,28.6,82,50,23,9,109,0.665,279,221,0.0,2.0,0.64,-0.04,3.4,2.7,58,257,22.57,53,254,79.13,7,7,9.6,9.7,2328,12.0,2343,0.906,7,1,1,0,0,0,0,0,0,0,1
Vegas Golden Knights,Colorado Avalanche,14.0,29.0,82,45,29,8,98,0.598,263,243,4.0,2.0,0.22,-0.05,3.21,2.96,51,252,20.24,44,213,79.34,9,8,7.4,8.5,2548,10.3,2487,0.902,3,0,17500,9.769956159911606,0,8.0,28.8,82,50,25,7,107,0.652,302,252,2.0,2.0,0.57,-0.05,3.68,3.07,68,278,24.46,53,264,79.92,7,6,8.9,9.7,2705,11.2,2444,0.897,4,0,1,0,0,0,0,0,0,0,0
Vegas Golden Knights,Edmonton Oilers,14.0,29.0,82,45,29,8,98,0.598,263,243,4.0,2.0,0.22,-0.05,3.21,2.96,51,252,20.24,44,213,79.34,9,8,7.4,8.5,2548,10.3,2487,0.902,3,0,17500,9.769956159911606,0,9.0,29.4,82,49,27,6,104,0.634,292,236,2.0,1.0,0.65,-0.04,3.56,2.88,64,243,26.34,53,258,79.46,7,5,9.5,8.5,2768,10.5,2307,0.898,4,1,1,0,0,0,0,0,0,0,1
Vegas Golden Knights,Toronto Maple Leafs,14.0,29.0,82,45,29,8,98,0.598,263,243,4.0,2.0,0.22,-0.05,3.21,2.96,51,252,20.24,44,213,79.34,9,8,7.4,8.5,2548,10.3,2487,0.902,3,0,17500,9.769956159911606,0,10.0,28.9,82,46,26,10,102,0.622,298,261,5.0,2.0,0.5,0.01,3.63,3.18,57,238,23.95,55,238,76.89,6,9,9.9,10.2,2671,11.2,2446,0.893,5,1,1,0,0,0,0,0,0,0,0
Vegas Golden Knights,Nashville Predators,14.0,29.0,82,45,29,8,98,0.598,263,243,4.0,2.0,0.22,-0.05,3.21,2.96,51,252,20.24,44,213,79.34,9,8,7.4,8.5,2548,10.3,2487,0.902,3,0,17500,9.769956159911606,0,11.0,29.5,82,47,30,5,99,0.604,266,248,3.0,0.0,0.23,-0.02,3.24,3.02,58,269,21.56,57,247,76.92,7,5,9.7,9.5,2642,10.1,2507,0.901,4,0,1,0,0,0,0,0,0,0,0
Vegas Golden Knights,Los Angeles Kings,14.0,29.0,82,45,29,8,98,0.598,263,243,4.0,2.0,0.22,-0.05,3.21,2.96,51,252,20.24,44,213,79.34,9,8,7.4,8.5,2548,10.3,2487,0.902,3,0,17500,9.769956159911606,0,12.0,29.5,82,44,27,11,99,0.604,254,210,2.0,5.0,0.45,-0.05,3.1,2.56,56,248,22.58,39,253,84.58,11,7,8.7,9.5,2616,9.7,2296,0.909,7,0,0,0,0,0,0,0,0,0,1
Vegas Golden Knights,Tampa Bay Lightning,14.0,29.0,82,45,29,8,98,0.598,263,243,4.0,2.0,0.22,-0.05,3.21,2.96,51,252,20.24,44,213,79.34,9,8,7.4,8.5,2548,10.3,2487,0.902,3,0,17500,9.769956159911606,0,13.0,29.1,82,45,29,8,98,0.598,288,267,3.0,1.0,0.28,0.0,3.51,3.26,71,248,28.63,39,234,83.33,5,6,11.0,11.0,2401,12.0,2430,0.89,4,0,1,0,0,0,0,0,0,0,0
Vegas Golden Knights,New York Islanders,14.0,29.0,82,45,29,8,98,0.598,263,243,4.0,2.0,0.22,-0.05,3.21,2.96,51,252,20.24,44,213,79.34,9,8,7.4,8.5,2548,10.3,2487,0.902,3,0,17500,9.769956159911606,0,15.0,29.6,82,39,27,16,94,0.573,245,258,1.0,5.0,-0.18,0.03,2.99,3.15,47,231,20.35,63,221,71.49,10,3,7.1,7.4,2470,9.9,2686,0.904,5,0,0,0,0,0,0,0,0,0,0
Vegas Golden Knights,St. Louis Blues,14.0,29.0,82,45,29,8,98,0.598,263,243,4.0,2.0,0.22,-0.05,3.21,2.96,51,252,20.24,44,213,79.34,9,8,7.4,8.5,2548,10.3,2487,0.902,3,0,17500,9.769956159911606,0,16.0,29.0,82,43,33,6,92,0.561,234,248,5.0,2.0,-0.14,-0.01,2.85,3.02,45,250,18.0,46,215,78.6,11,7,7.4,8.6,2370,9.9,2636,0.906,4,0,0,0,0,0,0,0,0,0,0
Vegas Golden Knights,Washington Capitals,14.0,29.0,82,45,29,8,98,0.598,263,243,4.0,2.0,0.22,-0.05,3.21,2.96,51,252,20.24,44,213,79.34,9,8,7.4,8.5,2548,10.3,2487,0.902,3,0,17500,9.769956159911606,0,17.0,30.0,82,40,31,11,91,0.555,216,252,4.0,5.0,-0.41,0.04,2.63,3.07,47,228,20.61,49,233,78.97,3,5,7.7,7.4,2172,9.9,2503,0.899,7,0,0,0,0,0,0,0,0,0,0
Vegas Golden Knights,Detroit Red Wings,14.0,29.0,82,45,29,8,98,0.598,263,243,4.0,2.0,0.22,-0.05,3.21,2.96,51,252,20.24,44,213,79.34,9,8,7.4,8.5,2548,10.3,2487,0.902,3,0,17500,9.769956159911606,0,18.0,29.3,82,41,32,9,91,0.555,275,273,3.0,1.0,0.06,0.02,3.35,3.33,63,273,23.08,49,240,79.58,7,10,8.7,9.9,2375,11.6,2657,0.897,4,0,0,0,0,0,0,0,0,0,0
Vegas Golden Knights,Pittsburgh Penguins,14.0,29.0,82,45,29,8,98,0.598,263,243,4.0,2.0,0.22,-0.05,3.21,2.96,51,252,20.24,44,213,79.34,9,8,7.4,8.5,2548,10.3,2487,0.902,3,0,17500,9.769956159911606,0,19.0,31.3,82,38,32,12,88,0.537,253,248,2.0,3.0,0.05,0.0,3.09,3.02,40,262,15.27,47,243,80.66,5,12,7.4,7.9,2685,9.4,2479,0.9,8,0,1,0,0,0,0,0,0,0,0
Vegas Golden Knights,Minnesota Wild,14.0,29.0,82,45,29,8,98,0.598,263,243,4.0,2.0,0.22,-0.05,3.21,2.96,51,252,20.24,44,213,79.34,9,8,7.4,8.5,2548,10.3,2487,0.902,3,0,17500,9.769956159911606,0,20.0,29.3,82,39,34,9,87,0.53,248,260,3.0,3.0,-0.14,0.01,3.02,3.17,62,273,22.71,67,263,74.52,3,11,11.4,11.3,2471,10.0,2437,0.893,6,0,1,0,0,0,0,0,0,0,0
Vegas Golden Knights,Philadelphia Flyers,14.0,29.0,82,45,29,8,98,0.598,263,243,4.0,2.0,0.22,-0.05,3.21,2.96,51,252,20.24,44,213,79.34,9,8,7.4,8.5,2548,10.3,2487,0.902,3,0,17500,9.769956159911606,0,21.0,27.1,82,38,33,11,87,0.53,231,258,4.0,3.0,-0.29,0.03,2.82,3.15,31,254,12.2,40,241,83.4,16,4,10.1,9.7,2708,8.5,2225,0.884,5,0,0,0,0,0,0,0,0,0,0
Vegas Golden Knights,Buffalo Sabres,14.0,29.0,82,45,29,8,98,0.598,263,243,4.0,2.0,0.22,-0.05,3.21,2.96,51,252,20.24,44,213,79.34,9,8,7.4,8.5,2548,10.3,2487,0.902,3,0,17500,9.769956159911606,0,22.0,25.7,82,39,37,6,84,0.512,244,243,2.0,1.0,0.03,0.01,2.98,2.96,37,223,16.59,49,243,79.84,7,10,9.8,9.2,2534,9.6,2402,0.899,5,0,0,0,0,0,0,0,0,0,0
Vegas Golden Knights,New Jersey Devils,14.0,29.0,82,45,29,8,98,0.598,263,243,4.0,2.0,0.22,-0.05,3.21,2.96,51,252,20.24,44,213,79.34,9,8,7.4,8.5,2548,10.3,2487,0.902,3,0,17500,9.769956159911606,0,23.0,26.8,82,38,39,5,81,0.494,264,281,0.0,2.0,-0.22,0.01,3.22,3.43,55,245,22.45,47,243,80.66,3,9,9.1,9.6,2516,10.5,2458,0.886,1,0,0,0,0,0,0,0,0,0,0
Vegas Golden Knights,Seattle Kraken,14.0,29.0,82,45,29,8,98,0.598,263,243,4.0,2.0,0.22,-0.05,3.21,2.96,51,252,20.24,44,213,79.34,9,8,7.4,8.5,2548,10.3,2487,0.902,3,0,17500,9.769956159911606,0,24.0,29.4,82,34,35,13,81,0.494,214,232,3.0,4.0,-0.26,-0.03,2.61,2.83,50,242,20.66,47,222,78.83,6,9,8.0,8.1,2347,9.1,2391,0.903,5,0,0,0,0,0,0,0,0,0,1
Vegas Golden Knights,Calgary Flames,14.0,29.0,82,45,29,8,98,0.598,263,243,4.0,2.0,0.22,-0.05,3.21,2.96,51,252,20.24,44,213,79.34,9,8,7.4,8.5,2548,10.3,2487,0.902,3,0,17500,9.769956159911606,0,25.0,29.2,82,38,39,5,81,0.494,253,267,0.0,4.0,-0.2,0.02,3.09,3.26,45,252,17.86,47,245,80.82,11,11,9.4,9.2,2572,9.8,2438,0.89,2,1,0,0,0,0,0,0,0,0,1
Vegas Golden Knights,Ottawa Senators,14.0,29.0,82,45,29,8,98,0.598,263,243,4.0,2.0,0.22,-0.05,3.21,2.96,51,252,20.24,44,213,79.34,9,8,7.4,8.5,2548,10.3,2487,0.902,3,0,17500,9.769956159911606,0,26.0,27.0,82,37,41,4,78,0.476,250,281,5.0,0.0,-0.28,0.04,3.05,3.43,51,283,18.02,61,245,75.1,7,6,10.4,11.1,2602,9.6,2432,0.884,2,1,0,0,0,0,0,0,0,0,0
Vegas Golden Knights,Montreal Canadiens,14.0,29.0,82,45,29,8,98,0.598,263,243,4.0,2.0,0.22,-0.05,3.21,2.96,51,252,20.24,44,213,79.34,9,8,7.4,8.5,2548,10.3,2487,0.902,3,0,17500,9.769956159911606,0,28.0,26.7,82,30,36,16,76,0.463,232,281,4.0,8.0,-0.59,0.05,2.83,3.43,44,252,17.46,65,277,76.53,7,12,10.2,10.0,2269,10.2,2738,0.897,2,1,0,0,0,0,0,0,0,0,0
Vegas Golden Knights,Columbus Blue Jackets,14.0,29.0,82,45,29,8,98,0.598,263,243,4.0,2.0,0.22,-0.05,3.21,2.96,51,252,20.24,44,213,79.34,9,8,7.4,8.5,2548,10.3,2487,0.902,3,0,17500,9.769956159911606,0,29.0,26.8,82,27,43,12,66,0.402,234,298,3.0,2.0,-0.72,0.05,2.85,3.63,32,212,15.09,56,236,76.27,5,6,8.2,7.6,2458,9.5,2822,0.894,1,0,0,0,0,0,0,0,0,0,0
Vegas Golden Knights,Anaheim Ducks,14.0,29.0,82,45,29,8,98,0.598,263,243,4.0,2.0,0.22,-0.05,3.21,2.96,51,252,20.24,44,213,79.34,9,8,7.4,8.5,2548,10.3,2487,0.902,3,0,17500,9.769956159911606,0,30.0,27.7,82,27,50,5,59,0.36,203,293,1.0,2.0,-1.09,0.02,2.48,3.57,43,235,18.3,91,330,72.42,12,5,13.5,10.9,2194,9.3,2666,0.89,1,0,0,0,0,0,0,0,0,0,1
Vegas Golden Knights,Chicago Blackhawks,14.0,29.0,82,45,29,8,98,0.598,263,243,4.0,2.0,0.22,-0.05,3.21,2.96,51,252,20.24,44,213,79.34,9,8,7.4,8.5,2548,10.3,2487,0.902,3,0,17500,9.769956159911606,0,31.0,27.4,82,23,53,6,52,0.317,178,289,1.0,1.0,-1.29,0.06,2.17,3.52,39,235,16.6,56,231,75.76,3,8,8.7,9.3,2153,8.3,2681,0.892,1,0,0,0,0,0,0,0,0,0,0
Vegas Golden Knights,San Jose Sharks,14.0,29.0,82,45,29,8,98,0.598,263,243,4.0,2.0,0.22,-0.05,3.21,2.96,51,252,20.24,44,213,79.34,9,8,7.4,8.5,2548,10.3,2487,0.902,3,0,17500,9.769956159911606,0,32.0,27.7,82,19,54,9,47,0.287,180,326,1.0,5.0,-1.78,0.05,2.2,3.98,42,208,20.19,62,252,75.4,3,8,9.5,8.2,2069,8.7,2881,0.887,2,0,0,0,0,0,0,0,0,0,1
New York Islanders,New York Rangers,15.0,29.6,82,39,27,16,94,0.573,245,258,1.0,5.0,-0.18,0.03,2.99,3.15,47,231,20.35,63,221,71.49,10,3,7.1,7.4,2470,9.9,2686,0.904,5,0,17113,9.747593687577451,0,1.0,29.1,82,55,23,4,114,0.695,278,226,4.0,3.0,0.61,-0.03,3.39,2.76,65,246,26.42,36,232,84.48,8,6,9.4,10.4,2582,10.8,2418,0.907,6,0,1,0,0,0,0,0,0,0,1
New York Islanders,Dallas Stars,15.0,29.6,82,39,27,16,94,0.573,245,258,1.0,5.0,-0.18,0.03,2.99,3.15,47,231,20.35,63,221,71.49,10,3,7.1,7.4,2470,9.9,2686,0.904,5,0,17113,9.747593687577451,0,2.0,29.3,82,52,21,9,113,0.689,294,232,4.0,2.0,0.74,-0.04,3.59,2.83,58,240,24.17,43,239,82.01,12,4,6.8,7.5,2588,11.4,2350,0.901,4,0,0,0,0,0,0,0,0,0,0
New York Islanders,Carolina Hurricanes,15.0,29.6,82,39,27,16,94,0.573,245,258,1.0,5.0,-0.18,0.03,2.99,3.15,47,231,20.35,63,221,71.49,10,3,7.1,7.4,2470,9.9,2686,0.904,5,0,17113,9.747593687577451,0,3.0,29.4,82,52,23,7,111,0.677,277,211,2.0,5.0,0.73,-0.04,3.38,2.57,67,249,26.91,35,258,86.43,11,8,8.5,8.0,2733,10.1,2101,0.9,8,0,0,0,0,0,0,0,0,0,1
New York Islanders,Winnipeg Jets,15.0,29.6,82,39,27,16,94,0.573,245,258,1.0,5.0,-0.18,0.03,2.99,3.15,47,231,20.35,63,221,71.49,10,3,7.1,7.4,2470,9.9,2686,0.904,5,0,17113,9.747593687577451,0,4.0,29.4,82,52,24,6,110,0.671,259,198,0.0,1.0,0.69,-0.04,3.16,2.41,45,240,18.75,51,223,77.13,3,5,8.2,8.9,2488,10.4,2429,0.918,8,1,0,0,0,0,0,0,0,0,0
New York Islanders,Florida Panthers,15.0,29.6,82,39,27,16,94,0.573,245,258,1.0,5.0,-0.18,0.03,2.99,3.15,47,231,20.35,63,221,71.49,10,3,7.1,7.4,2470,9.9,2686,0.904,5,0,17113,9.747593687577451,0,5.0,29.5,82,52,24,6,110,0.671,265,198,3.0,2.0,0.81,-0.02,3.23,2.41,63,268,23.51,51,291,82.47,8,9,13.6,13.5,2764,9.6,2279,0.913,8,0,1,0,0,0,0,0,0,0,0
New York Islanders,Boston Bruins,15.0,29.6,82,39,27,16,94,0.573,245,258,1.0,5.0,-0.18,0.03,2.99,3.15,47,231,20.35,63,221,71.49,10,3,7.1,7.4,2470,9.9,2686,0.904,5,0,17113,9.747593687577451,0,6.0,28.6,82,47,20,15,109,0.665,263,221,4.0,3.0,0.53,0.01,3.21,2.7,54,243,22.22,47,268,82.46,7,6,9.5,8.8,2399,11.0,2504,0.912,5,0,1,0,0,0,0,0,0,0,0
New York Islanders,Vancouver Canucks,15.0,29.6,82,39,27,16,94,0.573,245,258,1.0,5.0,-0.18,0.03,2.99,3.15,47,231,20.35,63,221,71.49,10,3,7.1,7.4,2470,9.9,2686,0.904,5,0,17113,9.747593687577451,0,7.0,28.6,82,50,23,9,109,0.665,279,221,0.0,2.0,0.64,-0.04,3.4,2.7,58,257,22.57,53,254,79.13,7,7,9.6,9.7,2328,12.0,2343,0.906,7,1,1,0,0,0,0,0,0,0,0
New York Islanders,Colorado Avalanche,15.0,29.6,82,39,27,16,94,0.573,245,258,1.0,5.0,-0.18,0.03,2.99,3.15,47,231,20.35,63,221,71.49,10,3,7.1,7.4,2470,9.9,2686,0.904,5,0,17113,9.747593687577451,0,8.0,28.8,82,50,25,7,107,0.652,302,252,2.0,2.0,0.57,-0.05,3.68,3.07,68,278,24.46,53,264,79.92,7,6,8.9,9.7,2705,11.2,2444,0.897,4,0,1,0,0,0,0,0,0,0,0
New York Islanders,Edmonton Oilers,15.0,29.6,82,39,27,16,94,0.573,245,258,1.0,5.0,-0.18,0.03,2.99,3.15,47,231,20.35,63,221,71.49,10,3,7.1,7.4,2470,9.9,2686,0.904,5,0,17113,9.747593687577451,0,9.0,29.4,82,49,27,6,104,0.634,292,236,2.0,1.0,0.65,-0.04,3.56,2.88,64,243,26.34,53,258,79.46,7,5,9.5,8.5,2768,10.5,2307,0.898,4,1,1,0,0,0,0,0,0,0,0
New York Islanders,Toronto Maple Leafs,15.0,29.6,82,39,27,16,94,0.573,245,258,1.0,5.0,-0.18,0.03,2.99,3.15,47,231,20.35,63,221,71.49,10,3,7.1,7.4,2470,9.9,2686,0.904,5,0,17113,9.747593687577451,0,10.0,28.9,82,46,26,10,102,0.622,298,261,5.0,2.0,0.5,0.01,3.63,3.18,57,238,23.95,55,238,76.89,6,9,9.9,10.2,2671,11.2,2446,0.893,5,1,1,0,0,0,0,0,0,0,0
New York Islanders,Nashville Predators,15.0,29.6,82,39,27,16,94,0.573,245,258,1.0,5.0,-0.18,0.03,2.99,3.15,47,231,20.35,63,221,71.49,10,3,7.1,7.4,2470,9.9,2686,0.904,5,0,17113,9.747593687577451,0,11.0,29.5,82,47,30,5,99,0.604,266,248,3.0,0.0,0.23,-0.02,3.24,3.02,58,269,21.56,57,247,76.92,7,5,9.7,9.5,2642,10.1,2507,0.901,4,0,1,0,0,0,0,0,0,0,0
New York Islanders,Los Angeles Kings,15.0,29.6,82,39,27,16,94,0.573,245,258,1.0,5.0,-0.18,0.03,2.99,3.15,47,231,20.35,63,221,71.49,10,3,7.1,7.4,2470,9.9,2686,0.904,5,0,17113,9.747593687577451,0,12.0,29.5,82,44,27,11,99,0.604,254,210,2.0,5.0,0.45,-0.05,3.1,2.56,56,248,22.58,39,253,84.58,11,7,8.7,9.5,2616,9.7,2296,0.909,7,0,0,0,0,0,0,0,0,0,0
New York Islanders,Tampa Bay Lightning,15.0,29.6,82,39,27,16,94,0.573,245,258,1.0,5.0,-0.18,0.03,2.99,3.15,47,231,20.35,63,221,71.49,10,3,7.1,7.4,2470,9.9,2686,0.904,5,0,17113,9.747593687577451,0,13.0,29.1,82,45,29,8,98,0.598,288,267,3.0,1.0,0.28,0.0,3.51,3.26,71,248,28.63,39,234,83.33,5,6,11.0,11.0,2401,12.0,2430,0.89,4,0,1,0,0,0,0,0,0,0,0
New York Islanders,Vegas Golden Knights,15.0,29.6,82,39,27,16,94,0.573,245,258,1.0,5.0,-0.18,0.03,2.99,3.15,47,231,20.35,63,221,71.49,10,3,7.1,7.4,2470,9.9,2686,0.904,5,0,17113,9.747593687577451,0,14.0,29.0,82,45,29,8,98,0.598,263,243,4.0,2.0,0.22,-0.05,3.21,2.96,51,252,20.24,44,213,79.34,9,8,7.4,8.5,2548,10.3,2487,0.902,3,0,0,0,0,0,0,0,0,0,0
New York Islanders,St. Louis Blues,15.0,29.6,82,39,27,16,94,0.573,245,258,1.0,5.0,-0.18,0.03,2.99,3.15,47,231,20.35,63,221,71.49,10,3,7.1,7.4,2470,9.9,2686,0.904,5,0,17113,9.747593687577451,0,16.0,29.0,82,43,33,6,92,0.561,234,248,5.0,2.0,-0.14,-0.01,2.85,3.02,45,250,18.0,46,215,78.6,11,7,7.4,8.6,2370,9.9,2636,0.906,4,0,0,0,0,0,0,0,0,0,0
New York Islanders,Washington Capitals,15.0,29.6,82,39,27,16,94,0.573,245,258,1.0,5.0,-0.18,0.03,2.99,3.15,47,231,20.35,63,221,71.49,10,3,7.1,7.4,2470,9.9,2686,0.904,5,0,17113,9.747593687577451,0,17.0,30.0,82,40,31,11,91,0.555,216,252,4.0,5.0,-0.41,0.04,2.63,3.07,47,228,20.61,49,233,78.97,3,5,7.7,7.4,2172,9.9,2503,0.899,7,0,0,0,0,0,0,0,0,0,1
New York Islanders,Detroit Red Wings,15.0,29.6,82,39,27,16,94,0.573,245,258,1.0,5.0,-0.18,0.03,2.99,3.15,47,231,20.35,63,221,71.49,10,3,7.1,7.4,2470,9.9,2686,0.904,5,0,17113,9.747593687577451,0,18.0,29.3,82,41,32,9,91,0.555,275,273,3.0,1.0,0.06,0.02,3.35,3.33,63,273,23.08,49,240,79.58,7,10,8.7,9.9,2375,11.6,2657,0.897,4,0,0,0,0,0,0,0,0,0,0
New York Islanders,Pittsburgh Penguins,15.0,29.6,82,39,27,16,94,0.573,245,258,1.0,5.0,-0.18,0.03,2.99,3.15,47,231,20.35,63,221,71.49,10,3,7.1,7.4,2470,9.9,2686,0.904,5,0,17113,9.747593687577451,0,19.0,31.3,82,38,32,12,88,0.537,253,248,2.0,3.0,0.05,0.0,3.09,3.02,40,262,15.27,47,243,80.66,5,12,7.4,7.9,2685,9.4,2479,0.9,8,0,1,0,0,0,0,0,0,0,1
New York Islanders,Minnesota Wild,15.0,29.6,82,39,27,16,94,0.573,245,258,1.0,5.0,-0.18,0.03,2.99,3.15,47,231,20.35,63,221,71.49,10,3,7.1,7.4,2470,9.9,2686,0.904,5,0,17113,9.747593687577451,0,20.0,29.3,82,39,34,9,87,0.53,248,260,3.0,3.0,-0.14,0.01,3.02,3.17,62,273,22.71,67,263,74.52,3,11,11.4,11.3,2471,10.0,2437,0.893,6,0,1,0,0,0,0,0,0,0,0
New York Islanders,Philadelphia Flyers,15.0,29.6,82,39,27,16,94,0.573,245,258,1.0,5.0,-0.18,0.03,2.99,3.15,47,231,20.35,63,221,71.49,10,3,7.1,7.4,2470,9.9,2686,0.904,5,0,17113,9.747593687577451,0,21.0,27.1,82,38,33,11,87,0.53,231,258,4.0,3.0,-0.29,0.03,2.82,3.15,31,254,12.2,40,241,83.4,16,4,10.1,9.7,2708,8.5,2225,0.884,5,0,0,0,0,0,0,0,0,0,1
New York Islanders,Buffalo Sabres,15.0,29.6,82,39,27,16,94,0.573,245,258,1.0,5.0,-0.18,0.03,2.99,3.15,47,231,20.35,63,221,71.49,10,3,7.1,7.4,2470,9.9,2686,0.904,5,0,17113,9.747593687577451,0,22.0,25.7,82,39,37,6,84,0.512,244,243,2.0,1.0,0.03,0.01,2.98,2.96,37,223,16.59,49,243,79.84,7,10,9.8,9.2,2534,9.6,2402,0.899,5,0,0,0,0,0,0,0,0,0,0
New York Islanders,New Jersey Devils,15.0,29.6,82,39,27,16,94,0.573,245,258,1.0,5.0,-0.18,0.03,2.99,3.15,47,231,20.35,63,221,71.49,10,3,7.1,7.4,2470,9.9,2686,0.904,5,0,17113,9.747593687577451,0,23.0,26.8,82,38,39,5,81,0.494,264,281,0.0,2.0,-0.22,0.01,3.22,3.43,55,245,22.45,47,243,80.66,3,9,9.1,9.6,2516,10.5,2458,0.886,1,0,0,0,0,0,0,0,0,0,1
New York Islanders,Seattle Kraken,15.0,29.6,82,39,27,16,94,0.573,245,258,1.0,5.0,-0.18,0.03,2.99,3.15,47,231,20.35,63,221,71.49,10,3,7.1,7.4,2470,9.9,2686,0.904,5,0,17113,9.747593687577451,0,24.0,29.4,82,34,35,13,81,0.494,214,232,3.0,4.0,-0.26,-0.03,2.61,2.83,50,242,20.66,47,222,78.83,6,9,8.0,8.1,2347,9.1,2391,0.903,5,0,0,0,0,0,0,0,0,0,0
New York Islanders,Calgary Flames,15.0,29.6,82,39,27,16,94,0.573,245,258,1.0,5.0,-0.18,0.03,2.99,3.15,47,231,20.35,63,221,71.49,10,3,7.1,7.4,2470,9.9,2686,0.904,5,0,17113,9.747593687577451,0,25.0,29.2,82,38,39,5,81,0.494,253,267,0.0,4.0,-0.2,0.02,3.09,3.26,45,252,17.86,47,245,80.82,11,11,9.4,9.2,2572,9.8,2438,0.89,2,1,0,0,0,0,0,0,0,0,0
New York Islanders,Ottawa Senators,15.0,29.6,82,39,27,16,94,0.573,245,258,1.0,5.0,-0.18,0.03,2.99,3.15,47,231,20.35,63,221,71.49,10,3,7.1,7.4,2470,9.9,2686,0.904,5,0,17113,9.747593687577451,0,26.0,27.0,82,37,41,4,78,0.476,250,281,5.0,0.0,-0.28,0.04,3.05,3.43,51,283,18.02,61,245,75.1,7,6,10.4,11.1,2602,9.6,2432,0.884,2,1,0,0,0,0,0,0,0,0,0
New York Islanders,Montreal Canadiens,15.0,29.6,82,39,27,16,94,0.573,245,258,1.0,5.0,-0.18,0.03,2.99,3.15,47,231,20.35,63,221,71.49,10,3,7.1,7.4,2470,9.9,2686,0.904,5,0,17113,9.747593687577451,0,28.0,26.7,82,30,36,16,76,0.463,232,281,4.0,8.0,-0.59,0.05,2.83,3.43,44,252,17.46,65,277,76.53,7,12,10.2,10.0,2269,10.2,2738,0.897,2,1,0,0,0,0,0,0,0,0,0
New York Islanders,Columbus Blue Jackets,15.0,29.6,82,39,27,16,94,0.573,245,258,1.0,5.0,-0.18,0.03,2.99,3.15,47,231,20.35,63,221,71.49,10,3,7.1,7.4,2470,9.9,2686,0.904,5,0,17113,9.747593687577451,0,29.0,26.8,82,27,43,12,66,0.402,234,298,3.0,2.0,-0.72,0.05,2.85,3.63,32,212,15.09,56,236,76.27,5,6,8.2,7.6,2458,9.5,2822,0.894,1,0,0,0,0,0,0,0,0,0,1
New York Islanders,Anaheim Ducks,15.0,29.6,82,39,27,16,94,0.573,245,258,1.0,5.0,-0.18,0.03,2.99,3.15,47,231,20.35,63,221,71.49,10,3,7.1,7.4,2470,9.9,2686,0.904,5,0,17113,9.747593687577451,0,30.0,27.7,82,27,50,5,59,0.36,203,293,1.0,2.0,-1.09,0.02,2.48,3.57,43,235,18.3,91,330,72.42,12,5,13.5,10.9,2194,9.3,2666,0.89,1,0,0,0,0,0,0,0,0,0,0
New York Islanders,Chicago Blackhawks,15.0,29.6,82,39,27,16,94,0.573,245,258,1.0,5.0,-0.18,0.03,2.99,3.15,47,231,20.35,63,221,71.49,10,3,7.1,7.4,2470,9.9,2686,0.904,5,0,17113,9.747593687577451,0,31.0,27.4,82,23,53,6,52,0.317,178,289,1.0,1.0,-1.29,0.06,2.17,3.52,39,235,16.6,56,231,75.76,3,8,8.7,9.3,2153,8.3,2681,0.892,1,0,0,0,0,0,0,0,0,0,0
New York Islanders,San Jose Sharks,15.0,29.6,82,39,27,16,94,0.573,245,258,1.0,5.0,-0.18,0.03,2.99,3.15,47,231,20.35,63,221,71.49,10,3,7.1,7.4,2470,9.9,2686,0.904,5,0,17113,9.747593687577451,0,32.0,27.7,82,19,54,9,47,0.287,180,326,1.0,5.0,-1.78,0.05,2.2,3.98,42,208,20.19,62,252,75.4,3,8,9.5,8.2,2069,8.7,2881,0.887,2,0,0,0,0,0,0,0,0,0,0
St. Louis Blues,New York Rangers,16.0,29.0,82,43,33,6,92,0.561,234,248,5.0,2.0,-0.14,-0.01,2.85,3.02,45,250,18.0,46,215,78.6,11,7,7.4,8.6,2370,9.9,2636,0.906,4,0,18400,9.820105943597078,0,1.0,29.1,82,55,23,4,114,0.695,278,226,4.0,3.0,0.61,-0.03,3.39,2.76,65,246,26.42,36,232,84.48,8,6,9.4,10.4,2582,10.8,2418,0.907,6,0,1,0,0,0,0,0,0,0,0
St. Louis Blues,Dallas Stars,16.0,29.0,82,43,33,6,92,0.561,234,248,5.0,2.0,-0.14,-0.01,2.85,3.02,45,250,18.0,46,215,78.6,11,7,7.4,8.6,2370,9.9,2636,0.906,4,0,18400,9.820105943597078,0,2.0,29.3,82,52,21,9,113,0.689,294,232,4.0,2.0,0.74,-0.04,3.59,2.83,58,240,24.17,43,239,82.01,12,4,6.8,7.5,2588,11.4,2350,0.901,4,0,0,0,0,0,0,0,0,0,1
St. Louis Blues,Carolina Hurricanes,16.0,29.0,82,43,33,6,92,0.561,234,248,5.0,2.0,-0.14,-0.01,2.85,3.02,45,250,18.0,46,215,78.6,11,7,7.4,8.6,2370,9.9,2636,0.906,4,0,18400,9.820105943597078,0,3.0,29.4,82,52,23,7,111,0.677,277,211,2.0,5.0,0.73,-0.04,3.38,2.57,67,249,26.91,35,258,86.43,11,8,8.5,8.0,2733,10.1,2101,0.9,8,0,0,0,0,0,0,0,0,0,0
St. Louis Blues,Winnipeg Jets,16.0,29.0,82,43,33,6,92,0.561,234,248,5.0,2.0,-0.14,-0.01,2.85,3.02,45,250,18.0,46,215,78.6,11,7,7.4,8.6,2370,9.9,2636,0.906,4,0,18400,9.820105943597078,0,4.0,29.4,82,52,24,6,110,0.671,259,198,0.0,1.0,0.69,-0.04,3.16,2.41,45,240,18.75,51,223,77.13,3,5,8.2,8.9,2488,10.4,2429,0.918,8,1,0,0,0,0,0,0,0,0,1
St. Louis Blues,Florida Panthers,16.0,29.0,82,43,33,6,92,0.561,234,248,5.0,2.0,-0.14,-0.01,2.85,3.02,45,250,18.0,46,215,78.6,11,7,7.4,8.6,2370,9.9,2636,0.906,4,0,18400,9.820105943597078,0,5.0,29.5,82,52,24,6,110,0.671,265,198,3.0,2.0,0.81,-0.02,3.23,2.41,63,268,23.51,51,291,82.47,8,9,13.6,13.5,2764,9.6,2279,0.913,8,0,1,0,0,0,0,0,0,0,0
St. Louis Blues,Boston Bruins,16.0,29.0,82,43,33,6,92,0.561,234,248,5.0,2.0,-0.14,-0.01,2.85,3.02,45,250,18.0,46,215,78.6,11,7,7.4,8.6,2370,9.9,2636,0.906,4,0,18400,9.820105943597078,0,6.0,28.6,82,47,20,15,109,0.665,263,221,4.0,3.0,0.53,0.01,3.21,2.7,54,243,22.22,47,268,82.46,7,6,9.5,8.8,2399,11.0,2504,0.912,5,0,1,0,0,0,0,0,0,0,0
St. Louis Blues,Vancouver Canucks,16.0,29.0,82,43,33,6,92,0.561,234,248,5.0,2.0,-0.14,-0.01,2.85,3.02,45,250,18.0,46,215,78.6,11,7,7.4,8.6,2370,9.9,2636,0.906,4,0,18400,9.820105943597078,0,7.0,28.6,82,50,23,9,109,0.665,279,221,0.0,2.0,0.64,-0.04,3.4,2.7,58,257,22.57,53,254,79.13,7,7,9.6,9.7,2328,12.0,2343,0.906,7,1,1,0,0,0,0,0,0,0,0
St. Louis Blues,Colorado Avalanche,16.0,29.0,82,43,33,6,92,0.561,234,248,5.0,2.0,-0.14,-0.01,2.85,3.02,45,250,18.0,46,215,78.6,11,7,7.4,8.6,2370,9.9,2636,0.906,4,0,18400,9.820105943597078,0,8.0,28.8,82,50,25,7,107,0.652,302,252,2.0,2.0,0.57,-0.05,3.68,3.07,68,278,24.46,53,264,79.92,7,6,8.9,9.7,2705,11.2,2444,0.897,4,0,1,0,0,0,0,0,0,0,1
St. Louis Blues,Edmonton Oilers,16.0,29.0,82,43,33,6,92,0.561,234,248,5.0,2.0,-0.14,-0.01,2.85,3.02,45,250,18.0,46,215,78.6,11,7,7.4,8.6,2370,9.9,2636,0.906,4,0,18400,9.820105943597078,0,9.0,29.4,82,49,27,6,104,0.634,292,236,2.0,1.0,0.65,-0.04,3.56,2.88,64,243,26.34,53,258,79.46,7,5,9.5,8.5,2768,10.5,2307,0.898,4,1,1,0,0,0,0,0,0,0,0
St. Louis Blues,Toronto Maple Leafs,16.0,29.0,82,43,33,6,92,0.561,234,248,5.0,2.0,-0.14,-0.01,2.85,3.02,45,250,18.0,46,215,78.6,11,7,7.4,8.6,2370,9.9,2636,0.906,4,0,18400,9.820105943597078,0,10.0,28.9,82,46,26,10,102,0.622,298,261,5.0,2.0,0.5,0.01,3.63,3.18,57,238,23.95,55,238,76.89,6,9,9.9,10.2,2671,11.2,2446,0.893,5,1,1,0,0,0,0,0,0,0,0
St. Louis Blues,Nashville Predators,16.0,29.0,82,43,33,6,92,0.561,234,248,5.0,2.0,-0.14,-0.01,2.85,3.02,45,250,18.0,46,215,78.6,11,7,7.4,8.6,2370,9.9,2636,0.906,4,0,18400,9.820105943597078,0,11.0,29.5,82,47,30,5,99,0.604,266,248,3.0,0.0,0.23,-0.02,3.24,3.02,58,269,21.56,57,247,76.92,7,5,9.7,9.5,2642,10.1,2507,0.901,4,0,1,0,0,0,0,0,0,0,1
St. Louis Blues,Los Angeles Kings,16.0,29.0,82,43,33,6,92,0.561,234,248,5.0,2.0,-0.14,-0.01,2.85,3.02,45,250,18.0,46,215,78.6,11,7,7.4,8.6,2370,9.9,2636,0.906,4,0,18400,9.820105943597078,0,12.0,29.5,82,44,27,11,99,0.604,254,210,2.0,5.0,0.45,-0.05,3.1,2.56,56,248,22.58,39,253,84.58,11,7,8.7,9.5,2616,9.7,2296,0.909,7,0,0,0,0,0,0,0,0,0,0
St. Louis Blues,Tampa Bay Lightning,16.0,29.0,82,43,33,6,92,0.561,234,248,5.0,2.0,-0.14,-0.01,2.85,3.02,45,250,18.0,46,215,78.6,11,7,7.4,8.6,2370,9.9,2636,0.906,4,0,18400,9.820105943597078,0,13.0,29.1,82,45,29,8,98,0.598,288,267,3.0,1.0,0.28,0.0,3.51,3.26,71,248,28.63,39,234,83.33,5,6,11.0,11.0,2401,12.0,2430,0.89,4,0,1,0,0,0,0,0,0,0,0
St. Louis Blues,Vegas Golden Knights,16.0,29.0,82,43,33,6,92,0.561,234,248,5.0,2.0,-0.14,-0.01,2.85,3.02,45,250,18.0,46,215,78.6,11,7,7.4,8.6,2370,9.9,2636,0.906,4,0,18400,9.820105943597078,0,14.0,29.0,82,45,29,8,98,0.598,263,243,4.0,2.0,0.22,-0.05,3.21,2.96,51,252,20.24,44,213,79.34,9,8,7.4,8.5,2548,10.3,2487,0.902,3,0,0,0,0,0,0,0,0,0,0
St. Louis Blues,New York Islanders,16.0,29.0,82,43,33,6,92,0.561,234,248,5.0,2.0,-0.14,-0.01,2.85,3.02,45,250,18.0,46,215,78.6,11,7,7.4,8.6,2370,9.9,2636,0.906,4,0,18400,9.820105943597078,0,15.0,29.6,82,39,27,16,94,0.573,245,258,1.0,5.0,-0.18,0.03,2.99,3.15,47,231,20.35,63,221,71.49,10,3,7.1,7.4,2470,9.9,2686,0.904,5,0,0,0,0,0,0,0,0,0,0
St. Louis Blues,Washington Capitals,16.0,29.0,82,43,33,6,92,0.561,234,248,5.0,2.0,-0.14,-0.01,2.85,3.02,45,250,18.0,46,215,78.6,11,7,7.4,8.6,2370,9.9,2636,0.906,4,0,18400,9.820105943597078,0,17.0,30.0,82,40,31,11,91,0.555,216,252,4.0,5.0,-0.41,0.04,2.63,3.07,47,228,20.61,49,233,78.97,3,5,7.7,7.4,2172,9.9,2503,0.899,7,0,0,0,0,0,0,0,0,0,0
St. Louis Blues,Detroit Red Wings,16.0,29.0,82,43,33,6,92,0.561,234,248,5.0,2.0,-0.14,-0.01,2.85,3.02,45,250,18.0,46,215,78.6,11,7,7.4,8.6,2370,9.9,2636,0.906,4,0,18400,9.820105943597078,0,18.0,29.3,82,41,32,9,91,0.555,275,273,3.0,1.0,0.06,0.02,3.35,3.33,63,273,23.08,49,240,79.58,7,10,8.7,9.9,2375,11.6,2657,0.897,4,0,0,0,0,0,0,0,0,0,0
St. Louis Blues,Pittsburgh Penguins,16.0,29.0,82,43,33,6,92,0.561,234,248,5.0,2.0,-0.14,-0.01,2.85,3.02,45,250,18.0,46,215,78.6,11,7,7.4,8.6,2370,9.9,2636,0.906,4,0,18400,9.820105943597078,0,19.0,31.3,82,38,32,12,88,0.537,253,248,2.0,3.0,0.05,0.0,3.09,3.02,40,262,15.27,47,243,80.66,5,12,7.4,7.9,2685,9.4,2479,0.9,8,0,1,0,0,0,0,0,0,0,0
St. Louis Blues,Minnesota Wild,16.0,29.0,82,43,33,6,92,0.561,234,248,5.0,2.0,-0.14,-0.01,2.85,3.02,45,250,18.0,46,215,78.6,11,7,7.4,8.6,2370,9.9,2636,0.906,4,0,18400,9.820105943597078,0,20.0,29.3,82,39,34,9,87,0.53,248,260,3.0,3.0,-0.14,0.01,3.02,3.17,62,273,22.71,67,263,74.52,3,11,11.4,11.3,2471,10.0,2437,0.893,6,0,1,0,0,0,0,0,0,0,1
St. Louis Blues,Philadelphia Flyers,16.0,29.0,82,43,33,6,92,0.561,234,248,5.0,2.0,-0.14,-0.01,2.85,3.02,45,250,18.0,46,215,78.6,11,7,7.4,8.6,2370,9.9,2636,0.906,4,0,18400,9.820105943597078,0,21.0,27.1,82,38,33,11,87,0.53,231,258,4.0,3.0,-0.29,0.03,2.82,3.15,31,254,12.2,40,241,83.4,16,4,10.1,9.7,2708,8.5,2225,0.884,5,0,0,0,0,0,0,0,0,0,0
St. Louis Blues,Buffalo Sabres,16.0,29.0,82,43,33,6,92,0.561,234,248,5.0,2.0,-0.14,-0.01,2.85,3.02,45,250,18.0,46,215,78.6,11,7,7.4,8.6,2370,9.9,2636,0.906,4,0,18400,9.820105943597078,0,22.0,25.7,82,39,37,6,84,0.512,244,243,2.0,1.0,0.03,0.01,2.98,2.96,37,223,16.59,49,243,79.84,7,10,9.8,9.2,2534,9.6,2402,0.899,5,0,0,0,0,0,0,0,0,0,0
St. Louis Blues,New Jersey Devils,16.0,29.0,82,43,33,6,92,0.561,234,248,5.0,2.0,-0.14,-0.01,2.85,3.02,45,250,18.0,46,215,78.6,11,7,7.4,8.6,2370,9.9,2636,0.906,4,0,18400,9.820105943597078,0,23.0,26.8,82,38,39,5,81,0.494,264,281,0.0,2.0,-0.22,0.01,3.22,3.43,55,245,22.45,47,243,80.66,3,9,9.1,9.6,2516,10.5,2458,0.886,1,0,0,0,0,0,0,0,0,0,0
St. Louis Blues,Seattle Kraken,16.0,29.0,82,43,33,6,92,0.561,234,248,5.0,2.0,-0.14,-0.01,2.85,3.02,45,250,18.0,46,215,78.6,11,7,7.4,8.6,2370,9.9,2636,0.906,4,0,18400,9.820105943597078,0,24.0,29.4,82,34,35,13,81,0.494,214,232,3.0,4.0,-0.26,-0.03,2.61,2.83,50,242,20.66,47,222,78.83,6,9,8.0,8.1,2347,9.1,2391,0.903,5,0,0,0,0,0,0,0,0,0,0
St. Louis Blues,Calgary Flames,16.0,29.0,82,43,33,6,92,0.561,234,248,5.0,2.0,-0.14,-0.01,2.85,3.02,45,250,18.0,46,215,78.6,11,7,7.4,8.6,2370,9.9,2636,0.906,4,0,18400,9.820105943597078,0,25.0,29.2,82,38,39,5,81,0.494,253,267,0.0,4.0,-0.2,0.02,3.09,3.26,45,252,17.86,47,245,80.82,11,11,9.4,9.2,2572,9.8,2438,0.89,2,1,0,0,0,0,0,0,0,0,0
St. Louis Blues,Ottawa Senators,16.0,29.0,82,43,33,6,92,0.561,234,248,5.0,2.0,-0.14,-0.01,2.85,3.02,45,250,18.0,46,215,78.6,11,7,7.4,8.6,2370,9.9,2636,0.906,4,0,18400,9.820105943597078,0,26.0,27.0,82,37,41,4,78,0.476,250,281,5.0,0.0,-0.28,0.04,3.05,3.43,51,283,18.02,61,245,75.1,7,6,10.4,11.1,2602,9.6,2432,0.884,2,1,0,0,0,0,0,0,0,0,0
St. Louis Blues,Montreal Canadiens,16.0,29.0,82,43,33,6,92,0.561,234,248,5.0,2.0,-0.14,-0.01,2.85,3.02,45,250,18.0,46,215,78.6,11,7,7.4,8.6,2370,9.9,2636,0.906,4,0,18400,9.820105943597078,0,28.0,26.7,82,30,36,16,76,0.463,232,281,4.0,8.0,-0.59,0.05,2.83,3.43,44,252,17.46,65,277,76.53,7,12,10.2,10.0,2269,10.2,2738,0.897,2,1,0,0,0,0,0,0,0,0,0
St. Louis Blues,Columbus Blue Jackets,16.0,29.0,82,43,33,6,92,0.561,234,248,5.0,2.0,-0.14,-0.01,2.85,3.02,45,250,18.0,46,215,78.6,11,7,7.4,8.6,2370,9.9,2636,0.906,4,0,18400,9.820105943597078,0,29.0,26.8,82,27,43,12,66,0.402,234,298,3.0,2.0,-0.72,0.05,2.85,3.63,32,212,15.09,56,236,76.27,5,6,8.2,7.6,2458,9.5,2822,0.894,1,0,0,0,0,0,0,0,0,0,0
St. Louis Blues,Anaheim Ducks,16.0,29.0,82,43,33,6,92,0.561,234,248,5.0,2.0,-0.14,-0.01,2.85,3.02,45,250,18.0,46,215,78.6,11,7,7.4,8.6,2370,9.9,2636,0.906,4,0,18400,9.820105943597078,0,30.0,27.7,82,27,50,5,59,0.36,203,293,1.0,2.0,-1.09,0.02,2.48,3.57,43,235,18.3,91,330,72.42,12,5,13.5,10.9,2194,9.3,2666,0.89,1,0,0,0,0,0,0,0,0,0,0
St. Louis Blues,Chicago Blackhawks,16.0,29.0,82,43,33,6,92,0.561,234,248,5.0,2.0,-0.14,-0.01,2.85,3.02,45,250,18.0,46,215,78.6,11,7,7.4,8.6,2370,9.9,2636,0.906,4,0,18400,9.820105943597078,0,31.0,27.4,82,23,53,6,52,0.317,178,289,1.0,1.0,-1.29,0.06,2.17,3.52,39,235,16.6,56,231,75.76,3,8,8.7,9.3,2153,8.3,2681,0.892,1,0,0,0,0,0,0,0,0,0,1
St. Louis Blues,San Jose Sharks,16.0,29.0,82,43,33,6,92,0.561,234,248,5.0,2.0,-0.14,-0.01,2.85,3.02,45,250,18.0,46,215,78.6,11,7,7.4,8.6,2370,9.9,2636,0.906,4,0,18400,9.820105943597078,0,32.0,27.7,82,19,54,9,47,0.287,180,326,1.0,5.0,-1.78,0.05,2.2,3.98,42,208,20.19,62,252,75.4,3,8,9.5,8.2,2069,8.7,2881,0.887,2,0,0,0,0,0,0,0,0,0,0
Washington Capitals,New York Rangers,17.0,30.0,82,40,31,11,91,0.555,216,252,4.0,5.0,-0.41,0.04,2.63,3.07,47,228,20.61,49,233,78.97,3,5,7.7,7.4,2172,9.9,2503,0.899,7,0,18506,9.825850282808975,0,1.0,29.1,82,55,23,4,114,0.695,278,226,4.0,3.0,0.61,-0.03,3.39,2.76,65,246,26.42,36,232,84.48,8,6,9.4,10.4,2582,10.8,2418,0.907,6,0,1,0,0,0,0,0,0,0,1
Washington Capitals,Dallas Stars,17.0,30.0,82,40,31,11,91,0.555,216,252,4.0,5.0,-0.41,0.04,2.63,3.07,47,228,20.61,49,233,78.97,3,5,7.7,7.4,2172,9.9,2503,0.899,7,0,18506,9.825850282808975,0,2.0,29.3,82,52,21,9,113,0.689,294,232,4.0,2.0,0.74,-0.04,3.59,2.83,58,240,24.17,43,239,82.01,12,4,6.8,7.5,2588,11.4,2350,0.901,4,0,0,0,0,0,0,0,0,0,0
Washington Capitals,Carolina Hurricanes,17.0,30.0,82,40,31,11,91,0.555,216,252,4.0,5.0,-0.41,0.04,2.63,3.07,47,228,20.61,49,233,78.97,3,5,7.7,7.4,2172,9.9,2503,0.899,7,0,18506,9.825850282808975,0,3.0,29.4,82,52,23,7,111,0.677,277,211,2.0,5.0,0.73,-0.04,3.38,2.57,67,249,26.91,35,258,86.43,11,8,8.5,8.0,2733,10.1,2101,0.9,8,0,0,0,0,0,0,0,0,0,1
Washington Capitals,Winnipeg Jets,17.0,30.0,82,40,31,11,91,0.555,216,252,4.0,5.0,-0.41,0.04,2.63,3.07,47,228,20.61,49,233,78.97,3,5,7.7,7.4,2172,9.9,2503,0.899,7,0,18506,9.825850282808975,0,4.0,29.4,82,52,24,6,110,0.671,259,198,0.0,1.0,0.69,-0.04,3.16,2.41,45,240,18.75,51,223,77.13,3,5,8.2,8.9,2488,10.4,2429,0.918,8,1,0,0,0,0,0,0,0,0,0
Washington Capitals,Florida Panthers,17.0,30.0,82,40,31,11,91,0.555,216,252,4.0,5.0,-0.41,0.04,2.63,3.07,47,228,20.61,49,233,78.97,3,5,7.7,7.4,2172,9.9,2503,0.899,7,0,18506,9.825850282808975,0,5.0,29.5,82,52,24,6,110,0.671,265,198,3.0,2.0,0.81,-0.02,3.23,2.41,63,268,23.51,51,291,82.47,8,9,13.6,13.5,2764,9.6,2279,0.913,8,0,1,0,0,0,0,0,0,0,0
Washington Capitals,Boston Bruins,17.0,30.0,82,40,31,11,91,0.555,216,252,4.0,5.0,-0.41,0.04,2.63,3.07,47,228,20.61,49,233,78.97,3,5,7.7,7.4,2172,9.9,2503,0.899,7,0,18506,9.825850282808975,0,6.0,28.6,82,47,20,15,109,0.665,263,221,4.0,3.0,0.53,0.01,3.21,2.7,54,243,22.22,47,268,82.46,7,6,9.5,8.8,2399,11.0,2504,0.912,5,0,1,0,0,0,0,0,0,0,0
Washington Capitals,Vancouver Canucks,17.0,30.0,82,40,31,11,91,0.555,216,252,4.0,5.0,-0.41,0.04,2.63,3.07,47,228,20.61,49,233,78.97,3,5,7.7,7.4,2172,9.9,2503,0.899,7,0,18506,9.825850282808975,0,7.0,28.6,82,50,23,9,109,0.665,279,221,0.0,2.0,0.64,-0.04,3.4,2.7,58,257,22.57,53,254,79.13,7,7,9.6,9.7,2328,12.0,2343,0.906,7,1,1,0,0,0,0,0,0,0,0
Washington Capitals,Colorado Avalanche,17.0,30.0,82,40,31,11,91,0.555,216,252,4.0,5.0,-0.41,0.04,2.63,3.07,47,228,20.61,49,233,78.97,3,5,7.7,7.4,2172,9.9,2503,0.899,7,0,18506,9.825850282808975,0,8.0,28.8,82,50,25,7,107,0.652,302,252,2.0,2.0,0.57,-0.05,3.68,3.07,68,278,24.46,53,264,79.92,7,6,8.9,9.7,2705,11.2,2444,0.897,4,0,1,0,0,0,0,0,0,0,0
Washington Capitals,Edmonton Oilers,17.0,30.0,82,40,31,11,91,0.555,216,252,4.0,5.0,-0.41,0.04,2.63,3.07,47,228,20.61,49,233,78.97,3,5,7.7,7.4,2172,9.9,2503,0.899,7,0,18506,9.825850282808975,0,9.0,29.4,82,49,27,6,104,0.634,292,236,2.0,1.0,0.65,-0.04,3.56,2.88,64,243,26.34,53,258,79.46,7,5,9.5,8.5,2768,10.5,2307,0.898,4,1,1,0,0,0,0,0,0,0,0
Washington Capitals,Toronto Maple Leafs,17.0,30.0,82,40,31,11,91,0.555,216,252,4.0,5.0,-0.41,0.04,2.63,3.07,47,228,20.61,49,233,78.97,3,5,7.7,7.4,2172,9.9,2503,0.899,7,0,18506,9.825850282808975,0,10.0,28.9,82,46,26,10,102,0.622,298,261,5.0,2.0,0.5,0.01,3.63,3.18,57,238,23.95,55,238,76.89,6,9,9.9,10.2,2671,11.2,2446,0.893,5,1,1,0,0,0,0,0,0,0,0
Washington Capitals,Nashville Predators,17.0,30.0,82,40,31,11,91,0.555,216,252,4.0,5.0,-0.41,0.04,2.63,3.07,47,228,20.61,49,233,78.97,3,5,7.7,7.4,2172,9.9,2503,0.899,7,0,18506,9.825850282808975,0,11.0,29.5,82,47,30,5,99,0.604,266,248,3.0,0.0,0.23,-0.02,3.24,3.02,58,269,21.56,57,247,76.92,7,5,9.7,9.5,2642,10.1,2507,0.901,4,0,1,0,0,0,0,0,0,0,0
Washington Capitals,Los Angeles Kings,17.0,30.0,82,40,31,11,91,0.555,216,252,4.0,5.0,-0.41,0.04,2.63,3.07,47,228,20.61,49,233,78.97,3,5,7.7,7.4,2172,9.9,2503,0.899,7,0,18506,9.825850282808975,0,12.0,29.5,82,44,27,11,99,0.604,254,210,2.0,5.0,0.45,-0.05,3.1,2.56,56,248,22.58,39,253,84.58,11,7,8.7,9.5,2616,9.7,2296,0.909,7,0,0,0,0,0,0,0,0,0,0
Washington Capitals,Tampa Bay Lightning,17.0,30.0,82,40,31,11,91,0.555,216,252,4.0,5.0,-0.41,0.04,2.63,3.07,47,228,20.61,49,233,78.97,3,5,7.7,7.4,2172,9.9,2503,0.899,7,0,18506,9.825850282808975,0,13.0,29.1,82,45,29,8,98,0.598,288,267,3.0,1.0,0.28,0.0,3.51,3.26,71,248,28.63,39,234,83.33,5,6,11.0,11.0,2401,12.0,2430,0.89,4,0,1,0,0,0,0,0,0,0,0
Washington Capitals,Vegas Golden Knights,17.0,30.0,82,40,31,11,91,0.555,216,252,4.0,5.0,-0.41,0.04,2.63,3.07,47,228,20.61,49,233,78.97,3,5,7.7,7.4,2172,9.9,2503,0.899,7,0,18506,9.825850282808975,0,14.0,29.0,82,45,29,8,98,0.598,263,243,4.0,2.0,0.22,-0.05,3.21,2.96,51,252,20.24,44,213,79.34,9,8,7.4,8.5,2548,10.3,2487,0.902,3,0,0,0,0,0,0,0,0,0,0
Washington Capitals,New York Islanders,17.0,30.0,82,40,31,11,91,0.555,216,252,4.0,5.0,-0.41,0.04,2.63,3.07,47,228,20.61,49,233,78.97,3,5,7.7,7.4,2172,9.9,2503,0.899,7,0,18506,9.825850282808975,0,15.0,29.6,82,39,27,16,94,0.573,245,258,1.0,5.0,-0.18,0.03,2.99,3.15,47,231,20.35,63,221,71.49,10,3,7.1,7.4,2470,9.9,2686,0.904,5,0,0,0,0,0,0,0,0,0,1
Washington Capitals,St. Louis Blues,17.0,30.0,82,40,31,11,91,0.555,216,252,4.0,5.0,-0.41,0.04,2.63,3.07,47,228,20.61,49,233,78.97,3,5,7.7,7.4,2172,9.9,2503,0.899,7,0,18506,9.825850282808975,0,16.0,29.0,82,43,33,6,92,0.561,234,248,5.0,2.0,-0.14,-0.01,2.85,3.02,45,250,18.0,46,215,78.6,11,7,7.4,8.6,2370,9.9,2636,0.906,4,0,0,0,0,0,0,0,0,0,0
Washington Capitals,Detroit Red Wings,17.0,30.0,82,40,31,11,91,0.555,216,252,4.0,5.0,-0.41,0.04,2.63,3.07,47,228,20.61,49,233,78.97,3,5,7.7,7.4,2172,9.9,2503,0.899,7,0,18506,9.825850282808975,0,18.0,29.3,82,41,32,9,91,0.555,275,273,3.0,1.0,0.06,0.02,3.35,3.33,63,273,23.08,49,240,79.58,7,10,8.7,9.9,2375,11.6,2657,0.897,4,0,0,0,0,0,0,0,0,0,0
Washington Capitals,Pittsburgh Penguins,17.0,30.0,82,40,31,11,91,0.555,216,252,4.0,5.0,-0.41,0.04,2.63,3.07,47,228,20.61,49,233,78.97,3,5,7.7,7.4,2172,9.9,2503,0.899,7,0,18506,9.825850282808975,0,19.0,31.3,82,38,32,12,88,0.537,253,248,2.0,3.0,0.05,0.0,3.09,3.02,40,262,15.27,47,243,80.66,5,12,7.4,7.9,2685,9.4,2479,0.9,8,0,1,0,0,0,0,0,0,0,1
Washington Capitals,Minnesota Wild,17.0,30.0,82,40,31,11,91,0.555,216,252,4.0,5.0,-0.41,0.04,2.63,3.07,47,228,20.61,49,233,78.97,3,5,7.7,7.4,2172,9.9,2503,0.899,7,0,18506,9.825850282808975,0,20.0,29.3,82,39,34,9,87,0.53,248,260,3.0,3.0,-0.14,0.01,3.02,3.17,62,273,22.71,67,263,74.52,3,11,11.4,11.3,2471,10.0,2437,0.893,6,0,1,0,0,0,0,0,0,0,0
Washington Capitals,Philadelphia Flyers,17.0,30.0,82,40,31,11,91,0.555,216,252,4.0,5.0,-0.41,0.04,2.63,3.07,47,228,20.61,49,233,78.97,3,5,7.7,7.4,2172,9.9,2503,0.899,7,0,18506,9.825850282808975,0,21.0,27.1,82,38,33,11,87,0.53,231,258,4.0,3.0,-0.29,0.03,2.82,3.15,31,254,12.2,40,241,83.4,16,4,10.1,9.7,2708,8.5,2225,0.884,5,0,0,0,0,0,0,0,0,0,1
Washington Capitals,Buffalo Sabres,17.0,30.0,82,40,31,11,91,0.555,216,252,4.0,5.0,-0.41,0.04,2.63,3.07,47,228,20.61,49,233,78.97,3,5,7.7,7.4,2172,9.9,2503,0.899,7,0,18506,9.825850282808975,0,22.0,25.7,82,39,37,6,84,0.512,244,243,2.0,1.0,0.03,0.01,2.98,2.96,37,223,16.59,49,243,79.84,7,10,9.8,9.2,2534,9.6,2402,0.899,5,0,0,0,0,0,0,0,0,0,0
Washington Capitals,New Jersey Devils,17.0,30.0,82,40,31,11,91,0.555,216,252,4.0,5.0,-0.41,0.04,2.63,3.07,47,228,20.61,49,233,78.97,3,5,7.7,7.4,2172,9.9,2503,0.899,7,0,18506,9.825850282808975,0,23.0,26.8,82,38,39,5,81,0.494,264,281,0.0,2.0,-0.22,0.01,3.22,3.43,55,245,22.45,47,243,80.66,3,9,9.1,9.6,2516,10.5,2458,0.886,1,0,0,0,0,0,0,0,0,0,1
Washington Capitals,Seattle Kraken,17.0,30.0,82,40,31,11,91,0.555,216,252,4.0,5.0,-0.41,0.04,2.63,3.07,47,228,20.61,49,233,78.97,3,5,7.7,7.4,2172,9.9,2503,0.899,7,0,18506,9.825850282808975,0,24.0,29.4,82,34,35,13,81,0.494,214,232,3.0,4.0,-0.26,-0.03,2.61,2.83,50,242,20.66,47,222,78.83,6,9,8.0,8.1,2347,9.1,2391,0.903,5,0,0,0,0,0,0,0,0,0,0
Washington Capitals,Calgary Flames,17.0,30.0,82,40,31,11,91,0.555,216,252,4.0,5.0,-0.41,0.04,2.63,3.07,47,228,20.61,49,233,78.97,3,5,7.7,7.4,2172,9.9,2503,0.899,7,0,18506,9.825850282808975,0,25.0,29.2,82,38,39,5,81,0.494,253,267,0.0,4.0,-0.2,0.02,3.09,3.26,45,252,17.86,47,245,80.82,11,11,9.4,9.2,2572,9.8,2438,0.89,2,1,0,0,0,0,0,0,0,0,0
Washington Capitals,Ottawa Senators,17.0,30.0,82,40,31,11,91,0.555,216,252,4.0,5.0,-0.41,0.04,2.63,3.07,47,228,20.61,49,233,78.97,3,5,7.7,7.4,2172,9.9,2503,0.899,7,0,18506,9.825850282808975,0,26.0,27.0,82,37,41,4,78,0.476,250,281,5.0,0.0,-0.28,0.04,3.05,3.43,51,283,18.02,61,245,75.1,7,6,10.4,11.1,2602,9.6,2432,0.884,2,1,0,0,0,0,0,0,0,0,0
Washington Capitals,Montreal Canadiens,17.0,30.0,82,40,31,11,91,0.555,216,252,4.0,5.0,-0.41,0.04,2.63,3.07,47,228,20.61,49,233,78.97,3,5,7.7,7.4,2172,9.9,2503,0.899,7,0,18506,9.825850282808975,0,28.0,26.7,82,30,36,16,76,0.463,232,281,4.0,8.0,-0.59,0.05,2.83,3.43,44,252,17.46,65,277,76.53,7,12,10.2,10.0,2269,10.2,2738,0.897,2,1,0,0,0,0,0,0,0,0,0
Washington Capitals,Columbus Blue Jackets,17.0,30.0,82,40,31,11,91,0.555,216,252,4.0,5.0,-0.41,0.04,2.63,3.07,47,228,20.61,49,233,78.97,3,5,7.7,7.4,2172,9.9,2503,0.899,7,0,18506,9.825850282808975,0,29.0,26.8,82,27,43,12,66,0.402,234,298,3.0,2.0,-0.72,0.05,2.85,3.63,32,212,15.09,56,236,76.27,5,6,8.2,7.6,2458,9.5,2822,0.894,1,0,0,0,0,0,0,0,0,0,1
Washington Capitals,Anaheim Ducks,17.0,30.0,82,40,31,11,91,0.555,216,252,4.0,5.0,-0.41,0.04,2.63,3.07,47,228,20.61,49,233,78.97,3,5,7.7,7.4,2172,9.9,2503,0.899,7,0,18506,9.825850282808975,0,30.0,27.7,82,27,50,5,59,0.36,203,293,1.0,2.0,-1.09,0.02,2.48,3.57,43,235,18.3,91,330,72.42,12,5,13.5,10.9,2194,9.3,2666,0.89,1,0,0,0,0,0,0,0,0,0,0
Washington Capitals,Chicago Blackhawks,17.0,30.0,82,40,31,11,91,0.555,216,252,4.0,5.0,-0.41,0.04,2.63,3.07,47,228,20.61,49,233,78.97,3,5,7.7,7.4,2172,9.9,2503,0.899,7,0,18506,9.825850282808975,0,31.0,27.4,82,23,53,6,52,0.317,178,289,1.0,1.0,-1.29,0.06,2.17,3.52,39,235,16.6,56,231,75.76,3,8,8.7,9.3,2153,8.3,2681,0.892,1,0,0,0,0,0,0,0,0,0,0
Washington Capitals,San Jose Sharks,17.0,30.0,82,40,31,11,91,0.555,216,252,4.0,5.0,-0.41,0.04,2.63,3.07,47,228,20.61,49,233,78.97,3,5,7.7,7.4,2172,9.9,2503,0.899,7,0,18506,9.825850282808975,0,32.0,27.7,82,19,54,9,47,0.287,180,326,1.0,5.0,-1.78,0.05,2.2,3.98,42,208,20.19,62,252,75.4,3,8,9.5,8.2,2069,8.7,2881,0.887,2,0,0,0,0,0,0,0,0,0,0
Detroit Red Wings,New York Rangers,18.0,29.3,82,41,32,9,91,0.555,275,273,3.0,1.0,0.06,0.02,3.35,3.33,63,273,23.08,49,240,79.58,7,10,8.7,9.9,2375,11.6,2657,0.897,4,0,20000,9.903487552536127,0,1.0,29.1,82,55,23,4,114,0.695,278,226,4.0,3.0,0.61,-0.03,3.39,2.76,65,246,26.42,36,232,84.48,8,6,9.4,10.4,2582,10.8,2418,0.907,6,0,1,0,0,0,0,0,0,0,0
Detroit Red Wings,Dallas Stars,18.0,29.3,82,41,32,9,91,0.555,275,273,3.0,1.0,0.06,0.02,3.35,3.33,63,273,23.08,49,240,79.58,7,10,8.7,9.9,2375,11.6,2657,0.897,4,0,20000,9.903487552536127,0,2.0,29.3,82,52,21,9,113,0.689,294,232,4.0,2.0,0.74,-0.04,3.59,2.83,58,240,24.17,43,239,82.01,12,4,6.8,7.5,2588,11.4,2350,0.901,4,0,0,0,0,0,0,0,0,0,0
Detroit Red Wings,Carolina Hurricanes,18.0,29.3,82,41,32,9,91,0.555,275,273,3.0,1.0,0.06,0.02,3.35,3.33,63,273,23.08,49,240,79.58,7,10,8.7,9.9,2375,11.6,2657,0.897,4,0,20000,9.903487552536127,0,3.0,29.4,82,52,23,7,111,0.677,277,211,2.0,5.0,0.73,-0.04,3.38,2.57,67,249,26.91,35,258,86.43,11,8,8.5,8.0,2733,10.1,2101,0.9,8,0,0,0,0,0,0,0,0,0,0
Detroit Red Wings,Winnipeg Jets,18.0,29.3,82,41,32,9,91,0.555,275,273,3.0,1.0,0.06,0.02,3.35,3.33,63,273,23.08,49,240,79.58,7,10,8.7,9.9,2375,11.6,2657,0.897,4,0,20000,9.903487552536127,0,4.0,29.4,82,52,24,6,110,0.671,259,198,0.0,1.0,0.69,-0.04,3.16,2.41,45,240,18.75,51,223,77.13,3,5,8.2,8.9,2488,10.4,2429,0.918,8,1,0,0,0,0,0,0,0,0,0
Detroit Red Wings,Florida Panthers,18.0,29.3,82,41,32,9,91,0.555,275,273,3.0,1.0,0.06,0.02,3.35,3.33,63,273,23.08,49,240,79.58,7,10,8.7,9.9,2375,11.6,2657,0.897,4,0,20000,9.903487552536127,0,5.0,29.5,82,52,24,6,110,0.671,265,198,3.0,2.0,0.81,-0.02,3.23,2.41,63,268,23.51,51,291,82.47,8,9,13.6,13.5,2764,9.6,2279,0.913,8,0,1,0,0,0,0,0,0,0,1
Detroit Red Wings,Boston Bruins,18.0,29.3,82,41,32,9,91,0.555,275,273,3.0,1.0,0.06,0.02,3.35,3.33,63,273,23.08,49,240,79.58,7,10,8.7,9.9,2375,11.6,2657,0.897,4,0,20000,9.903487552536127,0,6.0,28.6,82,47,20,15,109,0.665,263,221,4.0,3.0,0.53,0.01,3.21,2.7,54,243,22.22,47,268,82.46,7,6,9.5,8.8,2399,11.0,2504,0.912,5,0,1,0,0,0,0,0,0,0,1
Detroit Red Wings,Vancouver Canucks,18.0,29.3,82,41,32,9,91,0.555,275,273,3.0,1.0,0.06,0.02,3.35,3.33,63,273,23.08,49,240,79.58,7,10,8.7,9.9,2375,11.6,2657,0.897,4,0,20000,9.903487552536127,0,7.0,28.6,82,50,23,9,109,0.665,279,221,0.0,2.0,0.64,-0.04,3.4,2.7,58,257,22.57,53,254,79.13,7,7,9.6,9.7,2328,12.0,2343,0.906,7,1,1,0,0,0,0,0,0,0,0
Detroit Red Wings,Colorado Avalanche,18.0,29.3,82,41,32,9,91,0.555,275,273,3.0,1.0,0.06,0.02,3.35,3.33,63,273,23.08,49,240,79.58,7,10,8.7,9.9,2375,11.6,2657,0.897,4,0,20000,9.903487552536127,0,8.0,28.8,82,50,25,7,107,0.652,302,252,2.0,2.0,0.57,-0.05,3.68,3.07,68,278,24.46,53,264,79.92,7,6,8.9,9.7,2705,11.2,2444,0.897,4,0,1,0,0,0,0,0,0,0,0
Detroit Red Wings,Edmonton Oilers,18.0,29.3,82,41,32,9,91,0.555,275,273,3.0,1.0,0.06,0.02,3.35,3.33,63,273,23.08,49,240,79.58,7,10,8.7,9.9,2375,11.6,2657,0.897,4,0,20000,9.903487552536127,0,9.0,29.4,82,49,27,6,104,0.634,292,236,2.0,1.0,0.65,-0.04,3.56,2.88,64,243,26.34,53,258,79.46,7,5,9.5,8.5,2768,10.5,2307,0.898,4,1,1,0,0,0,0,0,0,0,0
Detroit Red Wings,Toronto Maple Leafs,18.0,29.3,82,41,32,9,91,0.555,275,273,3.0,1.0,0.06,0.02,3.35,3.33,63,273,23.08,49,240,79.58,7,10,8.7,9.9,2375,11.6,2657,0.897,4,0,20000,9.903487552536127,0,10.0,28.9,82,46,26,10,102,0.622,298,261,5.0,2.0,0.5,0.01,3.63,3.18,57,238,23.95,55,238,76.89,6,9,9.9,10.2,2671,11.2,2446,0.893,5,1,1,0,0,0,0,0,0,0,1
Detroit Red Wings,Nashville Predators,18.0,29.3,82,41,32,9,91,0.555,275,273,3.0,1.0,0.06,0.02,3.35,3.33,63,273,23.08,49,240,79.58,7,10,8.7,9.9,2375,11.6,2657,0.897,4,0,20000,9.903487552536127,0,11.0,29.5,82,47,30,5,99,0.604,266,248,3.0,0.0,0.23,-0.02,3.24,3.02,58,269,21.56,57,247,76.92,7,5,9.7,9.5,2642,10.1,2507,0.901,4,0,1,0,0,0,0,0,0,0,0
Detroit Red Wings,Los Angeles Kings,18.0,29.3,82,41,32,9,91,0.555,275,273,3.0,1.0,0.06,0.02,3.35,3.33,63,273,23.08,49,240,79.58,7,10,8.7,9.9,2375,11.6,2657,0.897,4,0,20000,9.903487552536127,0,12.0,29.5,82,44,27,11,99,0.604,254,210,2.0,5.0,0.45,-0.05,3.1,2.56,56,248,22.58,39,253,84.58,11,7,8.7,9.5,2616,9.7,2296,0.909,7,0,0,0,0,0,0,0,0,0,0
Detroit Red Wings,Tampa Bay Lightning,18.0,29.3,82,41,32,9,91,0.555,275,273,3.0,1.0,0.06,0.02,3.35,3.33,63,273,23.08,49,240,79.58,7,10,8.7,9.9,2375,11.6,2657,0.897,4,0,20000,9.903487552536127,0,13.0,29.1,82,45,29,8,98,0.598,288,267,3.0,1.0,0.28,0.0,3.51,3.26,71,248,28.63,39,234,83.33,5,6,11.0,11.0,2401,12.0,2430,0.89,4,0,1,0,0,0,0,0,0,0,1
Detroit Red Wings,Vegas Golden Knights,18.0,29.3,82,41,32,9,91,0.555,275,273,3.0,1.0,0.06,0.02,3.35,3.33,63,273,23.08,49,240,79.58,7,10,8.7,9.9,2375,11.6,2657,0.897,4,0,20000,9.903487552536127,0,14.0,29.0,82,45,29,8,98,0.598,263,243,4.0,2.0,0.22,-0.05,3.21,2.96,51,252,20.24,44,213,79.34,9,8,7.4,8.5,2548,10.3,2487,0.902,3,0,0,0,0,0,0,0,0,0,0
Detroit Red Wings,New York Islanders,18.0,29.3,82,41,32,9,91,0.555,275,273,3.0,1.0,0.06,0.02,3.35,3.33,63,273,23.08,49,240,79.58,7,10,8.7,9.9,2375,11.6,2657,0.897,4,0,20000,9.903487552536127,0,15.0,29.6,82,39,27,16,94,0.573,245,258,1.0,5.0,-0.18,0.03,2.99,3.15,47,231,20.35,63,221,71.49,10,3,7.1,7.4,2470,9.9,2686,0.904,5,0,0,0,0,0,0,0,0,0,0
Detroit Red Wings,St. Louis Blues,18.0,29.3,82,41,32,9,91,0.555,275,273,3.0,1.0,0.06,0.02,3.35,3.33,63,273,23.08,49,240,79.58,7,10,8.7,9.9,2375,11.6,2657,0.897,4,0,20000,9.903487552536127,0,16.0,29.0,82,43,33,6,92,0.561,234,248,5.0,2.0,-0.14,-0.01,2.85,3.02,45,250,18.0,46,215,78.6,11,7,7.4,8.6,2370,9.9,2636,0.906,4,0,0,0,0,0,0,0,0,0,0
Detroit Red Wings,Washington Capitals,18.0,29.3,82,41,32,9,91,0.555,275,273,3.0,1.0,0.06,0.02,3.35,3.33,63,273,23.08,49,240,79.58,7,10,8.7,9.9,2375,11.6,2657,0.897,4,0,20000,9.903487552536127,0,17.0,30.0,82,40,31,11,91,0.555,216,252,4.0,5.0,-0.41,0.04,2.63,3.07,47,228,20.61,49,233,78.97,3,5,7.7,7.4,2172,9.9,2503,0.899,7,0,0,0,0,0,0,0,0,0,0
Detroit Red Wings,Pittsburgh Penguins,18.0,29.3,82,41,32,9,91,0.555,275,273,3.0,1.0,0.06,0.02,3.35,3.33,63,273,23.08,49,240,79.58,7,10,8.7,9.9,2375,11.6,2657,0.897,4,0,20000,9.903487552536127,0,19.0,31.3,82,38,32,12,88,0.537,253,248,2.0,3.0,0.05,0.0,3.09,3.02,40,262,15.27,47,243,80.66,5,12,7.4,7.9,2685,9.4,2479,0.9,8,0,1,0,0,0,0,0,0,0,0
Detroit Red Wings,Minnesota Wild,18.0,29.3,82,41,32,9,91,0.555,275,273,3.0,1.0,0.06,0.02,3.35,3.33,63,273,23.08,49,240,79.58,7,10,8.7,9.9,2375,11.6,2657,0.897,4,0,20000,9.903487552536127,0,20.0,29.3,82,39,34,9,87,0.53,248,260,3.0,3.0,-0.14,0.01,3.02,3.17,62,273,22.71,67,263,74.52,3,11,11.4,11.3,2471,10.0,2437,0.893,6,0,1,0,0,0,0,0,0,0,0
Detroit Red Wings,Philadelphia Flyers,18.0,29.3,82,41,32,9,91,0.555,275,273,3.0,1.0,0.06,0.02,3.35,3.33,63,273,23.08,49,240,79.58,7,10,8.7,9.9,2375,11.6,2657,0.897,4,0,20000,9.903487552536127,0,21.0,27.1,82,38,33,11,87,0.53,231,258,4.0,3.0,-0.29,0.03,2.82,3.15,31,254,12.2,40,241,83.4,16,4,10.1,9.7,2708,8.5,2225,0.884,5,0,0,0,0,0,0,0,0,0,0
Detroit Red Wings,Buffalo Sabres,18.0,29.3,82,41,32,9,91,0.555,275,273,3.0,1.0,0.06,0.02,3.35,3.33,63,273,23.08,49,240,79.58,7,10,8.7,9.9,2375,11.6,2657,0.897,4,0,20000,9.903487552536127,0,22.0,25.7,82,39,37,6,84,0.512,244,243,2.0,1.0,0.03,0.01,2.98,2.96,37,223,16.59,49,243,79.84,7,10,9.8,9.2,2534,9.6,2402,0.899,5,0,0,0,0,0,0,0,0,0,1
Detroit Red Wings,New Jersey Devils,18.0,29.3,82,41,32,9,91,0.555,275,273,3.0,1.0,0.06,0.02,3.35,3.33,63,273,23.08,49,240,79.58,7,10,8.7,9.9,2375,11.6,2657,0.897,4,0,20000,9.903487552536127,0,23.0,26.8,82,38,39,5,81,0.494,264,281,0.0,2.0,-0.22,0.01,3.22,3.43,55,245,22.45,47,243,80.66,3,9,9.1,9.6,2516,10.5,2458,0.886,1,0,0,0,0,0,0,0,0,0,0
Detroit Red Wings,Seattle Kraken,18.0,29.3,82,41,32,9,91,0.555,275,273,3.0,1.0,0.06,0.02,3.35,3.33,63,273,23.08,49,240,79.58,7,10,8.7,9.9,2375,11.6,2657,0.897,4,0,20000,9.903487552536127,0,24.0,29.4,82,34,35,13,81,0.494,214,232,3.0,4.0,-0.26,-0.03,2.61,2.83,50,242,20.66,47,222,78.83,6,9,8.0,8.1,2347,9.1,2391,0.903,5,0,0,0,0,0,0,0,0,0,0
Detroit Red Wings,Calgary Flames,18.0,29.3,82,41,32,9,91,0.555,275,273,3.0,1.0,0.06,0.02,3.35,3.33,63,273,23.08,49,240,79.58,7,10,8.7,9.9,2375,11.6,2657,0.897,4,0,20000,9.903487552536127,0,25.0,29.2,82,38,39,5,81,0.494,253,267,0.0,4.0,-0.2,0.02,3.09,3.26,45,252,17.86,47,245,80.82,11,11,9.4,9.2,2572,9.8,2438,0.89,2,1,0,0,0,0,0,0,0,0,0
Detroit Red Wings,Ottawa Senators,18.0,29.3,82,41,32,9,91,0.555,275,273,3.0,1.0,0.06,0.02,3.35,3.33,63,273,23.08,49,240,79.58,7,10,8.7,9.9,2375,11.6,2657,0.897,4,0,20000,9.903487552536127,0,26.0,27.0,82,37,41,4,78,0.476,250,281,5.0,0.0,-0.28,0.04,3.05,3.43,51,283,18.02,61,245,75.1,7,6,10.4,11.1,2602,9.6,2432,0.884,2,1,0,0,0,0,0,0,0,0,1
Detroit Red Wings,Montreal Canadiens,18.0,29.3,82,41,32,9,91,0.555,275,273,3.0,1.0,0.06,0.02,3.35,3.33,63,273,23.08,49,240,79.58,7,10,8.7,9.9,2375,11.6,2657,0.897,4,0,20000,9.903487552536127,0,28.0,26.7,82,30,36,16,76,0.463,232,281,4.0,8.0,-0.59,0.05,2.83,3.43,44,252,17.46,65,277,76.53,7,12,10.2,10.0,2269,10.2,2738,0.897,2,1,0,0,0,0,0,0,0,0,1
Detroit Red Wings,Columbus Blue Jackets,18.0,29.3,82,41,32,9,91,0.555,275,273,3.0,1.0,0.06,0.02,3.35,3.33,63,273,23.08,49,240,79.58,7,10,8.7,9.9,2375,11.6,2657,0.897,4,0,20000,9.903487552536127,0,29.0,26.8,82,27,43,12,66,0.402,234,298,3.0,2.0,-0.72,0.05,2.85,3.63,32,212,15.09,56,236,76.27,5,6,8.2,7.6,2458,9.5,2822,0.894,1,0,0,0,0,0,0,0,0,0,0
Detroit Red Wings,Anaheim Ducks,18.0,29.3,82,41,32,9,91,0.555,275,273,3.0,1.0,0.06,0.02,3.35,3.33,63,273,23.08,49,240,79.58,7,10,8.7,9.9,2375,11.6,2657,0.897,4,0,20000,9.903487552536127,0,30.0,27.7,82,27,50,5,59,0.36,203,293,1.0,2.0,-1.09,0.02,2.48,3.57,43,235,18.3,91,330,72.42,12,5,13.5,10.9,2194,9.3,2666,0.89,1,0,0,0,0,0,0,0,0,0,0
Detroit Red Wings,Chicago Blackhawks,18.0,29.3,82,41,32,9,91,0.555,275,273,3.0,1.0,0.06,0.02,3.35,3.33,63,273,23.08,49,240,79.58,7,10,8.7,9.9,2375,11.6,2657,0.897,4,0,20000,9.903487552536127,0,31.0,27.4,82,23,53,6,52,0.317,178,289,1.0,1.0,-1.29,0.06,2.17,3.52,39,235,16.6,56,231,75.76,3,8,8.7,9.3,2153,8.3,2681,0.892,1,0,0,0,0,0,0,0,0,0,0
Detroit Red Wings,San Jose Sharks,18.0,29.3,82,41,32,9,91,0.555,275,273,3.0,1.0,0.06,0.02,3.35,3.33,63,273,23.08,49,240,79.58,7,10,8.7,9.9,2375,11.6,2657,0.897,4,0,20000,9.903487552536127,0,32.0,27.7,82,19,54,9,47,0.287,180,326,1.0,5.0,-1.78,0.05,2.2,3.98,42,208,20.19,62,252,75.4,3,8,9.5,8.2,2069,8.7,2881,0.887,2,0,0,0,0,0,0,0,0,0,0
Pittsburgh Penguins,New York Rangers,19.0,31.3,82,38,32,12,88,0.537,253,248,2.0,3.0,0.05,0.0,3.09,3.02,40,262,15.27,47,243,80.66,5,12,7.4,7.9,2685,9.4,2479,0.9,8,0,18387,9.819399172153842,1,1.0,29.1,82,55,23,4,114,0.695,278,226,4.0,3.0,0.61,-0.03,3.39,2.76,65,246,26.42,36,232,84.48,8,6,9.4,10.4,2582,10.8,2418,0.907,6,0,1,0,0,0,0,0,0,0,1
Pittsburgh Penguins,Dallas Stars,19.0,31.3,82,38,32,12,88,0.537,253,248,2.0,3.0,0.05,0.0,3.09,3.02,40,262,15.27,47,243,80.66,5,12,7.4,7.9,2685,9.4,2479,0.9,8,0,18387,9.819399172153842,1,2.0,29.3,82,52,21,9,113,0.689,294,232,4.0,2.0,0.74,-0.04,3.59,2.83,58,240,24.17,43,239,82.01,12,4,6.8,7.5,2588,11.4,2350,0.901,4,0,0,0,0,0,0,0,0,0,0
Pittsburgh Penguins,Carolina Hurricanes,19.0,31.3,82,38,32,12,88,0.537,253,248,2.0,3.0,0.05,0.0,3.09,3.02,40,262,15.27,47,243,80.66,5,12,7.4,7.9,2685,9.4,2479,0.9,8,0,18387,9.819399172153842,1,3.0,29.4,82,52,23,7,111,0.677,277,211,2.0,5.0,0.73,-0.04,3.38,2.57,67,249,26.91,35,258,86.43,11,8,8.5,8.0,2733,10.1,2101,0.9,8,0,0,0,0,0,0,0,0,0,1
Pittsburgh Penguins,Winnipeg Jets,19.0,31.3,82,38,32,12,88,0.537,253,248,2.0,3.0,0.05,0.0,3.09,3.02,40,262,15.27,47,243,80.66,5,12,7.4,7.9,2685,9.4,2479,0.9,8,0,18387,9.819399172153842,1,4.0,29.4,82,52,24,6,110,0.671,259,198,0.0,1.0,0.69,-0.04,3.16,2.41,45,240,18.75,51,223,77.13,3,5,8.2,8.9,2488,10.4,2429,0.918,8,1,0,0,0,0,0,0,0,0,0
Pittsburgh Penguins,Florida Panthers,19.0,31.3,82,38,32,12,88,0.537,253,248,2.0,3.0,0.05,0.0,3.09,3.02,40,262,15.27,47,243,80.66,5,12,7.4,7.9,2685,9.4,2479,0.9,8,0,18387,9.819399172153842,1,5.0,29.5,82,52,24,6,110,0.671,265,198,3.0,2.0,0.81,-0.02,3.23,2.41,63,268,23.51,51,291,82.47,8,9,13.6,13.5,2764,9.6,2279,0.913,8,0,1,0,0,0,0,0,0,0,0
Pittsburgh Penguins,Boston Bruins,19.0,31.3,82,38,32,12,88,0.537,253,248,2.0,3.0,0.05,0.0,3.09,3.02,40,262,15.27,47,243,80.66,5,12,7.4,7.9,2685,9.4,2479,0.9,8,0,18387,9.819399172153842,1,6.0,28.6,82,47,20,15,109,0.665,263,221,4.0,3.0,0.53,0.01,3.21,2.7,54,243,22.22,47,268,82.46,7,6,9.5,8.8,2399,11.0,2504,0.912,5,0,1,0,0,0,0,0,0,0,0
Pittsburgh Penguins,Vancouver Canucks,19.0,31.3,82,38,32,12,88,0.537,253,248,2.0,3.0,0.05,0.0,3.09,3.02,40,262,15.27,47,243,80.66,5,12,7.4,7.9,2685,9.4,2479,0.9,8,0,18387,9.819399172153842,1,7.0,28.6,82,50,23,9,109,0.665,279,221,0.0,2.0,0.64,-0.04,3.4,2.7,58,257,22.57,53,254,79.13,7,7,9.6,9.7,2328,12.0,2343,0.906,7,1,1,0,0,0,0,0,0,0,0
Pittsburgh Penguins,Colorado Avalanche,19.0,31.3,82,38,32,12,88,0.537,253,248,2.0,3.0,0.05,0.0,3.09,3.02,40,262,15.27,47,243,80.66,5,12,7.4,7.9,2685,9.4,2479,0.9,8,0,18387,9.819399172153842,1,8.0,28.8,82,50,25,7,107,0.652,302,252,2.0,2.0,0.57,-0.05,3.68,3.07,68,278,24.46,53,264,79.92,7,6,8.9,9.7,2705,11.2,2444,0.897,4,0,1,0,0,0,0,0,0,0,0
Pittsburgh Penguins,Edmonton Oilers,19.0,31.3,82,38,32,12,88,0.537,253,248,2.0,3.0,0.05,0.0,3.09,3.02,40,262,15.27,47,243,80.66,5,12,7.4,7.9,2685,9.4,2479,0.9,8,0,18387,9.819399172153842,1,9.0,29.4,82,49,27,6,104,0.634,292,236,2.0,1.0,0.65,-0.04,3.56,2.88,64,243,26.34,53,258,79.46,7,5,9.5,8.5,2768,10.5,2307,0.898,4,1,1,0,0,0,0,0,0,0,0
Pittsburgh Penguins,Toronto Maple Leafs,19.0,31.3,82,38,32,12,88,0.537,253,248,2.0,3.0,0.05,0.0,3.09,3.02,40,262,15.27,47,243,80.66,5,12,7.4,7.9,2685,9.4,2479,0.9,8,0,18387,9.819399172153842,1,10.0,28.9,82,46,26,10,102,0.622,298,261,5.0,2.0,0.5,0.01,3.63,3.18,57,238,23.95,55,238,76.89,6,9,9.9,10.2,2671,11.2,2446,0.893,5,1,1,0,0,0,0,0,0,0,0
Pittsburgh Penguins,Nashville Predators,19.0,31.3,82,38,32,12,88,0.537,253,248,2.0,3.0,0.05,0.0,3.09,3.02,40,262,15.27,47,243,80.66,5,12,7.4,7.9,2685,9.4,2479,0.9,8,0,18387,9.819399172153842,1,11.0,29.5,82,47,30,5,99,0.604,266,248,3.0,0.0,0.23,-0.02,3.24,3.02,58,269,21.56,57,247,76.92,7,5,9.7,9.5,2642,10.1,2507,0.901,4,0,1,0,0,0,0,0,0,0,0
Pittsburgh Penguins,Los Angeles Kings,19.0,31.3,82,38,32,12,88,0.537,253,248,2.0,3.0,0.05,0.0,3.09,3.02,40,262,15.27,47,243,80.66,5,12,7.4,7.9,2685,9.4,2479,0.9,8,0,18387,9.819399172153842,1,12.0,29.5,82,44,27,11,99,0.604,254,210,2.0,5.0,0.45,-0.05,3.1,2.56,56,248,22.58,39,253,84.58,11,7,8.7,9.5,2616,9.7,2296,0.909,7,0,0,0,0,0,0,0,0,0,0
Pittsburgh Penguins,Tampa Bay Lightning,19.0,31.3,82,38,32,12,88,0.537,253,248,2.0,3.0,0.05,0.0,3.09,3.02,40,262,15.27,47,243,80.66,5,12,7.4,7.9,2685,9.4,2479,0.9,8,0,18387,9.819399172153842,1,13.0,29.1,82,45,29,8,98,0.598,288,267,3.0,1.0,0.28,0.0,3.51,3.26,71,248,28.63,39,234,83.33,5,6,11.0,11.0,2401,12.0,2430,0.89,4,0,1,0,0,0,0,0,0,0,0
Pittsburgh Penguins,Vegas Golden Knights,19.0,31.3,82,38,32,12,88,0.537,253,248,2.0,3.0,0.05,0.0,3.09,3.02,40,262,15.27,47,243,80.66,5,12,7.4,7.9,2685,9.4,2479,0.9,8,0,18387,9.819399172153842,1,14.0,29.0,82,45,29,8,98,0.598,263,243,4.0,2.0,0.22,-0.05,3.21,2.96,51,252,20.24,44,213,79.34,9,8,7.4,8.5,2548,10.3,2487,0.902,3,0,0,0,0,0,0,0,0,0,0
Pittsburgh Penguins,New York Islanders,19.0,31.3,82,38,32,12,88,0.537,253,248,2.0,3.0,0.05,0.0,3.09,3.02,40,262,15.27,47,243,80.66,5,12,7.4,7.9,2685,9.4,2479,0.9,8,0,18387,9.819399172153842,1,15.0,29.6,82,39,27,16,94,0.573,245,258,1.0,5.0,-0.18,0.03,2.99,3.15,47,231,20.35,63,221,71.49,10,3,7.1,7.4,2470,9.9,2686,0.904,5,0,0,0,0,0,0,0,0,0,1
Pittsburgh Penguins,St. Louis Blues,19.0,31.3,82,38,32,12,88,0.537,253,248,2.0,3.0,0.05,0.0,3.09,3.02,40,262,15.27,47,243,80.66,5,12,7.4,7.9,2685,9.4,2479,0.9,8,0,18387,9.819399172153842,1,16.0,29.0,82,43,33,6,92,0.561,234,248,5.0,2.0,-0.14,-0.01,2.85,3.02,45,250,18.0,46,215,78.6,11,7,7.4,8.6,2370,9.9,2636,0.906,4,0,0,0,0,0,0,0,0,0,0
Pittsburgh Penguins,Washington Capitals,19.0,31.3,82,38,32,12,88,0.537,253,248,2.0,3.0,0.05,0.0,3.09,3.02,40,262,15.27,47,243,80.66,5,12,7.4,7.9,2685,9.4,2479,0.9,8,0,18387,9.819399172153842,1,17.0,30.0,82,40,31,11,91,0.555,216,252,4.0,5.0,-0.41,0.04,2.63,3.07,47,228,20.61,49,233,78.97,3,5,7.7,7.4,2172,9.9,2503,0.899,7,0,0,0,0,0,0,0,0,0,1
Pittsburgh Penguins,Detroit Red Wings,19.0,31.3,82,38,32,12,88,0.537,253,248,2.0,3.0,0.05,0.0,3.09,3.02,40,262,15.27,47,243,80.66,5,12,7.4,7.9,2685,9.4,2479,0.9,8,0,18387,9.819399172153842,1,18.0,29.3,82,41,32,9,91,0.555,275,273,3.0,1.0,0.06,0.02,3.35,3.33,63,273,23.08,49,240,79.58,7,10,8.7,9.9,2375,11.6,2657,0.897,4,0,0,0,0,0,0,0,0,0,0
Pittsburgh Penguins,Minnesota Wild,19.0,31.3,82,38,32,12,88,0.537,253,248,2.0,3.0,0.05,0.0,3.09,3.02,40,262,15.27,47,243,80.66,5,12,7.4,7.9,2685,9.4,2479,0.9,8,0,18387,9.819399172153842,1,20.0,29.3,82,39,34,9,87,0.53,248,260,3.0,3.0,-0.14,0.01,3.02,3.17,62,273,22.71,67,263,74.52,3,11,11.4,11.3,2471,10.0,2437,0.893,6,0,1,0,0,0,0,0,0,0,0
Pittsburgh Penguins,Philadelphia Flyers,19.0,31.3,82,38,32,12,88,0.537,253,248,2.0,3.0,0.05,0.0,3.09,3.02,40,262,15.27,47,243,80.66,5,12,7.4,7.9,2685,9.4,2479,0.9,8,0,18387,9.819399172153842,1,21.0,27.1,82,38,33,11,87,0.53,231,258,4.0,3.0,-0.29,0.03,2.82,3.15,31,254,12.2,40,241,83.4,16,4,10.1,9.7,2708,8.5,2225,0.884,5,0,0,0,0,0,0,0,0,0,1
Pittsburgh Penguins,Buffalo Sabres,19.0,31.3,82,38,32,12,88,0.537,253,248,2.0,3.0,0.05,0.0,3.09,3.02,40,262,15.27,47,243,80.66,5,12,7.4,7.9,2685,9.4,2479,0.9,8,0,18387,9.819399172153842,1,22.0,25.7,82,39,37,6,84,0.512,244,243,2.0,1.0,0.03,0.01,2.98,2.96,37,223,16.59,49,243,79.84,7,10,9.8,9.2,2534,9.6,2402,0.899,5,0,0,0,0,0,0,0,0,0,0
Pittsburgh Penguins,New Jersey Devils,19.0,31.3,82,38,32,12,88,0.537,253,248,2.0,3.0,0.05,0.0,3.09,3.02,40,262,15.27,47,243,80.66,5,12,7.4,7.9,2685,9.4,2479,0.9,8,0,18387,9.819399172153842,1,23.0,26.8,82,38,39,5,81,0.494,264,281,0.0,2.0,-0.22,0.01,3.22,3.43,55,245,22.45,47,243,80.66,3,9,9.1,9.6,2516,10.5,2458,0.886,1,0,0,0,0,0,0,0,0,0,1
Pittsburgh Penguins,Seattle Kraken,19.0,31.3,82,38,32,12,88,0.537,253,248,2.0,3.0,0.05,0.0,3.09,3.02,40,262,15.27,47,243,80.66,5,12,7.4,7.9,2685,9.4,2479,0.9,8,0,18387,9.819399172153842,1,24.0,29.4,82,34,35,13,81,0.494,214,232,3.0,4.0,-0.26,-0.03,2.61,2.83,50,242,20.66,47,222,78.83,6,9,8.0,8.1,2347,9.1,2391,0.903,5,0,0,0,0,0,0,0,0,0,0
Pittsburgh Penguins,Calgary Flames,19.0,31.3,82,38,32,12,88,0.537,253,248,2.0,3.0,0.05,0.0,3.09,3.02,40,262,15.27,47,243,80.66,5,12,7.4,7.9,2685,9.4,2479,0.9,8,0,18387,9.819399172153842,1,25.0,29.2,82,38,39,5,81,0.494,253,267,0.0,4.0,-0.2,0.02,3.09,3.26,45,252,17.86,47,245,80.82,11,11,9.4,9.2,2572,9.8,2438,0.89,2,1,0,0,0,0,0,0,0,0,0
Pittsburgh Penguins,Ottawa Senators,19.0,31.3,82,38,32,12,88,0.537,253,248,2.0,3.0,0.05,0.0,3.09,3.02,40,262,15.27,47,243,80.66,5,12,7.4,7.9,2685,9.4,2479,0.9,8,0,18387,9.819399172153842,1,26.0,27.0,82,37,41,4,78,0.476,250,281,5.0,0.0,-0.28,0.04,3.05,3.43,51,283,18.02,61,245,75.1,7,6,10.4,11.1,2602,9.6,2432,0.884,2,1,0,0,0,0,0,0,0,0,0
Pittsburgh Penguins,Montreal Canadiens,19.0,31.3,82,38,32,12,88,0.537,253,248,2.0,3.0,0.05,0.0,3.09,3.02,40,262,15.27,47,243,80.66,5,12,7.4,7.9,2685,9.4,2479,0.9,8,0,18387,9.819399172153842,1,28.0,26.7,82,30,36,16,76,0.463,232,281,4.0,8.0,-0.59,0.05,2.83,3.43,44,252,17.46,65,277,76.53,7,12,10.2,10.0,2269,10.2,2738,0.897,2,1,0,0,0,0,0,0,0,0,0
Pittsburgh Penguins,Columbus Blue Jackets,19.0,31.3,82,38,32,12,88,0.537,253,248,2.0,3.0,0.05,0.0,3.09,3.02,40,262,15.27,47,243,80.66,5,12,7.4,7.9,2685,9.4,2479,0.9,8,0,18387,9.819399172153842,1,29.0,26.8,82,27,43,12,66,0.402,234,298,3.0,2.0,-0.72,0.05,2.85,3.63,32,212,15.09,56,236,76.27,5,6,8.2,7.6,2458,9.5,2822,0.894,1,0,0,0,0,0,0,0,0,0,1
Pittsburgh Penguins,Anaheim Ducks,19.0,31.3,82,38,32,12,88,0.537,253,248,2.0,3.0,0.05,0.0,3.09,3.02,40,262,15.27,47,243,80.66,5,12,7.4,7.9,2685,9.4,2479,0.9,8,0,18387,9.819399172153842,1,30.0,27.7,82,27,50,5,59,0.36,203,293,1.0,2.0,-1.09,0.02,2.48,3.57,43,235,18.3,91,330,72.42,12,5,13.5,10.9,2194,9.3,2666,0.89,1,0,0,0,0,0,0,0,0,0,0
Pittsburgh Penguins,Chicago Blackhawks,19.0,31.3,82,38,32,12,88,0.537,253,248,2.0,3.0,0.05,0.0,3.09,3.02,40,262,15.27,47,243,80.66,5,12,7.4,7.9,2685,9.4,2479,0.9,8,0,18387,9.819399172153842,1,31.0,27.4,82,23,53,6,52,0.317,178,289,1.0,1.0,-1.29,0.06,2.17,3.52,39,235,16.6,56,231,75.76,3,8,8.7,9.3,2153,8.3,2681,0.892,1,0,0,0,0,0,0,0,0,0,0
Pittsburgh Penguins,San Jose Sharks,19.0,31.3,82,38,32,12,88,0.537,253,248,2.0,3.0,0.05,0.0,3.09,3.02,40,262,15.27,47,243,80.66,5,12,7.4,7.9,2685,9.4,2479,0.9,8,0,18387,9.819399172153842,1,32.0,27.7,82,19,54,9,47,0.287,180,326,1.0,5.0,-1.78,0.05,2.2,3.98,42,208,20.19,62,252,75.4,3,8,9.5,8.2,2069,8.7,2881,0.887,2,0,0,0,0,0,0,0,0,0,0
Minnesota Wild,New York Rangers,20.0,29.3,82,39,34,9,87,0.53,248,260,3.0,3.0,-0.14,0.01,3.02,3.17,62,273,22.71,67,263,74.52,3,11,11.4,11.3,2471,10.0,2437,0.893,6,0,17954,9.795568210316635,1,1.0,29.1,82,55,23,4,114,0.695,278,226,4.0,3.0,0.61,-0.03,3.39,2.76,65,246,26.42,36,232,84.48,8,6,9.4,10.4,2582,10.8,2418,0.907,6,0,1,0,0,0,0,0,0,0,0
Minnesota Wild,Dallas Stars,20.0,29.3,82,39,34,9,87,0.53,248,260,3.0,3.0,-0.14,0.01,3.02,3.17,62,273,22.71,67,263,74.52,3,11,11.4,11.3,2471,10.0,2437,0.893,6,0,17954,9.795568210316635,1,2.0,29.3,82,52,21,9,113,0.689,294,232,4.0,2.0,0.74,-0.04,3.59,2.83,58,240,24.17,43,239,82.01,12,4,6.8,7.5,2588,11.4,2350,0.901,4,0,0,0,0,0,0,0,0,0,1
Minnesota Wild,Carolina Hurricanes,20.0,29.3,82,39,34,9,87,0.53,248,260,3.0,3.0,-0.14,0.01,3.02,3.17,62,273,22.71,67,263,74.52,3,11,11.4,11.3,2471,10.0,2437,0.893,6,0,17954,9.795568210316635,1,3.0,29.4,82,52,23,7,111,0.677,277,211,2.0,5.0,0.73,-0.04,3.38,2.57,67,249,26.91,35,258,86.43,11,8,8.5,8.0,2733,10.1,2101,0.9,8,0,0,0,0,0,0,0,0,0,0
Minnesota Wild,Winnipeg Jets,20.0,29.3,82,39,34,9,87,0.53,248,260,3.0,3.0,-0.14,0.01,3.02,3.17,62,273,22.71,67,263,74.52,3,11,11.4,11.3,2471,10.0,2437,0.893,6,0,17954,9.795568210316635,1,4.0,29.4,82,52,24,6,110,0.671,259,198,0.0,1.0,0.69,-0.04,3.16,2.41,45,240,18.75,51,223,77.13,3,5,8.2,8.9,2488,10.4,2429,0.918,8,1,0,0,0,0,0,0,0,0,1
Minnesota Wild,Florida Panthers,20.0,29.3,82,39,34,9,87,0.53,248,260,3.0,3.0,-0.14,0.01,3.02,3.17,62,273,22.71,67,263,74.52,3,11,11.4,11.3,2471,10.0,2437,0.893,6,0,17954,9.795568210316635,1,5.0,29.5,82,52,24,6,110,0.671,265,198,3.0,2.0,0.81,-0.02,3.23,2.41,63,268,23.51,51,291,82.47,8,9,13.6,13.5,2764,9.6,2279,0.913,8,0,1,0,0,0,0,0,0,0,0
Minnesota Wild,Boston Bruins,20.0,29.3,82,39,34,9,87,0.53,248,260,3.0,3.0,-0.14,0.01,3.02,3.17,62,273,22.71,67,263,74.52,3,11,11.4,11.3,2471,10.0,2437,0.893,6,0,17954,9.795568210316635,1,6.0,28.6,82,47,20,15,109,0.665,263,221,4.0,3.0,0.53,0.01,3.21,2.7,54,243,22.22,47,268,82.46,7,6,9.5,8.8,2399,11.0,2504,0.912,5,0,1,0,0,0,0,0,0,0,0
Minnesota Wild,Vancouver Canucks,20.0,29.3,82,39,34,9,87,0.53,248,260,3.0,3.0,-0.14,0.01,3.02,3.17,62,273,22.71,67,263,74.52,3,11,11.4,11.3,2471,10.0,2437,0.893,6,0,17954,9.795568210316635,1,7.0,28.6,82,50,23,9,109,0.665,279,221,0.0,2.0,0.64,-0.04,3.4,2.7,58,257,22.57,53,254,79.13,7,7,9.6,9.7,2328,12.0,2343,0.906,7,1,1,0,0,0,0,0,0,0,0
Minnesota Wild,Colorado Avalanche,20.0,29.3,82,39,34,9,87,0.53,248,260,3.0,3.0,-0.14,0.01,3.02,3.17,62,273,22.71,67,263,74.52,3,11,11.4,11.3,2471,10.0,2437,0.893,6,0,17954,9.795568210316635,1,8.0,28.8,82,50,25,7,107,0.652,302,252,2.0,2.0,0.57,-0.05,3.68,3.07,68,278,24.46,53,264,79.92,7,6,8.9,9.7,2705,11.2,2444,0.897,4,0,1,0,0,0,0,0,0,0,1
Minnesota Wild,Edmonton Oilers,20.0,29.3,82,39,34,9,87,0.53,248,260,3.0,3.0,-0.14,0.01,3.02,3.17,62,273,22.71,67,263,74.52,3,11,11.4,11.3,2471,10.0,2437,0.893,6,0,17954,9.795568210316635,1,9.0,29.4,82,49,27,6,104,0.634,292,236,2.0,1.0,0.65,-0.04,3.56,2.88,64,243,26.34,53,258,79.46,7,5,9.5,8.5,2768,10.5,2307,0.898,4,1,1,0,0,0,0,0,0,0,0
Minnesota Wild,Toronto Maple Leafs,20.0,29.3,82,39,34,9,87,0.53,248,260,3.0,3.0,-0.14,0.01,3.02,3.17,62,273,22.71,67,263,74.52,3,11,11.4,11.3,2471,10.0,2437,0.893,6,0,17954,9.795568210316635,1,10.0,28.9,82,46,26,10,102,0.622,298,261,5.0,2.0,0.5,0.01,3.63,3.18,57,238,23.95,55,238,76.89,6,9,9.9,10.2,2671,11.2,2446,0.893,5,1,1,0,0,0,0,0,0,0,0
Minnesota Wild,Nashville Predators,20.0,29.3,82,39,34,9,87,0.53,248,260,3.0,3.0,-0.14,0.01,3.02,3.17,62,273,22.71,67,263,74.52,3,11,11.4,11.3,2471,10.0,2437,0.893,6,0,17954,9.795568210316635,1,11.0,29.5,82,47,30,5,99,0.604,266,248,3.0,0.0,0.23,-0.02,3.24,3.02,58,269,21.56,57,247,76.92,7,5,9.7,9.5,2642,10.1,2507,0.901,4,0,1,0,0,0,0,0,0,0,1
Minnesota Wild,Los Angeles Kings,20.0,29.3,82,39,34,9,87,0.53,248,260,3.0,3.0,-0.14,0.01,3.02,3.17,62,273,22.71,67,263,74.52,3,11,11.4,11.3,2471,10.0,2437,0.893,6,0,17954,9.795568210316635,1,12.0,29.5,82,44,27,11,99,0.604,254,210,2.0,5.0,0.45,-0.05,3.1,2.56,56,248,22.58,39,253,84.58,11,7,8.7,9.5,2616,9.7,2296,0.909,7,0,0,0,0,0,0,0,0,0,0
Minnesota Wild,Tampa Bay Lightning,20.0,29.3,82,39,34,9,87,0.53,248,260,3.0,3.0,-0.14,0.01,3.02,3.17,62,273,22.71,67,263,74.52,3,11,11.4,11.3,2471,10.0,2437,0.893,6,0,17954,9.795568210316635,1,13.0,29.1,82,45,29,8,98,0.598,288,267,3.0,1.0,0.28,0.0,3.51,3.26,71,248,28.63,39,234,83.33,5,6,11.0,11.0,2401,12.0,2430,0.89,4,0,1,0,0,0,0,0,0,0,0
Minnesota Wild,Vegas Golden Knights,20.0,29.3,82,39,34,9,87,0.53,248,260,3.0,3.0,-0.14,0.01,3.02,3.17,62,273,22.71,67,263,74.52,3,11,11.4,11.3,2471,10.0,2437,0.893,6,0,17954,9.795568210316635,1,14.0,29.0,82,45,29,8,98,0.598,263,243,4.0,2.0,0.22,-0.05,3.21,2.96,51,252,20.24,44,213,79.34,9,8,7.4,8.5,2548,10.3,2487,0.902,3,0,0,0,0,0,0,0,0,0,0
Minnesota Wild,New York Islanders,20.0,29.3,82,39,34,9,87,0.53,248,260,3.0,3.0,-0.14,0.01,3.02,3.17,62,273,22.71,67,263,74.52,3,11,11.4,11.3,2471,10.0,2437,0.893,6,0,17954,9.795568210316635,1,15.0,29.6,82,39,27,16,94,0.573,245,258,1.0,5.0,-0.18,0.03,2.99,3.15,47,231,20.35,63,221,71.49,10,3,7.1,7.4,2470,9.9,2686,0.904,5,0,0,0,0,0,0,0,0,0,0
Minnesota Wild,St. Louis Blues,20.0,29.3,82,39,34,9,87,0.53,248,260,3.0,3.0,-0.14,0.01,3.02,3.17,62,273,22.71,67,263,74.52,3,11,11.4,11.3,2471,10.0,2437,0.893,6,0,17954,9.795568210316635,1,16.0,29.0,82,43,33,6,92,0.561,234,248,5.0,2.0,-0.14,-0.01,2.85,3.02,45,250,18.0,46,215,78.6,11,7,7.4,8.6,2370,9.9,2636,0.906,4,0,0,0,0,0,0,0,0,0,1
Minnesota Wild,Washington Capitals,20.0,29.3,82,39,34,9,87,0.53,248,260,3.0,3.0,-0.14,0.01,3.02,3.17,62,273,22.71,67,263,74.52,3,11,11.4,11.3,2471,10.0,2437,0.893,6,0,17954,9.795568210316635,1,17.0,30.0,82,40,31,11,91,0.555,216,252,4.0,5.0,-0.41,0.04,2.63,3.07,47,228,20.61,49,233,78.97,3,5,7.7,7.4,2172,9.9,2503,0.899,7,0,0,0,0,0,0,0,0,0,0
Minnesota Wild,Detroit Red Wings,20.0,29.3,82,39,34,9,87,0.53,248,260,3.0,3.0,-0.14,0.01,3.02,3.17,62,273,22.71,67,263,74.52,3,11,11.4,11.3,2471,10.0,2437,0.893,6,0,17954,9.795568210316635,1,18.0,29.3,82,41,32,9,91,0.555,275,273,3.0,1.0,0.06,0.02,3.35,3.33,63,273,23.08,49,240,79.58,7,10,8.7,9.9,2375,11.6,2657,0.897,4,0,0,0,0,0,0,0,0,0,0
Minnesota Wild,Pittsburgh Penguins,20.0,29.3,82,39,34,9,87,0.53,248,260,3.0,3.0,-0.14,0.01,3.02,3.17,62,273,22.71,67,263,74.52,3,11,11.4,11.3,2471,10.0,2437,0.893,6,0,17954,9.795568210316635,1,19.0,31.3,82,38,32,12,88,0.537,253,248,2.0,3.0,0.05,0.0,3.09,3.02,40,262,15.27,47,243,80.66,5,12,7.4,7.9,2685,9.4,2479,0.9,8,0,1,0,0,0,0,0,0,0,0
Minnesota Wild,Philadelphia Flyers,20.0,29.3,82,39,34,9,87,0.53,248,260,3.0,3.0,-0.14,0.01,3.02,3.17,62,273,22.71,67,263,74.52,3,11,11.4,11.3,2471,10.0,2437,0.893,6,0,17954,9.795568210316635,1,21.0,27.1,82,38,33,11,87,0.53,231,258,4.0,3.0,-0.29,0.03,2.82,3.15,31,254,12.2,40,241,83.4,16,4,10.1,9.7,2708,8.5,2225,0.884,5,0,0,0,0,0,0,0,0,0,0
Minnesota Wild,Buffalo Sabres,20.0,29.3,82,39,34,9,87,0.53,248,260,3.0,3.0,-0.14,0.01,3.02,3.17,62,273,22.71,67,263,74.52,3,11,11.4,11.3,2471,10.0,2437,0.893,6,0,17954,9.795568210316635,1,22.0,25.7,82,39,37,6,84,0.512,244,243,2.0,1.0,0.03,0.01,2.98,2.96,37,223,16.59,49,243,79.84,7,10,9.8,9.2,2534,9.6,2402,0.899,5,0,0,0,0,0,0,0,0,0,0
Minnesota Wild,New Jersey Devils,20.0,29.3,82,39,34,9,87,0.53,248,260,3.0,3.0,-0.14,0.01,3.02,3.17,62,273,22.71,67,263,74.52,3,11,11.4,11.3,2471,10.0,2437,0.893,6,0,17954,9.795568210316635,1,23.0,26.8,82,38,39,5,81,0.494,264,281,0.0,2.0,-0.22,0.01,3.22,3.43,55,245,22.45,47,243,80.66,3,9,9.1,9.6,2516,10.5,2458,0.886,1,0,0,0,0,0,0,0,0,0,0
Minnesota Wild,Seattle Kraken,20.0,29.3,82,39,34,9,87,0.53,248,260,3.0,3.0,-0.14,0.01,3.02,3.17,62,273,22.71,67,263,74.52,3,11,11.4,11.3,2471,10.0,2437,0.893,6,0,17954,9.795568210316635,1,24.0,29.4,82,34,35,13,81,0.494,214,232,3.0,4.0,-0.26,-0.03,2.61,2.83,50,242,20.66,47,222,78.83,6,9,8.0,8.1,2347,9.1,2391,0.903,5,0,0,0,0,0,0,0,0,0,0
Minnesota Wild,Calgary Flames,20.0,29.3,82,39,34,9,87,0.53,248,260,3.0,3.0,-0.14,0.01,3.02,3.17,62,273,22.71,67,263,74.52,3,11,11.4,11.3,2471,10.0,2437,0.893,6,0,17954,9.795568210316635,1,25.0,29.2,82,38,39,5,81,0.494,253,267,0.0,4.0,-0.2,0.02,3.09,3.26,45,252,17.86,47,245,80.82,11,11,9.4,9.2,2572,9.8,2438,0.89,2,1,0,0,0,0,0,0,0,0,0
Minnesota Wild,Ottawa Senators,20.0,29.3,82,39,34,9,87,0.53,248,260,3.0,3.0,-0.14,0.01,3.02,3.17,62,273,22.71,67,263,74.52,3,11,11.4,11.3,2471,10.0,2437,0.893,6,0,17954,9.795568210316635,1,26.0,27.0,82,37,41,4,78,0.476,250,281,5.0,0.0,-0.28,0.04,3.05,3.43,51,283,18.02,61,245,75.1,7,6,10.4,11.1,2602,9.6,2432,0.884,2,1,0,0,0,0,0,0,0,0,0
Minnesota Wild,Montreal Canadiens,20.0,29.3,82,39,34,9,87,0.53,248,260,3.0,3.0,-0.14,0.01,3.02,3.17,62,273,22.71,67,263,74.52,3,11,11.4,11.3,2471,10.0,2437,0.893,6,0,17954,9.795568210316635,1,28.0,26.7,82,30,36,16,76,0.463,232,281,4.0,8.0,-0.59,0.05,2.83,3.43,44,252,17.46,65,277,76.53,7,12,10.2,10.0,2269,10.2,2738,0.897,2,1,0,0,0,0,0,0,0,0,0
Minnesota Wild,Columbus Blue Jackets,20.0,29.3,82,39,34,9,87,0.53,248,260,3.0,3.0,-0.14,0.01,3.02,3.17,62,273,22.71,67,263,74.52,3,11,11.4,11.3,2471,10.0,2437,0.893,6,0,17954,9.795568210316635,1,29.0,26.8,82,27,43,12,66,0.402,234,298,3.0,2.0,-0.72,0.05,2.85,3.63,32,212,15.09,56,236,76.27,5,6,8.2,7.6,2458,9.5,2822,0.894,1,0,0,0,0,0,0,0,0,0,0
Minnesota Wild,Anaheim Ducks,20.0,29.3,82,39,34,9,87,0.53,248,260,3.0,3.0,-0.14,0.01,3.02,3.17,62,273,22.71,67,263,74.52,3,11,11.4,11.3,2471,10.0,2437,0.893,6,0,17954,9.795568210316635,1,30.0,27.7,82,27,50,5,59,0.36,203,293,1.0,2.0,-1.09,0.02,2.48,3.57,43,235,18.3,91,330,72.42,12,5,13.5,10.9,2194,9.3,2666,0.89,1,0,0,0,0,0,0,0,0,0,0
Minnesota Wild,Chicago Blackhawks,20.0,29.3,82,39,34,9,87,0.53,248,260,3.0,3.0,-0.14,0.01,3.02,3.17,62,273,22.71,67,263,74.52,3,11,11.4,11.3,2471,10.0,2437,0.893,6,0,17954,9.795568210316635,1,31.0,27.4,82,23,53,6,52,0.317,178,289,1.0,1.0,-1.29,0.06,2.17,3.52,39,235,16.6,56,231,75.76,3,8,8.7,9.3,2153,8.3,2681,0.892,1,0,0,0,0,0,0,0,0,0,1
Minnesota Wild,San Jose Sharks,20.0,29.3,82,39,34,9,87,0.53,248,260,3.0,3.0,-0.14,0.01,3.02,3.17,62,273,22.71,67,263,74.52,3,11,11.4,11.3,2471,10.0,2437,0.893,6,0,17954,9.795568210316635,1,32.0,27.7,82,19,54,9,47,0.287,180,326,1.0,5.0,-1.78,0.05,2.2,3.98,42,208,20.19,62,252,75.4,3,8,9.5,8.2,2069,8.7,2881,0.887,2,0,0,0,0,0,0,0,0,0,0
Philadelphia Flyers,New York Rangers,21.0,27.1,82,38,33,11,87,0.53,231,258,4.0,3.0,-0.29,0.03,2.82,3.15,31,254,12.2,40,241,83.4,16,4,10.1,9.7,2708,8.5,2225,0.884,5,0,19537,9.880065382591635,0,1.0,29.1,82,55,23,4,114,0.695,278,226,4.0,3.0,0.61,-0.03,3.39,2.76,65,246,26.42,36,232,84.48,8,6,9.4,10.4,2582,10.8,2418,0.907,6,0,1,0,0,0,0,0,0,0,1
Philadelphia Flyers,Dallas Stars,21.0,27.1,82,38,33,11,87,0.53,231,258,4.0,3.0,-0.29,0.03,2.82,3.15,31,254,12.2,40,241,83.4,16,4,10.1,9.7,2708,8.5,2225,0.884,5,0,19537,9.880065382591635,0,2.0,29.3,82,52,21,9,113,0.689,294,232,4.0,2.0,0.74,-0.04,3.59,2.83,58,240,24.17,43,239,82.01,12,4,6.8,7.5,2588,11.4,2350,0.901,4,0,0,0,0,0,0,0,0,0,0
Philadelphia Flyers,Carolina Hurricanes,21.0,27.1,82,38,33,11,87,0.53,231,258,4.0,3.0,-0.29,0.03,2.82,3.15,31,254,12.2,40,241,83.4,16,4,10.1,9.7,2708,8.5,2225,0.884,5,0,19537,9.880065382591635,0,3.0,29.4,82,52,23,7,111,0.677,277,211,2.0,5.0,0.73,-0.04,3.38,2.57,67,249,26.91,35,258,86.43,11,8,8.5,8.0,2733,10.1,2101,0.9,8,0,0,0,0,0,0,0,0,0,1
Philadelphia Flyers,Winnipeg Jets,21.0,27.1,82,38,33,11,87,0.53,231,258,4.0,3.0,-0.29,0.03,2.82,3.15,31,254,12.2,40,241,83.4,16,4,10.1,9.7,2708,8.5,2225,0.884,5,0,19537,9.880065382591635,0,4.0,29.4,82,52,24,6,110,0.671,259,198,0.0,1.0,0.69,-0.04,3.16,2.41,45,240,18.75,51,223,77.13,3,5,8.2,8.9,2488,10.4,2429,0.918,8,1,0,0,0,0,0,0,0,0,0
Philadelphia Flyers,Florida Panthers,21.0,27.1,82,38,33,11,87,0.53,231,258,4.0,3.0,-0.29,0.03,2.82,3.15,31,254,12.2,40,241,83.4,16,4,10.1,9.7,2708,8.5,2225,0.884,5,0,19537,9.880065382591635,0,5.0,29.5,82,52,24,6,110,0.671,265,198,3.0,2.0,0.81,-0.02,3.23,2.41,63,268,23.51,51,291,82.47,8,9,13.6,13.5,2764,9.6,2279,0.913,8,0,1,0,0,0,0,0,0,0,0
Philadelphia Flyers,Boston Bruins,21.0,27.1,82,38,33,11,87,0.53,231,258,4.0,3.0,-0.29,0.03,2.82,3.15,31,254,12.2,40,241,83.4,16,4,10.1,9.7,2708,8.5,2225,0.884,5,0,19537,9.880065382591635,0,6.0,28.6,82,47,20,15,109,0.665,263,221,4.0,3.0,0.53,0.01,3.21,2.7,54,243,22.22,47,268,82.46,7,6,9.5,8.8,2399,11.0,2504,0.912,5,0,1,0,0,0,0,0,0,0,0
Philadelphia Flyers,Vancouver Canucks,21.0,27.1,82,38,33,11,87,0.53,231,258,4.0,3.0,-0.29,0.03,2.82,3.15,31,254,12.2,40,241,83.4,16,4,10.1,9.7,2708,8.5,2225,0.884,5,0,19537,9.880065382591635,0,7.0,28.6,82,50,23,9,109,0.665,279,221,0.0,2.0,0.64,-0.04,3.4,2.7,58,257,22.57,53,254,79.13,7,7,9.6,9.7,2328,12.0,2343,0.906,7,1,1,0,0,0,0,0,0,0,0
Philadelphia Flyers,Colorado Avalanche,21.0,27.1,82,38,33,11,87,0.53,231,258,4.0,3.0,-0.29,0.03,2.82,3.15,31,254,12.2,40,241,83.4,16,4,10.1,9.7,2708,8.5,2225,0.884,5,0,19537,9.880065382591635,0,8.0,28.8,82,50,25,7,107,0.652,302,252,2.0,2.0,0.57,-0.05,3.68,3.07,68,278,24.46,53,264,79.92,7,6,8.9,9.7,2705,11.2,2444,0.897,4,0,1,0,0,0,0,0,0,0,0
Philadelphia Flyers,Edmonton Oilers,21.0,27.1,82,38,33,11,87,0.53,231,258,4.0,3.0,-0.29,0.03,2.82,3.15,31,254,12.2,40,241,83.4,16,4,10.1,9.7,2708,8.5,2225,0.884,5,0,19537,9.880065382591635,0,9.0,29.4,82,49,27,6,104,0.634,292,236,2.0,1.0,0.65,-0.04,3.56,2.88,64,243,26.34,53,258,79.46,7,5,9.5,8.5,2768,10.5,2307,0.898,4,1,1,0,0,0,0,0,0,0,0
Philadelphia Flyers,Toronto Maple Leafs,21.0,27.1,82,38,33,11,87,0.53,231,258,4.0,3.0,-0.29,0.03,2.82,3.15,31,254,12.2,40,241,83.4,16,4,10.1,9.7,2708,8.5,2225,0.884,5,0,19537,9.880065382591635,0,10.0,28.9,82,46,26,10,102,0.622,298,261,5.0,2.0,0.5,0.01,3.63,3.18,57,238,23.95,55,238,76.89,6,9,9.9,10.2,2671,11.2,2446,0.893,5,1,1,0,0,0,0,0,0,0,0
Philadelphia Flyers,Nashville Predators,21.0,27.1,82,38,33,11,87,0.53,231,258,4.0,3.0,-0.29,0.03,2.82,3.15,31,254,12.2,40,241,83.4,16,4,10.1,9.7,2708,8.5,2225,0.884,5,0,19537,9.880065382591635,0,11.0,29.5,82,47,30,5,99,0.604,266,248,3.0,0.0,0.23,-0.02,3.24,3.02,58,269,21.56,57,247,76.92,7,5,9.7,9.5,2642,10.1,2507,0.901,4,0,1,0,0,0,0,0,0,0,0
Philadelphia Flyers,Los Angeles Kings,21.0,27.1,82,38,33,11,87,0.53,231,258,4.0,3.0,-0.29,0.03,2.82,3.15,31,254,12.2,40,241,83.4,16,4,10.1,9.7,2708,8.5,2225,0.884,5,0,19537,9.880065382591635,0,12.0,29.5,82,44,27,11,99,0.604,254,210,2.0,5.0,0.45,-0.05,3.1,2.56,56,248,22.58,39,253,84.58,11,7,8.7,9.5,2616,9.7,2296,0.909,7,0,0,0,0,0,0,0,0,0,0
Philadelphia Flyers,Tampa Bay Lightning,21.0,27.1,82,38,33,11,87,0.53,231,258,4.0,3.0,-0.29,0.03,2.82,3.15,31,254,12.2,40,241,83.4,16,4,10.1,9.7,2708,8.5,2225,0.884,5,0,19537,9.880065382591635,0,13.0,29.1,82,45,29,8,98,0.598,288,267,3.0,1.0,0.28,0.0,3.51,3.26,71,248,28.63,39,234,83.33,5,6,11.0,11.0,2401,12.0,2430,0.89,4,0,1,0,0,0,0,0,0,0,0
Philadelphia Flyers,Vegas Golden Knights,21.0,27.1,82,38,33,11,87,0.53,231,258,4.0,3.0,-0.29,0.03,2.82,3.15,31,254,12.2,40,241,83.4,16,4,10.1,9.7,2708,8.5,2225,0.884,5,0,19537,9.880065382591635,0,14.0,29.0,82,45,29,8,98,0.598,263,243,4.0,2.0,0.22,-0.05,3.21,2.96,51,252,20.24,44,213,79.34,9,8,7.4,8.5,2548,10.3,2487,0.902,3,0,0,0,0,0,0,0,0,0,0
Philadelphia Flyers,New York Islanders,21.0,27.1,82,38,33,11,87,0.53,231,258,4.0,3.0,-0.29,0.03,2.82,3.15,31,254,12.2,40,241,83.4,16,4,10.1,9.7,2708,8.5,2225,0.884,5,0,19537,9.880065382591635,0,15.0,29.6,82,39,27,16,94,0.573,245,258,1.0,5.0,-0.18,0.03,2.99,3.15,47,231,20.35,63,221,71.49,10,3,7.1,7.4,2470,9.9,2686,0.904,5,0,0,0,0,0,0,0,0,0,1
Philadelphia Flyers,St. Louis Blues,21.0,27.1,82,38,33,11,87,0.53,231,258,4.0,3.0,-0.29,0.03,2.82,3.15,31,254,12.2,40,241,83.4,16,4,10.1,9.7,2708,8.5,2225,0.884,5,0,19537,9.880065382591635,0,16.0,29.0,82,43,33,6,92,0.561,234,248,5.0,2.0,-0.14,-0.01,2.85,3.02,45,250,18.0,46,215,78.6,11,7,7.4,8.6,2370,9.9,2636,0.906,4,0,0,0,0,0,0,0,0,0,0
Philadelphia Flyers,Washington Capitals,21.0,27.1,82,38,33,11,87,0.53,231,258,4.0,3.0,-0.29,0.03,2.82,3.15,31,254,12.2,40,241,83.4,16,4,10.1,9.7,2708,8.5,2225,0.884,5,0,19537,9.880065382591635,0,17.0,30.0,82,40,31,11,91,0.555,216,252,4.0,5.0,-0.41,0.04,2.63,3.07,47,228,20.61,49,233,78.97,3,5,7.7,7.4,2172,9.9,2503,0.899,7,0,0,0,0,0,0,0,0,0,1
Philadelphia Flyers,Detroit Red Wings,21.0,27.1,82,38,33,11,87,0.53,231,258,4.0,3.0,-0.29,0.03,2.82,3.15,31,254,12.2,40,241,83.4,16,4,10.1,9.7,2708,8.5,2225,0.884,5,0,19537,9.880065382591635,0,18.0,29.3,82,41,32,9,91,0.555,275,273,3.0,1.0,0.06,0.02,3.35,3.33,63,273,23.08,49,240,79.58,7,10,8.7,9.9,2375,11.6,2657,0.897,4,0,0,0,0,0,0,0,0,0,0
Philadelphia Flyers,Pittsburgh Penguins,21.0,27.1,82,38,33,11,87,0.53,231,258,4.0,3.0,-0.29,0.03,2.82,3.15,31,254,12.2,40,241,83.4,16,4,10.1,9.7,2708,8.5,2225,0.884,5,0,19537,9.880065382591635,0,19.0,31.3,82,38,32,12,88,0.537,253,248,2.0,3.0,0.05,0.0,3.09,3.02,40,262,15.27,47,243,80.66,5,12,7.4,7.9,2685,9.4,2479,0.9,8,0,1,0,0,0,0,0,0,0,1
Philadelphia Flyers,Minnesota Wild,21.0,27.1,82,38,33,11,87,0.53,231,258,4.0,3.0,-0.29,0.03,2.82,3.15,31,254,12.2,40,241,83.4,16,4,10.1,9.7,2708,8.5,2225,0.884,5,0,19537,9.880065382591635,0,20.0,29.3,82,39,34,9,87,0.53,248,260,3.0,3.0,-0.14,0.01,3.02,3.17,62,273,22.71,67,263,74.52,3,11,11.4,11.3,2471,10.0,2437,0.893,6,0,1,0,0,0,0,0,0,0,0
Philadelphia Flyers,Buffalo Sabres,21.0,27.1,82,38,33,11,87,0.53,231,258,4.0,3.0,-0.29,0.03,2.82,3.15,31,254,12.2,40,241,83.4,16,4,10.1,9.7,2708,8.5,2225,0.884,5,0,19537,9.880065382591635,0,22.0,25.7,82,39,37,6,84,0.512,244,243,2.0,1.0,0.03,0.01,2.98,2.96,37,223,16.59,49,243,79.84,7,10,9.8,9.2,2534,9.6,2402,0.899,5,0,0,0,0,0,0,0,0,0,0
Philadelphia Flyers,New Jersey Devils,21.0,27.1,82,38,33,11,87,0.53,231,258,4.0,3.0,-0.29,0.03,2.82,3.15,31,254,12.2,40,241,83.4,16,4,10.1,9.7,2708,8.5,2225,0.884,5,0,19537,9.880065382591635,0,23.0,26.8,82,38,39,5,81,0.494,264,281,0.0,2.0,-0.22,0.01,3.22,3.43,55,245,22.45,47,243,80.66,3,9,9.1,9.6,2516,10.5,2458,0.886,1,0,0,0,0,0,0,0,0,0,1
Philadelphia Flyers,Seattle Kraken,21.0,27.1,82,38,33,11,87,0.53,231,258,4.0,3.0,-0.29,0.03,2.82,3.15,31,254,12.2,40,241,83.4,16,4,10.1,9.7,2708,8.5,2225,0.884,5,0,19537,9.880065382591635,0,24.0,29.4,82,34,35,13,81,0.494,214,232,3.0,4.0,-0.26,-0.03,2.61,2.83,50,242,20.66,47,222,78.83,6,9,8.0,8.1,2347,9.1,2391,0.903,5,0,0,0,0,0,0,0,0,0,0
Philadelphia Flyers,Calgary Flames,21.0,27.1,82,38,33,11,87,0.53,231,258,4.0,3.0,-0.29,0.03,2.82,3.15,31,254,12.2,40,241,83.4,16,4,10.1,9.7,2708,8.5,2225,0.884,5,0,19537,9.880065382591635,0,25.0,29.2,82,38,39,5,81,0.494,253,267,0.0,4.0,-0.2,0.02,3.09,3.26,45,252,17.86,47,245,80.82,11,11,9.4,9.2,2572,9.8,2438,0.89,2,1,0,0,0,0,0,0,0,0,0
Philadelphia Flyers,Ottawa Senators,21.0,27.1,82,38,33,11,87,0.53,231,258,4.0,3.0,-0.29,0.03,2.82,3.15,31,254,12.2,40,241,83.4,16,4,10.1,9.7,2708,8.5,2225,0.884,5,0,19537,9.880065382591635,0,26.0,27.0,82,37,41,4,78,0.476,250,281,5.0,0.0,-0.28,0.04,3.05,3.43,51,283,18.02,61,245,75.1,7,6,10.4,11.1,2602,9.6,2432,0.884,2,1,0,0,0,0,0,0,0,0,0
Philadelphia Flyers,Montreal Canadiens,21.0,27.1,82,38,33,11,87,0.53,231,258,4.0,3.0,-0.29,0.03,2.82,3.15,31,254,12.2,40,241,83.4,16,4,10.1,9.7,2708,8.5,2225,0.884,5,0,19537,9.880065382591635,0,28.0,26.7,82,30,36,16,76,0.463,232,281,4.0,8.0,-0.59,0.05,2.83,3.43,44,252,17.46,65,277,76.53,7,12,10.2,10.0,2269,10.2,2738,0.897,2,1,0,0,0,0,0,0,0,0,0
Philadelphia Flyers,Columbus Blue Jackets,21.0,27.1,82,38,33,11,87,0.53,231,258,4.0,3.0,-0.29,0.03,2.82,3.15,31,254,12.2,40,241,83.4,16,4,10.1,9.7,2708,8.5,2225,0.884,5,0,19537,9.880065382591635,0,29.0,26.8,82,27,43,12,66,0.402,234,298,3.0,2.0,-0.72,0.05,2.85,3.63,32,212,15.09,56,236,76.27,5,6,8.2,7.6,2458,9.5,2822,0.894,1,0,0,0,0,0,0,0,0,0,1
Philadelphia Flyers,Anaheim Ducks,21.0,27.1,82,38,33,11,87,0.53,231,258,4.0,3.0,-0.29,0.03,2.82,3.15,31,254,12.2,40,241,83.4,16,4,10.1,9.7,2708,8.5,2225,0.884,5,0,19537,9.880065382591635,0,30.0,27.7,82,27,50,5,59,0.36,203,293,1.0,2.0,-1.09,0.02,2.48,3.57,43,235,18.3,91,330,72.42,12,5,13.5,10.9,2194,9.3,2666,0.89,1,0,0,0,0,0,0,0,0,0,0
Philadelphia Flyers,Chicago Blackhawks,21.0,27.1,82,38,33,11,87,0.53,231,258,4.0,3.0,-0.29,0.03,2.82,3.15,31,254,12.2,40,241,83.4,16,4,10.1,9.7,2708,8.5,2225,0.884,5,0,19537,9.880065382591635,0,31.0,27.4,82,23,53,6,52,0.317,178,289,1.0,1.0,-1.29,0.06,2.17,3.52,39,235,16.6,56,231,75.76,3,8,8.7,9.3,2153,8.3,2681,0.892,1,0,0,0,0,0,0,0,0,0,0
Philadelphia Flyers,San Jose Sharks,21.0,27.1,82,38,33,11,87,0.53,231,258,4.0,3.0,-0.29,0.03,2.82,3.15,31,254,12.2,40,241,83.4,16,4,10.1,9.7,2708,8.5,2225,0.884,5,0,19537,9.880065382591635,0,32.0,27.7,82,19,54,9,47,0.287,180,326,1.0,5.0,-1.78,0.05,2.2,3.98,42,208,20.19,62,252,75.4,3,8,9.5,8.2,2069,8.7,2881,0.887,2,0,0,0,0,0,0,0,0,0,0
Buffalo Sabres,New York Rangers,22.0,25.7,82,39,37,6,84,0.512,244,243,2.0,1.0,0.03,0.01,2.98,2.96,37,223,16.59,49,243,79.84,7,10,9.8,9.2,2534,9.6,2402,0.899,5,0,19029,9.853719410302007,0,1.0,29.1,82,55,23,4,114,0.695,278,226,4.0,3.0,0.61,-0.03,3.39,2.76,65,246,26.42,36,232,84.48,8,6,9.4,10.4,2582,10.8,2418,0.907,6,0,1,0,0,0,0,0,0,0,0
Buffalo Sabres,Dallas Stars,22.0,25.7,82,39,37,6,84,0.512,244,243,2.0,1.0,0.03,0.01,2.98,2.96,37,223,16.59,49,243,79.84,7,10,9.8,9.2,2534,9.6,2402,0.899,5,0,19029,9.853719410302007,0,2.0,29.3,82,52,21,9,113,0.689,294,232,4.0,2.0,0.74,-0.04,3.59,2.83,58,240,24.17,43,239,82.01,12,4,6.8,7.5,2588,11.4,2350,0.901,4,0,0,0,0,0,0,0,0,0,0
Buffalo Sabres,Carolina Hurricanes,22.0,25.7,82,39,37,6,84,0.512,244,243,2.0,1.0,0.03,0.01,2.98,2.96,37,223,16.59,49,243,79.84,7,10,9.8,9.2,2534,9.6,2402,0.899,5,0,19029,9.853719410302007,0,3.0,29.4,82,52,23,7,111,0.677,277,211,2.0,5.0,0.73,-0.04,3.38,2.57,67,249,26.91,35,258,86.43,11,8,8.5,8.0,2733,10.1,2101,0.9,8,0,0,0,0,0,0,0,0,0,0
Buffalo Sabres,Winnipeg Jets,22.0,25.7,82,39,37,6,84,0.512,244,243,2.0,1.0,0.03,0.01,2.98,2.96,37,223,16.59,49,243,79.84,7,10,9.8,9.2,2534,9.6,2402,0.899,5,0,19029,9.853719410302007,0,4.0,29.4,82,52,24,6,110,0.671,259,198,0.0,1.0,0.69,-0.04,3.16,2.41,45,240,18.75,51,223,77.13,3,5,8.2,8.9,2488,10.4,2429,0.918,8,1,0,0,0,0,0,0,0,0,0
Buffalo Sabres,Florida Panthers,22.0,25.7,82,39,37,6,84,0.512,244,243,2.0,1.0,0.03,0.01,2.98,2.96,37,223,16.59,49,243,79.84,7,10,9.8,9.2,2534,9.6,2402,0.899,5,0,19029,9.853719410302007,0,5.0,29.5,82,52,24,6,110,0.671,265,198,3.0,2.0,0.81,-0.02,3.23,2.41,63,268,23.51,51,291,82.47,8,9,13.6,13.5,2764,9.6,2279,0.913,8,0,1,0,0,0,0,0,0,0,1
Buffalo Sabres,Boston Bruins,22.0,25.7,82,39,37,6,84,0.512,244,243,2.0,1.0,0.03,0.01,2.98,2.96,37,223,16.59,49,243,79.84,7,10,9.8,9.2,2534,9.6,2402,0.899,5,0,19029,9.853719410302007,0,6.0,28.6,82,47,20,15,109,0.665,263,221,4.0,3.0,0.53,0.01,3.21,2.7,54,243,22.22,47,268,82.46,7,6,9.5,8.8,2399,11.0,2504,0.912,5,0,1,0,0,0,0,0,0,0,1
Buffalo Sabres,Vancouver Canucks,22.0,25.7,82,39,37,6,84,0.512,244,243,2.0,1.0,0.03,0.01,2.98,2.96,37,223,16.59,49,243,79.84,7,10,9.8,9.2,2534,9.6,2402,0.899,5,0,19029,9.853719410302007,0,7.0,28.6,82,50,23,9,109,0.665,279,221,0.0,2.0,0.64,-0.04,3.4,2.7,58,257,22.57,53,254,79.13,7,7,9.6,9.7,2328,12.0,2343,0.906,7,1,1,0,0,0,0,0,0,0,0
Buffalo Sabres,Colorado Avalanche,22.0,25.7,82,39,37,6,84,0.512,244,243,2.0,1.0,0.03,0.01,2.98,2.96,37,223,16.59,49,243,79.84,7,10,9.8,9.2,2534,9.6,2402,0.899,5,0,19029,9.853719410302007,0,8.0,28.8,82,50,25,7,107,0.652,302,252,2.0,2.0,0.57,-0.05,3.68,3.07,68,278,24.46,53,264,79.92,7,6,8.9,9.7,2705,11.2,2444,0.897,4,0,1,0,0,0,0,0,0,0,0
Buffalo Sabres,Edmonton Oilers,22.0,25.7,82,39,37,6,84,0.512,244,243,2.0,1.0,0.03,0.01,2.98,2.96,37,223,16.59,49,243,79.84,7,10,9.8,9.2,2534,9.6,2402,0.899,5,0,19029,9.853719410302007,0,9.0,29.4,82,49,27,6,104,0.634,292,236,2.0,1.0,0.65,-0.04,3.56,2.88,64,243,26.34,53,258,79.46,7,5,9.5,8.5,2768,10.5,2307,0.898,4,1,1,0,0,0,0,0,0,0,0
Buffalo Sabres,Toronto Maple Leafs,22.0,25.7,82,39,37,6,84,0.512,244,243,2.0,1.0,0.03,0.01,2.98,2.96,37,223,16.59,49,243,79.84,7,10,9.8,9.2,2534,9.6,2402,0.899,5,0,19029,9.853719410302007,0,10.0,28.9,82,46,26,10,102,0.622,298,261,5.0,2.0,0.5,0.01,3.63,3.18,57,238,23.95,55,238,76.89,6,9,9.9,10.2,2671,11.2,2446,0.893,5,1,1,0,0,0,0,0,0,0,1
Buffalo Sabres,Nashville Predators,22.0,25.7,82,39,37,6,84,0.512,244,243,2.0,1.0,0.03,0.01,2.98,2.96,37,223,16.59,49,243,79.84,7,10,9.8,9.2,2534,9.6,2402,0.899,5,0,19029,9.853719410302007,0,11.0,29.5,82,47,30,5,99,0.604,266,248,3.0,0.0,0.23,-0.02,3.24,3.02,58,269,21.56,57,247,76.92,7,5,9.7,9.5,2642,10.1,2507,0.901,4,0,1,0,0,0,0,0,0,0,0
Buffalo Sabres,Los Angeles Kings,22.0,25.7,82,39,37,6,84,0.512,244,243,2.0,1.0,0.03,0.01,2.98,2.96,37,223,16.59,49,243,79.84,7,10,9.8,9.2,2534,9.6,2402,0.899,5,0,19029,9.853719410302007,0,12.0,29.5,82,44,27,11,99,0.604,254,210,2.0,5.0,0.45,-0.05,3.1,2.56,56,248,22.58,39,253,84.58,11,7,8.7,9.5,2616,9.7,2296,0.909,7,0,0,0,0,0,0,0,0,0,0
Buffalo Sabres,Tampa Bay Lightning,22.0,25.7,82,39,37,6,84,0.512,244,243,2.0,1.0,0.03,0.01,2.98,2.96,37,223,16.59,49,243,79.84,7,10,9.8,9.2,2534,9.6,2402,0.899,5,0,19029,9.853719410302007,0,13.0,29.1,82,45,29,8,98,0.598,288,267,3.0,1.0,0.28,0.0,3.51,3.26,71,248,28.63,39,234,83.33,5,6,11.0,11.0,2401,12.0,2430,0.89,4,0,1,0,0,0,0,0,0,0,1
Buffalo Sabres,Vegas Golden Knights,22.0,25.7,82,39,37,6,84,0.512,244,243,2.0,1.0,0.03,0.01,2.98,2.96,37,223,16.59,49,243,79.84,7,10,9.8,9.2,2534,9.6,2402,0.899,5,0,19029,9.853719410302007,0,14.0,29.0,82,45,29,8,98,0.598,263,243,4.0,2.0,0.22,-0.05,3.21,2.96,51,252,20.24,44,213,79.34,9,8,7.4,8.5,2548,10.3,2487,0.902,3,0,0,0,0,0,0,0,0,0,0
Buffalo Sabres,New York Islanders,22.0,25.7,82,39,37,6,84,0.512,244,243,2.0,1.0,0.03,0.01,2.98,2.96,37,223,16.59,49,243,79.84,7,10,9.8,9.2,2534,9.6,2402,0.899,5,0,19029,9.853719410302007,0,15.0,29.6,82,39,27,16,94,0.573,245,258,1.0,5.0,-0.18,0.03,2.99,3.15,47,231,20.35,63,221,71.49,10,3,7.1,7.4,2470,9.9,2686,0.904,5,0,0,0,0,0,0,0,0,0,0
Buffalo Sabres,St. Louis Blues,22.0,25.7,82,39,37,6,84,0.512,244,243,2.0,1.0,0.03,0.01,2.98,2.96,37,223,16.59,49,243,79.84,7,10,9.8,9.2,2534,9.6,2402,0.899,5,0,19029,9.853719410302007,0,16.0,29.0,82,43,33,6,92,0.561,234,248,5.0,2.0,-0.14,-0.01,2.85,3.02,45,250,18.0,46,215,78.6,11,7,7.4,8.6,2370,9.9,2636,0.906,4,0,0,0,0,0,0,0,0,0,0
Buffalo Sabres,Washington Capitals,22.0,25.7,82,39,37,6,84,0.512,244,243,2.0,1.0,0.03,0.01,2.98,2.96,37,223,16.59,49,243,79.84,7,10,9.8,9.2,2534,9.6,2402,0.899,5,0,19029,9.853719410302007,0,17.0,30.0,82,40,31,11,91,0.555,216,252,4.0,5.0,-0.41,0.04,2.63,3.07,47,228,20.61,49,233,78.97,3,5,7.7,7.4,2172,9.9,2503,0.899,7,0,0,0,0,0,0,0,0,0,0
Buffalo Sabres,Detroit Red Wings,22.0,25.7,82,39,37,6,84,0.512,244,243,2.0,1.0,0.03,0.01,2.98,2.96,37,223,16.59,49,243,79.84,7,10,9.8,9.2,2534,9.6,2402,0.899,5,0,19029,9.853719410302007,0,18.0,29.3,82,41,32,9,91,0.555,275,273,3.0,1.0,0.06,0.02,3.35,3.33,63,273,23.08,49,240,79.58,7,10,8.7,9.9,2375,11.6,2657,0.897,4,0,0,0,0,0,0,0,0,0,1
Buffalo Sabres,Pittsburgh Penguins,22.0,25.7,82,39,37,6,84,0.512,244,243,2.0,1.0,0.03,0.01,2.98,2.96,37,223,16.59,49,243,79.84,7,10,9.8,9.2,2534,9.6,2402,0.899,5,0,19029,9.853719410302007,0,19.0,31.3,82,38,32,12,88,0.537,253,248,2.0,3.0,0.05,0.0,3.09,3.02,40,262,15.27,47,243,80.66,5,12,7.4,7.9,2685,9.4,2479,0.9,8,0,1,0,0,0,0,0,0,0,0
Buffalo Sabres,Minnesota Wild,22.0,25.7,82,39,37,6,84,0.512,244,243,2.0,1.0,0.03,0.01,2.98,2.96,37,223,16.59,49,243,79.84,7,10,9.8,9.2,2534,9.6,2402,0.899,5,0,19029,9.853719410302007,0,20.0,29.3,82,39,34,9,87,0.53,248,260,3.0,3.0,-0.14,0.01,3.02,3.17,62,273,22.71,67,263,74.52,3,11,11.4,11.3,2471,10.0,2437,0.893,6,0,1,0,0,0,0,0,0,0,0
Buffalo Sabres,Philadelphia Flyers,22.0,25.7,82,39,37,6,84,0.512,244,243,2.0,1.0,0.03,0.01,2.98,2.96,37,223,16.59,49,243,79.84,7,10,9.8,9.2,2534,9.6,2402,0.899,5,0,19029,9.853719410302007,0,21.0,27.1,82,38,33,11,87,0.53,231,258,4.0,3.0,-0.29,0.03,2.82,3.15,31,254,12.2,40,241,83.4,16,4,10.1,9.7,2708,8.5,2225,0.884,5,0,0,0,0,0,0,0,0,0,0
Buffalo Sabres,New Jersey Devils,22.0,25.7,82,39,37,6,84,0.512,244,243,2.0,1.0,0.03,0.01,2.98,2.96,37,223,16.59,49,243,79.84,7,10,9.8,9.2,2534,9.6,2402,0.899,5,0,19029,9.853719410302007,0,23.0,26.8,82,38,39,5,81,0.494,264,281,0.0,2.0,-0.22,0.01,3.22,3.43,55,245,22.45,47,243,80.66,3,9,9.1,9.6,2516,10.5,2458,0.886,1,0,0,0,0,0,0,0,0,0,0
Buffalo Sabres,Seattle Kraken,22.0,25.7,82,39,37,6,84,0.512,244,243,2.0,1.0,0.03,0.01,2.98,2.96,37,223,16.59,49,243,79.84,7,10,9.8,9.2,2534,9.6,2402,0.899,5,0,19029,9.853719410302007,0,24.0,29.4,82,34,35,13,81,0.494,214,232,3.0,4.0,-0.26,-0.03,2.61,2.83,50,242,20.66,47,222,78.83,6,9,8.0,8.1,2347,9.1,2391,0.903,5,0,0,0,0,0,0,0,0,0,0
Buffalo Sabres,Calgary Flames,22.0,25.7,82,39,37,6,84,0.512,244,243,2.0,1.0,0.03,0.01,2.98,2.96,37,223,16.59,49,243,79.84,7,10,9.8,9.2,2534,9.6,2402,0.899,5,0,19029,9.853719410302007,0,25.0,29.2,82,38,39,5,81,0.494,253,267,0.0,4.0,-0.2,0.02,3.09,3.26,45,252,17.86,47,245,80.82,11,11,9.4,9.2,2572,9.8,2438,0.89,2,1,0,0,0,0,0,0,0,0,0
Buffalo Sabres,Ottawa Senators,22.0,25.7,82,39,37,6,84,0.512,244,243,2.0,1.0,0.03,0.01,2.98,2.96,37,223,16.59,49,243,79.84,7,10,9.8,9.2,2534,9.6,2402,0.899,5,0,19029,9.853719410302007,0,26.0,27.0,82,37,41,4,78,0.476,250,281,5.0,0.0,-0.28,0.04,3.05,3.43,51,283,18.02,61,245,75.1,7,6,10.4,11.1,2602,9.6,2432,0.884,2,1,0,0,0,0,0,0,0,0,1
Buffalo Sabres,Montreal Canadiens,22.0,25.7,82,39,37,6,84,0.512,244,243,2.0,1.0,0.03,0.01,2.98,2.96,37,223,16.59,49,243,79.84,7,10,9.8,9.2,2534,9.6,2402,0.899,5,0,19029,9.853719410302007,0,28.0,26.7,82,30,36,16,76,0.463,232,281,4.0,8.0,-0.59,0.05,2.83,3.43,44,252,17.46,65,277,76.53,7,12,10.2,10.0,2269,10.2,2738,0.897,2,1,0,0,0,0,0,0,0,0,1
Buffalo Sabres,Columbus Blue Jackets,22.0,25.7,82,39,37,6,84,0.512,244,243,2.0,1.0,0.03,0.01,2.98,2.96,37,223,16.59,49,243,79.84,7,10,9.8,9.2,2534,9.6,2402,0.899,5,0,19029,9.853719410302007,0,29.0,26.8,82,27,43,12,66,0.402,234,298,3.0,2.0,-0.72,0.05,2.85,3.63,32,212,15.09,56,236,76.27,5,6,8.2,7.6,2458,9.5,2822,0.894,1,0,0,0,0,0,0,0,0,0,0
Buffalo Sabres,Anaheim Ducks,22.0,25.7,82,39,37,6,84,0.512,244,243,2.0,1.0,0.03,0.01,2.98,2.96,37,223,16.59,49,243,79.84,7,10,9.8,9.2,2534,9.6,2402,0.899,5,0,19029,9.853719410302007,0,30.0,27.7,82,27,50,5,59,0.36,203,293,1.0,2.0,-1.09,0.02,2.48,3.57,43,235,18.3,91,330,72.42,12,5,13.5,10.9,2194,9.3,2666,0.89,1,0,0,0,0,0,0,0,0,0,0
Buffalo Sabres,Chicago Blackhawks,22.0,25.7,82,39,37,6,84,0.512,244,243,2.0,1.0,0.03,0.01,2.98,2.96,37,223,16.59,49,243,79.84,7,10,9.8,9.2,2534,9.6,2402,0.899,5,0,19029,9.853719410302007,0,31.0,27.4,82,23,53,6,52,0.317,178,289,1.0,1.0,-1.29,0.06,2.17,3.52,39,235,16.6,56,231,75.76,3,8,8.7,9.3,2153,8.3,2681,0.892,1,0,0,0,0,0,0,0,0,0,0
Buffalo Sabres,San Jose Sharks,22.0,25.7,82,39,37,6,84,0.512,244,243,2.0,1.0,0.03,0.01,2.98,2.96,37,223,16.59,49,243,79.84,7,10,9.8,9.2,2534,9.6,2402,0.899,5,0,19029,9.853719410302007,0,32.0,27.7,82,19,54,9,47,0.287,180,326,1.0,5.0,-1.78,0.05,2.2,3.98,42,208,20.19,62,252,75.4,3,8,9.5,8.2,2069,8.7,2881,0.887,2,0,0,0,0,0,0,0,0,0,0
New Jersey Devils,New York Rangers,23.0,26.8,82,38,39,5,81,0.494,264,281,0.0,2.0,-0.22,0.01,3.22,3.43,55,245,22.45,47,243,80.66,3,9,9.1,9.6,2516,10.5,2458,0.886,1,0,16535,9.713234625415893,0,1.0,29.1,82,55,23,4,114,0.695,278,226,4.0,3.0,0.61,-0.03,3.39,2.76,65,246,26.42,36,232,84.48,8,6,9.4,10.4,2582,10.8,2418,0.907,6,0,1,0,0,0,0,0,0,0,1
New Jersey Devils,Dallas Stars,23.0,26.8,82,38,39,5,81,0.494,264,281,0.0,2.0,-0.22,0.01,3.22,3.43,55,245,22.45,47,243,80.66,3,9,9.1,9.6,2516,10.5,2458,0.886,1,0,16535,9.713234625415893,0,2.0,29.3,82,52,21,9,113,0.689,294,232,4.0,2.0,0.74,-0.04,3.59,2.83,58,240,24.17,43,239,82.01,12,4,6.8,7.5,2588,11.4,2350,0.901,4,0,0,0,0,0,0,0,0,0,0
New Jersey Devils,Carolina Hurricanes,23.0,26.8,82,38,39,5,81,0.494,264,281,0.0,2.0,-0.22,0.01,3.22,3.43,55,245,22.45,47,243,80.66,3,9,9.1,9.6,2516,10.5,2458,0.886,1,0,16535,9.713234625415893,0,3.0,29.4,82,52,23,7,111,0.677,277,211,2.0,5.0,0.73,-0.04,3.38,2.57,67,249,26.91,35,258,86.43,11,8,8.5,8.0,2733,10.1,2101,0.9,8,0,0,0,0,0,0,0,0,0,1
New Jersey Devils,Winnipeg Jets,23.0,26.8,82,38,39,5,81,0.494,264,281,0.0,2.0,-0.22,0.01,3.22,3.43,55,245,22.45,47,243,80.66,3,9,9.1,9.6,2516,10.5,2458,0.886,1,0,16535,9.713234625415893,0,4.0,29.4,82,52,24,6,110,0.671,259,198,0.0,1.0,0.69,-0.04,3.16,2.41,45,240,18.75,51,223,77.13,3,5,8.2,8.9,2488,10.4,2429,0.918,8,1,0,0,0,0,0,0,0,0,0
New Jersey Devils,Florida Panthers,23.0,26.8,82,38,39,5,81,0.494,264,281,0.0,2.0,-0.22,0.01,3.22,3.43,55,245,22.45,47,243,80.66,3,9,9.1,9.6,2516,10.5,2458,0.886,1,0,16535,9.713234625415893,0,5.0,29.5,82,52,24,6,110,0.671,265,198,3.0,2.0,0.81,-0.02,3.23,2.41,63,268,23.51,51,291,82.47,8,9,13.6,13.5,2764,9.6,2279,0.913,8,0,1,0,0,0,0,0,0,0,0
New Jersey Devils,Boston Bruins,23.0,26.8,82,38,39,5,81,0.494,264,281,0.0,2.0,-0.22,0.01,3.22,3.43,55,245,22.45,47,243,80.66,3,9,9.1,9.6,2516,10.5,2458,0.886,1,0,16535,9.713234625415893,0,6.0,28.6,82,47,20,15,109,0.665,263,221,4.0,3.0,0.53,0.01,3.21,2.7,54,243,22.22,47,268,82.46,7,6,9.5,8.8,2399,11.0,2504,0.912,5,0,1,0,0,0,0,0,0,0,0
New Jersey Devils,Vancouver Canucks,23.0,26.8,82,38,39,5,81,0.494,264,281,0.0,2.0,-0.22,0.01,3.22,3.43,55,245,22.45,47,243,80.66,3,9,9.1,9.6,2516,10.5,2458,0.886,1,0,16535,9.713234625415893,0,7.0,28.6,82,50,23,9,109,0.665,279,221,0.0,2.0,0.64,-0.04,3.4,2.7,58,257,22.57,53,254,79.13,7,7,9.6,9.7,2328,12.0,2343,0.906,7,1,1,0,0,0,0,0,0,0,0
New Jersey Devils,Colorado Avalanche,23.0,26.8,82,38,39,5,81,0.494,264,281,0.0,2.0,-0.22,0.01,3.22,3.43,55,245,22.45,47,243,80.66,3,9,9.1,9.6,2516,10.5,2458,0.886,1,0,16535,9.713234625415893,0,8.0,28.8,82,50,25,7,107,0.652,302,252,2.0,2.0,0.57,-0.05,3.68,3.07,68,278,24.46,53,264,79.92,7,6,8.9,9.7,2705,11.2,2444,0.897,4,0,1,0,0,0,0,0,0,0,0
New Jersey Devils,Edmonton Oilers,23.0,26.8,82,38,39,5,81,0.494,264,281,0.0,2.0,-0.22,0.01,3.22,3.43,55,245,22.45,47,243,80.66,3,9,9.1,9.6,2516,10.5,2458,0.886,1,0,16535,9.713234625415893,0,9.0,29.4,82,49,27,6,104,0.634,292,236,2.0,1.0,0.65,-0.04,3.56,2.88,64,243,26.34,53,258,79.46,7,5,9.5,8.5,2768,10.5,2307,0.898,4,1,1,0,0,0,0,0,0,0,0
New Jersey Devils,Toronto Maple Leafs,23.0,26.8,82,38,39,5,81,0.494,264,281,0.0,2.0,-0.22,0.01,3.22,3.43,55,245,22.45,47,243,80.66,3,9,9.1,9.6,2516,10.5,2458,0.886,1,0,16535,9.713234625415893,0,10.0,28.9,82,46,26,10,102,0.622,298,261,5.0,2.0,0.5,0.01,3.63,3.18,57,238,23.95,55,238,76.89,6,9,9.9,10.2,2671,11.2,2446,0.893,5,1,1,0,0,0,0,0,0,0,0
New Jersey Devils,Nashville Predators,23.0,26.8,82,38,39,5,81,0.494,264,281,0.0,2.0,-0.22,0.01,3.22,3.43,55,245,22.45,47,243,80.66,3,9,9.1,9.6,2516,10.5,2458,0.886,1,0,16535,9.713234625415893,0,11.0,29.5,82,47,30,5,99,0.604,266,248,3.0,0.0,0.23,-0.02,3.24,3.02,58,269,21.56,57,247,76.92,7,5,9.7,9.5,2642,10.1,2507,0.901,4,0,1,0,0,0,0,0,0,0,0
New Jersey Devils,Los Angeles Kings,23.0,26.8,82,38,39,5,81,0.494,264,281,0.0,2.0,-0.22,0.01,3.22,3.43,55,245,22.45,47,243,80.66,3,9,9.1,9.6,2516,10.5,2458,0.886,1,0,16535,9.713234625415893,0,12.0,29.5,82,44,27,11,99,0.604,254,210,2.0,5.0,0.45,-0.05,3.1,2.56,56,248,22.58,39,253,84.58,11,7,8.7,9.5,2616,9.7,2296,0.909,7,0,0,0,0,0,0,0,0,0,0
New Jersey Devils,Tampa Bay Lightning,23.0,26.8,82,38,39,5,81,0.494,264,281,0.0,2.0,-0.22,0.01,3.22,3.43,55,245,22.45,47,243,80.66,3,9,9.1,9.6,2516,10.5,2458,0.886,1,0,16535,9.713234625415893,0,13.0,29.1,82,45,29,8,98,0.598,288,267,3.0,1.0,0.28,0.0,3.51,3.26,71,248,28.63,39,234,83.33,5,6,11.0,11.0,2401,12.0,2430,0.89,4,0,1,0,0,0,0,0,0,0,0
New Jersey Devils,Vegas Golden Knights,23.0,26.8,82,38,39,5,81,0.494,264,281,0.0,2.0,-0.22,0.01,3.22,3.43,55,245,22.45,47,243,80.66,3,9,9.1,9.6,2516,10.5,2458,0.886,1,0,16535,9.713234625415893,0,14.0,29.0,82,45,29,8,98,0.598,263,243,4.0,2.0,0.22,-0.05,3.21,2.96,51,252,20.24,44,213,79.34,9,8,7.4,8.5,2548,10.3,2487,0.902,3,0,0,0,0,0,0,0,0,0,0
New Jersey Devils,New York Islanders,23.0,26.8,82,38,39,5,81,0.494,264,281,0.0,2.0,-0.22,0.01,3.22,3.43,55,245,22.45,47,243,80.66,3,9,9.1,9.6,2516,10.5,2458,0.886,1,0,16535,9.713234625415893,0,15.0,29.6,82,39,27,16,94,0.573,245,258,1.0,5.0,-0.18,0.03,2.99,3.15,47,231,20.35,63,221,71.49,10,3,7.1,7.4,2470,9.9,2686,0.904,5,0,0,0,0,0,0,0,0,0,1
New Jersey Devils,St. Louis Blues,23.0,26.8,82,38,39,5,81,0.494,264,281,0.0,2.0,-0.22,0.01,3.22,3.43,55,245,22.45,47,243,80.66,3,9,9.1,9.6,2516,10.5,2458,0.886,1,0,16535,9.713234625415893,0,16.0,29.0,82,43,33,6,92,0.561,234,248,5.0,2.0,-0.14,-0.01,2.85,3.02,45,250,18.0,46,215,78.6,11,7,7.4,8.6,2370,9.9,2636,0.906,4,0,0,0,0,0,0,0,0,0,0
New Jersey Devils,Washington Capitals,23.0,26.8,82,38,39,5,81,0.494,264,281,0.0,2.0,-0.22,0.01,3.22,3.43,55,245,22.45,47,243,80.66,3,9,9.1,9.6,2516,10.5,2458,0.886,1,0,16535,9.713234625415893,0,17.0,30.0,82,40,31,11,91,0.555,216,252,4.0,5.0,-0.41,0.04,2.63,3.07,47,228,20.61,49,233,78.97,3,5,7.7,7.4,2172,9.9,2503,0.899,7,0,0,0,0,0,0,0,0,0,1
New Jersey Devils,Detroit Red Wings,23.0,26.8,82,38,39,5,81,0.494,264,281,0.0,2.0,-0.22,0.01,3.22,3.43,55,245,22.45,47,243,80.66,3,9,9.1,9.6,2516,10.5,2458,0.886,1,0,16535,9.713234625415893,0,18.0,29.3,82,41,32,9,91,0.555,275,273,3.0,1.0,0.06,0.02,3.35,3.33,63,273,23.08,49,240,79.58,7,10,8.7,9.9,2375,11.6,2657,0.897,4,0,0,0,0,0,0,0,0,0,0
New Jersey Devils,Pittsburgh Penguins,23.0,26.8,82,38,39,5,81,0.494,264,281,0.0,2.0,-0.22,0.01,3.22,3.43,55,245,22.45,47,243,80.66,3,9,9.1,9.6,2516,10.5,2458,0.886,1,0,16535,9.713234625415893,0,19.0,31.3,82,38,32,12,88,0.537,253,248,2.0,3.0,0.05,0.0,3.09,3.02,40,262,15.27,47,243,80.66,5,12,7.4,7.9,2685,9.4,2479,0.9,8,0,1,0,0,0,0,0,0,0,1
New Jersey Devils,Minnesota Wild,23.0,26.8,82,38,39,5,81,0.494,264,281,0.0,2.0,-0.22,0.01,3.22,3.43,55,245,22.45,47,243,80.66,3,9,9.1,9.6,2516,10.5,2458,0.886,1,0,16535,9.713234625415893,0,20.0,29.3,82,39,34,9,87,0.53,248,260,3.0,3.0,-0.14,0.01,3.02,3.17,62,273,22.71,67,263,74.52,3,11,11.4,11.3,2471,10.0,2437,0.893,6,0,1,0,0,0,0,0,0,0,0
New Jersey Devils,Philadelphia Flyers,23.0,26.8,82,38,39,5,81,0.494,264,281,0.0,2.0,-0.22,0.01,3.22,3.43,55,245,22.45,47,243,80.66,3,9,9.1,9.6,2516,10.5,2458,0.886,1,0,16535,9.713234625415893,0,21.0,27.1,82,38,33,11,87,0.53,231,258,4.0,3.0,-0.29,0.03,2.82,3.15,31,254,12.2,40,241,83.4,16,4,10.1,9.7,2708,8.5,2225,0.884,5,0,0,0,0,0,0,0,0,0,1
New Jersey Devils,Buffalo Sabres,23.0,26.8,82,38,39,5,81,0.494,264,281,0.0,2.0,-0.22,0.01,3.22,3.43,55,245,22.45,47,243,80.66,3,9,9.1,9.6,2516,10.5,2458,0.886,1,0,16535,9.713234625415893,0,22.0,25.7,82,39,37,6,84,0.512,244,243,2.0,1.0,0.03,0.01,2.98,2.96,37,223,16.59,49,243,79.84,7,10,9.8,9.2,2534,9.6,2402,0.899,5,0,0,0,0,0,0,0,0,0,0
New Jersey Devils,Seattle Kraken,23.0,26.8,82,38,39,5,81,0.494,264,281,0.0,2.0,-0.22,0.01,3.22,3.43,55,245,22.45,47,243,80.66,3,9,9.1,9.6,2516,10.5,2458,0.886,1,0,16535,9.713234625415893,0,24.0,29.4,82,34,35,13,81,0.494,214,232,3.0,4.0,-0.26,-0.03,2.61,2.83,50,242,20.66,47,222,78.83,6,9,8.0,8.1,2347,9.1,2391,0.903,5,0,0,0,0,0,0,0,0,0,0
New Jersey Devils,Calgary Flames,23.0,26.8,82,38,39,5,81,0.494,264,281,0.0,2.0,-0.22,0.01,3.22,3.43,55,245,22.45,47,243,80.66,3,9,9.1,9.6,2516,10.5,2458,0.886,1,0,16535,9.713234625415893,0,25.0,29.2,82,38,39,5,81,0.494,253,267,0.0,4.0,-0.2,0.02,3.09,3.26,45,252,17.86,47,245,80.82,11,11,9.4,9.2,2572,9.8,2438,0.89,2,1,0,0,0,0,0,0,0,0,0
New Jersey Devils,Ottawa Senators,23.0,26.8,82,38,39,5,81,0.494,264,281,0.0,2.0,-0.22,0.01,3.22,3.43,55,245,22.45,47,243,80.66,3,9,9.1,9.6,2516,10.5,2458,0.886,1,0,16535,9.713234625415893,0,26.0,27.0,82,37,41,4,78,0.476,250,281,5.0,0.0,-0.28,0.04,3.05,3.43,51,283,18.02,61,245,75.1,7,6,10.4,11.1,2602,9.6,2432,0.884,2,1,0,0,0,0,0,0,0,0,0
New Jersey Devils,Montreal Canadiens,23.0,26.8,82,38,39,5,81,0.494,264,281,0.0,2.0,-0.22,0.01,3.22,3.43,55,245,22.45,47,243,80.66,3,9,9.1,9.6,2516,10.5,2458,0.886,1,0,16535,9.713234625415893,0,28.0,26.7,82,30,36,16,76,0.463,232,281,4.0,8.0,-0.59,0.05,2.83,3.43,44,252,17.46,65,277,76.53,7,12,10.2,10.0,2269,10.2,2738,0.897,2,1,0,0,0,0,0,0,0,0,0
New Jersey Devils,Columbus Blue Jackets,23.0,26.8,82,38,39,5,81,0.494,264,281,0.0,2.0,-0.22,0.01,3.22,3.43,55,245,22.45,47,243,80.66,3,9,9.1,9.6,2516,10.5,2458,0.886,1,0,16535,9.713234625415893,0,29.0,26.8,82,27,43,12,66,0.402,234,298,3.0,2.0,-0.72,0.05,2.85,3.63,32,212,15.09,56,236,76.27,5,6,8.2,7.6,2458,9.5,2822,0.894,1,0,0,0,0,0,0,0,0,0,1
New Jersey Devils,Anaheim Ducks,23.0,26.8,82,38,39,5,81,0.494,264,281,0.0,2.0,-0.22,0.01,3.22,3.43,55,245,22.45,47,243,80.66,3,9,9.1,9.6,2516,10.5,2458,0.886,1,0,16535,9.713234625415893,0,30.0,27.7,82,27,50,5,59,0.36,203,293,1.0,2.0,-1.09,0.02,2.48,3.57,43,235,18.3,91,330,72.42,12,5,13.5,10.9,2194,9.3,2666,0.89,1,0,0,0,0,0,0,0,0,0,0
New Jersey Devils,Chicago Blackhawks,23.0,26.8,82,38,39,5,81,0.494,264,281,0.0,2.0,-0.22,0.01,3.22,3.43,55,245,22.45,47,243,80.66,3,9,9.1,9.6,2516,10.5,2458,0.886,1,0,16535,9.713234625415893,0,31.0,27.4,82,23,53,6,52,0.317,178,289,1.0,1.0,-1.29,0.06,2.17,3.52,39,235,16.6,56,231,75.76,3,8,8.7,9.3,2153,8.3,2681,0.892,1,0,0,0,0,0,0,0,0,0,0
New Jersey Devils,San Jose Sharks,23.0,26.8,82,38,39,5,81,0.494,264,281,0.0,2.0,-0.22,0.01,3.22,3.43,55,245,22.45,47,243,80.66,3,9,9.1,9.6,2516,10.5,2458,0.886,1,0,16535,9.713234625415893,0,32.0,27.7,82,19,54,9,47,0.287,180,326,1.0,5.0,-1.78,0.05,2.2,3.98,42,208,20.19,62,252,75.4,3,8,9.5,8.2,2069,8.7,2881,0.887,2,0,0,0,0,0,0,0,0,0,0
Seattle Kraken,New York Rangers,24.0,29.4,82,34,35,13,81,0.494,214,232,3.0,4.0,-0.26,-0.03,2.61,2.83,50,242,20.66,47,222,78.83,6,9,8.0,8.1,2347,9.1,2391,0.903,5,0,17100,9.746833742490752,0,1.0,29.1,82,55,23,4,114,0.695,278,226,4.0,3.0,0.61,-0.03,3.39,2.76,65,246,26.42,36,232,84.48,8,6,9.4,10.4,2582,10.8,2418,0.907,6,0,1,0,0,0,0,0,0,0,0
Seattle Kraken,Dallas Stars,24.0,29.4,82,34,35,13,81,0.494,214,232,3.0,4.0,-0.26,-0.03,2.61,2.83,50,242,20.66,47,222,78.83,6,9,8.0,8.1,2347,9.1,2391,0.903,5,0,17100,9.746833742490752,0,2.0,29.3,82,52,21,9,113,0.689,294,232,4.0,2.0,0.74,-0.04,3.59,2.83,58,240,24.17,43,239,82.01,12,4,6.8,7.5,2588,11.4,2350,0.901,4,0,0,0,0,0,0,0,0,0,0
Seattle Kraken,Carolina Hurricanes,24.0,29.4,82,34,35,13,81,0.494,214,232,3.0,4.0,-0.26,-0.03,2.61,2.83,50,242,20.66,47,222,78.83,6,9,8.0,8.1,2347,9.1,2391,0.903,5,0,17100,9.746833742490752,0,3.0,29.4,82,52,23,7,111,0.677,277,211,2.0,5.0,0.73,-0.04,3.38,2.57,67,249,26.91,35,258,86.43,11,8,8.5,8.0,2733,10.1,2101,0.9,8,0,0,0,0,0,0,0,0,0,0
Seattle Kraken,Winnipeg Jets,24.0,29.4,82,34,35,13,81,0.494,214,232,3.0,4.0,-0.26,-0.03,2.61,2.83,50,242,20.66,47,222,78.83,6,9,8.0,8.1,2347,9.1,2391,0.903,5,0,17100,9.746833742490752,0,4.0,29.4,82,52,24,6,110,0.671,259,198,0.0,1.0,0.69,-0.04,3.16,2.41,45,240,18.75,51,223,77.13,3,5,8.2,8.9,2488,10.4,2429,0.918,8,1,0,0,0,0,0,0,0,0,0
Seattle Kraken,Florida Panthers,24.0,29.4,82,34,35,13,81,0.494,214,232,3.0,4.0,-0.26,-0.03,2.61,2.83,50,242,20.66,47,222,78.83,6,9,8.0,8.1,2347,9.1,2391,0.903,5,0,17100,9.746833742490752,0,5.0,29.5,82,52,24,6,110,0.671,265,198,3.0,2.0,0.81,-0.02,3.23,2.41,63,268,23.51,51,291,82.47,8,9,13.6,13.5,2764,9.6,2279,0.913,8,0,1,0,0,0,0,0,0,0,0
Seattle Kraken,Boston Bruins,24.0,29.4,82,34,35,13,81,0.494,214,232,3.0,4.0,-0.26,-0.03,2.61,2.83,50,242,20.66,47,222,78.83,6,9,8.0,8.1,2347,9.1,2391,0.903,5,0,17100,9.746833742490752,0,6.0,28.6,82,47,20,15,109,0.665,263,221,4.0,3.0,0.53,0.01,3.21,2.7,54,243,22.22,47,268,82.46,7,6,9.5,8.8,2399,11.0,2504,0.912,5,0,1,0,0,0,0,0,0,0,0
Seattle Kraken,Vancouver Canucks,24.0,29.4,82,34,35,13,81,0.494,214,232,3.0,4.0,-0.26,-0.03,2.61,2.83,50,242,20.66,47,222,78.83,6,9,8.0,8.1,2347,9.1,2391,0.903,5,0,17100,9.746833742490752,0,7.0,28.6,82,50,23,9,109,0.665,279,221,0.0,2.0,0.64,-0.04,3.4,2.7,58,257,22.57,53,254,79.13,7,7,9.6,9.7,2328,12.0,2343,0.906,7,1,1,0,0,0,0,0,0,0,1
Seattle Kraken,Colorado Avalanche,24.0,29.4,82,34,35,13,81,0.494,214,232,3.0,4.0,-0.26,-0.03,2.61,2.83,50,242,20.66,47,222,78.83,6,9,8.0,8.1,2347,9.1,2391,0.903,5,0,17100,9.746833742490752,0,8.0,28.8,82,50,25,7,107,0.652,302,252,2.0,2.0,0.57,-0.05,3.68,3.07,68,278,24.46,53,264,79.92,7,6,8.9,9.7,2705,11.2,2444,0.897,4,0,1,0,0,0,0,0,0,0,0
Seattle Kraken,Edmonton Oilers,24.0,29.4,82,34,35,13,81,0.494,214,232,3.0,4.0,-0.26,-0.03,2.61,2.83,50,242,20.66,47,222,78.83,6,9,8.0,8.1,2347,9.1,2391,0.903,5,0,17100,9.746833742490752,0,9.0,29.4,82,49,27,6,104,0.634,292,236,2.0,1.0,0.65,-0.04,3.56,2.88,64,243,26.34,53,258,79.46,7,5,9.5,8.5,2768,10.5,2307,0.898,4,1,1,0,0,0,0,0,0,0,1
Seattle Kraken,Toronto Maple Leafs,24.0,29.4,82,34,35,13,81,0.494,214,232,3.0,4.0,-0.26,-0.03,2.61,2.83,50,242,20.66,47,222,78.83,6,9,8.0,8.1,2347,9.1,2391,0.903,5,0,17100,9.746833742490752,0,10.0,28.9,82,46,26,10,102,0.622,298,261,5.0,2.0,0.5,0.01,3.63,3.18,57,238,23.95,55,238,76.89,6,9,9.9,10.2,2671,11.2,2446,0.893,5,1,1,0,0,0,0,0,0,0,0
Seattle Kraken,Nashville Predators,24.0,29.4,82,34,35,13,81,0.494,214,232,3.0,4.0,-0.26,-0.03,2.61,2.83,50,242,20.66,47,222,78.83,6,9,8.0,8.1,2347,9.1,2391,0.903,5,0,17100,9.746833742490752,0,11.0,29.5,82,47,30,5,99,0.604,266,248,3.0,0.0,0.23,-0.02,3.24,3.02,58,269,21.56,57,247,76.92,7,5,9.7,9.5,2642,10.1,2507,0.901,4,0,1,0,0,0,0,0,0,0,0
Seattle Kraken,Los Angeles Kings,24.0,29.4,82,34,35,13,81,0.494,214,232,3.0,4.0,-0.26,-0.03,2.61,2.83,50,242,20.66,47,222,78.83,6,9,8.0,8.1,2347,9.1,2391,0.903,5,0,17100,9.746833742490752,0,12.0,29.5,82,44,27,11,99,0.604,254,210,2.0,5.0,0.45,-0.05,3.1,2.56,56,248,22.58,39,253,84.58,11,7,8.7,9.5,2616,9.7,2296,0.909,7,0,0,0,0,0,0,0,0,0,1
Seattle Kraken,Tampa Bay Lightning,24.0,29.4,82,34,35,13,81,0.494,214,232,3.0,4.0,-0.26,-0.03,2.61,2.83,50,242,20.66,47,222,78.83,6,9,8.0,8.1,2347,9.1,2391,0.903,5,0,17100,9.746833742490752,0,13.0,29.1,82,45,29,8,98,0.598,288,267,3.0,1.0,0.28,0.0,3.51,3.26,71,248,28.63,39,234,83.33,5,6,11.0,11.0,2401,12.0,2430,0.89,4,0,1,0,0,0,0,0,0,0,0
Seattle Kraken,Vegas Golden Knights,24.0,29.4,82,34,35,13,81,0.494,214,232,3.0,4.0,-0.26,-0.03,2.61,2.83,50,242,20.66,47,222,78.83,6,9,8.0,8.1,2347,9.1,2391,0.903,5,0,17100,9.746833742490752,0,14.0,29.0,82,45,29,8,98,0.598,263,243,4.0,2.0,0.22,-0.05,3.21,2.96,51,252,20.24,44,213,79.34,9,8,7.4,8.5,2548,10.3,2487,0.902,3,0,0,0,0,0,0,0,0,0,1
Seattle Kraken,New York Islanders,24.0,29.4,82,34,35,13,81,0.494,214,232,3.0,4.0,-0.26,-0.03,2.61,2.83,50,242,20.66,47,222,78.83,6,9,8.0,8.1,2347,9.1,2391,0.903,5,0,17100,9.746833742490752,0,15.0,29.6,82,39,27,16,94,0.573,245,258,1.0,5.0,-0.18,0.03,2.99,3.15,47,231,20.35,63,221,71.49,10,3,7.1,7.4,2470,9.9,2686,0.904,5,0,0,0,0,0,0,0,0,0,0
Seattle Kraken,St. Louis Blues,24.0,29.4,82,34,35,13,81,0.494,214,232,3.0,4.0,-0.26,-0.03,2.61,2.83,50,242,20.66,47,222,78.83,6,9,8.0,8.1,2347,9.1,2391,0.903,5,0,17100,9.746833742490752,0,16.0,29.0,82,43,33,6,92,0.561,234,248,5.0,2.0,-0.14,-0.01,2.85,3.02,45,250,18.0,46,215,78.6,11,7,7.4,8.6,2370,9.9,2636,0.906,4,0,0,0,0,0,0,0,0,0,0
Seattle Kraken,Washington Capitals,24.0,29.4,82,34,35,13,81,0.494,214,232,3.0,4.0,-0.26,-0.03,2.61,2.83,50,242,20.66,47,222,78.83,6,9,8.0,8.1,2347,9.1,2391,0.903,5,0,17100,9.746833742490752,0,17.0,30.0,82,40,31,11,91,0.555,216,252,4.0,5.0,-0.41,0.04,2.63,3.07,47,228,20.61,49,233,78.97,3,5,7.7,7.4,2172,9.9,2503,0.899,7,0,0,0,0,0,0,0,0,0,0
Seattle Kraken,Detroit Red Wings,24.0,29.4,82,34,35,13,81,0.494,214,232,3.0,4.0,-0.26,-0.03,2.61,2.83,50,242,20.66,47,222,78.83,6,9,8.0,8.1,2347,9.1,2391,0.903,5,0,17100,9.746833742490752,0,18.0,29.3,82,41,32,9,91,0.555,275,273,3.0,1.0,0.06,0.02,3.35,3.33,63,273,23.08,49,240,79.58,7,10,8.7,9.9,2375,11.6,2657,0.897,4,0,0,0,0,0,0,0,0,0,0
Seattle Kraken,Pittsburgh Penguins,24.0,29.4,82,34,35,13,81,0.494,214,232,3.0,4.0,-0.26,-0.03,2.61,2.83,50,242,20.66,47,222,78.83,6,9,8.0,8.1,2347,9.1,2391,0.903,5,0,17100,9.746833742490752,0,19.0,31.3,82,38,32,12,88,0.537,253,248,2.0,3.0,0.05,0.0,3.09,3.02,40,262,15.27,47,243,80.66,5,12,7.4,7.9,2685,9.4,2479,0.9,8,0,1,0,0,0,0,0,0,0,0
Seattle Kraken,Minnesota Wild,24.0,29.4,82,34,35,13,81,0.494,214,232,3.0,4.0,-0.26,-0.03,2.61,2.83,50,242,20.66,47,222,78.83,6,9,8.0,8.1,2347,9.1,2391,0.903,5,0,17100,9.746833742490752,0,20.0,29.3,82,39,34,9,87,0.53,248,260,3.0,3.0,-0.14,0.01,3.02,3.17,62,273,22.71,67,263,74.52,3,11,11.4,11.3,2471,10.0,2437,0.893,6,0,1,0,0,0,0,0,0,0,0
Seattle Kraken,Philadelphia Flyers,24.0,29.4,82,34,35,13,81,0.494,214,232,3.0,4.0,-0.26,-0.03,2.61,2.83,50,242,20.66,47,222,78.83,6,9,8.0,8.1,2347,9.1,2391,0.903,5,0,17100,9.746833742490752,0,21.0,27.1,82,38,33,11,87,0.53,231,258,4.0,3.0,-0.29,0.03,2.82,3.15,31,254,12.2,40,241,83.4,16,4,10.1,9.7,2708,8.5,2225,0.884,5,0,0,0,0,0,0,0,0,0,0
Seattle Kraken,Buffalo Sabres,24.0,29.4,82,34,35,13,81,0.494,214,232,3.0,4.0,-0.26,-0.03,2.61,2.83,50,242,20.66,47,222,78.83,6,9,8.0,8.1,2347,9.1,2391,0.903,5,0,17100,9.746833742490752,0,22.0,25.7,82,39,37,6,84,0.512,244,243,2.0,1.0,0.03,0.01,2.98,2.96,37,223,16.59,49,243,79.84,7,10,9.8,9.2,2534,9.6,2402,0.899,5,0,0,0,0,0,0,0,0,0,0
Seattle Kraken,New Jersey Devils,24.0,29.4,82,34,35,13,81,0.494,214,232,3.0,4.0,-0.26,-0.03,2.61,2.83,50,242,20.66,47,222,78.83,6,9,8.0,8.1,2347,9.1,2391,0.903,5,0,17100,9.746833742490752,0,23.0,26.8,82,38,39,5,81,0.494,264,281,0.0,2.0,-0.22,0.01,3.22,3.43,55,245,22.45,47,243,80.66,3,9,9.1,9.6,2516,10.5,2458,0.886,1,0,0,0,0,0,0,0,0,0,0
Seattle Kraken,Calgary Flames,24.0,29.4,82,34,35,13,81,0.494,214,232,3.0,4.0,-0.26,-0.03,2.61,2.83,50,242,20.66,47,222,78.83,6,9,8.0,8.1,2347,9.1,2391,0.903,5,0,17100,9.746833742490752,0,25.0,29.2,82,38,39,5,81,0.494,253,267,0.0,4.0,-0.2,0.02,3.09,3.26,45,252,17.86,47,245,80.82,11,11,9.4,9.2,2572,9.8,2438,0.89,2,1,0,0,0,0,0,0,0,0,1
Seattle Kraken,Ottawa Senators,24.0,29.4,82,34,35,13,81,0.494,214,232,3.0,4.0,-0.26,-0.03,2.61,2.83,50,242,20.66,47,222,78.83,6,9,8.0,8.1,2347,9.1,2391,0.903,5,0,17100,9.746833742490752,0,26.0,27.0,82,37,41,4,78,0.476,250,281,5.0,0.0,-0.28,0.04,3.05,3.43,51,283,18.02,61,245,75.1,7,6,10.4,11.1,2602,9.6,2432,0.884,2,1,0,0,0,0,0,0,0,0,0
Seattle Kraken,Montreal Canadiens,24.0,29.4,82,34,35,13,81,0.494,214,232,3.0,4.0,-0.26,-0.03,2.61,2.83,50,242,20.66,47,222,78.83,6,9,8.0,8.1,2347,9.1,2391,0.903,5,0,17100,9.746833742490752,0,28.0,26.7,82,30,36,16,76,0.463,232,281,4.0,8.0,-0.59,0.05,2.83,3.43,44,252,17.46,65,277,76.53,7,12,10.2,10.0,2269,10.2,2738,0.897,2,1,0,0,0,0,0,0,0,0,0
Seattle Kraken,Columbus Blue Jackets,24.0,29.4,82,34,35,13,81,0.494,214,232,3.0,4.0,-0.26,-0.03,2.61,2.83,50,242,20.66,47,222,78.83,6,9,8.0,8.1,2347,9.1,2391,0.903,5,0,17100,9.746833742490752,0,29.0,26.8,82,27,43,12,66,0.402,234,298,3.0,2.0,-0.72,0.05,2.85,3.63,32,212,15.09,56,236,76.27,5,6,8.2,7.6,2458,9.5,2822,0.894,1,0,0,0,0,0,0,0,0,0,0
Seattle Kraken,Anaheim Ducks,24.0,29.4,82,34,35,13,81,0.494,214,232,3.0,4.0,-0.26,-0.03,2.61,2.83,50,242,20.66,47,222,78.83,6,9,8.0,8.1,2347,9.1,2391,0.903,5,0,17100,9.746833742490752,0,30.0,27.7,82,27,50,5,59,0.36,203,293,1.0,2.0,-1.09,0.02,2.48,3.57,43,235,18.3,91,330,72.42,12,5,13.5,10.9,2194,9.3,2666,0.89,1,0,0,0,0,0,0,0,0,0,1
Seattle Kraken,Chicago Blackhawks,24.0,29.4,82,34,35,13,81,0.494,214,232,3.0,4.0,-0.26,-0.03,2.61,2.83,50,242,20.66,47,222,78.83,6,9,8.0,8.1,2347,9.1,2391,0.903,5,0,17100,9.746833742490752,0,31.0,27.4,82,23,53,6,52,0.317,178,289,1.0,1.0,-1.29,0.06,2.17,3.52,39,235,16.6,56,231,75.76,3,8,8.7,9.3,2153,8.3,2681,0.892,1,0,0,0,0,0,0,0,0,0,0
Seattle Kraken,San Jose Sharks,24.0,29.4,82,34,35,13,81,0.494,214,232,3.0,4.0,-0.26,-0.03,2.61,2.83,50,242,20.66,47,222,78.83,6,9,8.0,8.1,2347,9.1,2391,0.903,5,0,17100,9.746833742490752,0,32.0,27.7,82,19,54,9,47,0.287,180,326,1.0,5.0,-1.78,0.05,2.2,3.98,42,208,20.19,62,252,75.4,3,8,9.5,8.2,2069,8.7,2881,0.887,2,0,0,0,0,0,0,0,0,0,1
Calgary Flames,New York Rangers,25.0,29.2,82,38,39,5,81,0.494,253,267,0.0,4.0,-0.2,0.02,3.09,3.26,45,252,17.86,47,245,80.82,11,11,9.4,9.2,2572,9.8,2438,0.89,2,1,19289,9.86729026422424,0,1.0,29.1,82,55,23,4,114,0.695,278,226,4.0,3.0,0.61,-0.03,3.39,2.76,65,246,26.42,36,232,84.48,8,6,9.4,10.4,2582,10.8,2418,0.907,6,0,1,0,0,0,0,0,0,0,0
Calgary Flames,Dallas Stars,25.0,29.2,82,38,39,5,81,0.494,253,267,0.0,4.0,-0.2,0.02,3.09,3.26,45,252,17.86,47,245,80.82,11,11,9.4,9.2,2572,9.8,2438,0.89,2,1,19289,9.86729026422424,0,2.0,29.3,82,52,21,9,113,0.689,294,232,4.0,2.0,0.74,-0.04,3.59,2.83,58,240,24.17,43,239,82.01,12,4,6.8,7.5,2588,11.4,2350,0.901,4,0,0,0,0,0,0,0,0,0,0
Calgary Flames,Carolina Hurricanes,25.0,29.2,82,38,39,5,81,0.494,253,267,0.0,4.0,-0.2,0.02,3.09,3.26,45,252,17.86,47,245,80.82,11,11,9.4,9.2,2572,9.8,2438,0.89,2,1,19289,9.86729026422424,0,3.0,29.4,82,52,23,7,111,0.677,277,211,2.0,5.0,0.73,-0.04,3.38,2.57,67,249,26.91,35,258,86.43,11,8,8.5,8.0,2733,10.1,2101,0.9,8,0,0,0,0,0,0,0,0,0,0
Calgary Flames,Winnipeg Jets,25.0,29.2,82,38,39,5,81,0.494,253,267,0.0,4.0,-0.2,0.02,3.09,3.26,45,252,17.86,47,245,80.82,11,11,9.4,9.2,2572,9.8,2438,0.89,2,1,19289,9.86729026422424,0,4.0,29.4,82,52,24,6,110,0.671,259,198,0.0,1.0,0.69,-0.04,3.16,2.41,45,240,18.75,51,223,77.13,3,5,8.2,8.9,2488,10.4,2429,0.918,8,1,0,0,0,0,0,0,0,0,0
Calgary Flames,Florida Panthers,25.0,29.2,82,38,39,5,81,0.494,253,267,0.0,4.0,-0.2,0.02,3.09,3.26,45,252,17.86,47,245,80.82,11,11,9.4,9.2,2572,9.8,2438,0.89,2,1,19289,9.86729026422424,0,5.0,29.5,82,52,24,6,110,0.671,265,198,3.0,2.0,0.81,-0.02,3.23,2.41,63,268,23.51,51,291,82.47,8,9,13.6,13.5,2764,9.6,2279,0.913,8,0,1,0,0,0,0,0,0,0,0
Calgary Flames,Boston Bruins,25.0,29.2,82,38,39,5,81,0.494,253,267,0.0,4.0,-0.2,0.02,3.09,3.26,45,252,17.86,47,245,80.82,11,11,9.4,9.2,2572,9.8,2438,0.89,2,1,19289,9.86729026422424,0,6.0,28.6,82,47,20,15,109,0.665,263,221,4.0,3.0,0.53,0.01,3.21,2.7,54,243,22.22,47,268,82.46,7,6,9.5,8.8,2399,11.0,2504,0.912,5,0,1,0,0,0,0,0,0,0,0
Calgary Flames,Vancouver Canucks,25.0,29.2,82,38,39,5,81,0.494,253,267,0.0,4.0,-0.2,0.02,3.09,3.26,45,252,17.86,47,245,80.82,11,11,9.4,9.2,2572,9.8,2438,0.89,2,1,19289,9.86729026422424,0,7.0,28.6,82,50,23,9,109,0.665,279,221,0.0,2.0,0.64,-0.04,3.4,2.7,58,257,22.57,53,254,79.13,7,7,9.6,9.7,2328,12.0,2343,0.906,7,1,1,0,0,0,0,0,0,0,1
Calgary Flames,Colorado Avalanche,25.0,29.2,82,38,39,5,81,0.494,253,267,0.0,4.0,-0.2,0.02,3.09,3.26,45,252,17.86,47,245,80.82,11,11,9.4,9.2,2572,9.8,2438,0.89,2,1,19289,9.86729026422424,0,8.0,28.8,82,50,25,7,107,0.652,302,252,2.0,2.0,0.57,-0.05,3.68,3.07,68,278,24.46,53,264,79.92,7,6,8.9,9.7,2705,11.2,2444,0.897,4,0,1,0,0,0,0,0,0,0,0
Calgary Flames,Edmonton Oilers,25.0,29.2,82,38,39,5,81,0.494,253,267,0.0,4.0,-0.2,0.02,3.09,3.26,45,252,17.86,47,245,80.82,11,11,9.4,9.2,2572,9.8,2438,0.89,2,1,19289,9.86729026422424,0,9.0,29.4,82,49,27,6,104,0.634,292,236,2.0,1.0,0.65,-0.04,3.56,2.88,64,243,26.34,53,258,79.46,7,5,9.5,8.5,2768,10.5,2307,0.898,4,1,1,0,0,0,0,0,0,0,1
Calgary Flames,Toronto Maple Leafs,25.0,29.2,82,38,39,5,81,0.494,253,267,0.0,4.0,-0.2,0.02,3.09,3.26,45,252,17.86,47,245,80.82,11,11,9.4,9.2,2572,9.8,2438,0.89,2,1,19289,9.86729026422424,0,10.0,28.9,82,46,26,10,102,0.622,298,261,5.0,2.0,0.5,0.01,3.63,3.18,57,238,23.95,55,238,76.89,6,9,9.9,10.2,2671,11.2,2446,0.893,5,1,1,0,0,0,0,0,0,0,0
Calgary Flames,Nashville Predators,25.0,29.2,82,38,39,5,81,0.494,253,267,0.0,4.0,-0.2,0.02,3.09,3.26,45,252,17.86,47,245,80.82,11,11,9.4,9.2,2572,9.8,2438,0.89,2,1,19289,9.86729026422424,0,11.0,29.5,82,47,30,5,99,0.604,266,248,3.0,0.0,0.23,-0.02,3.24,3.02,58,269,21.56,57,247,76.92,7,5,9.7,9.5,2642,10.1,2507,0.901,4,0,1,0,0,0,0,0,0,0,0
Calgary Flames,Los Angeles Kings,25.0,29.2,82,38,39,5,81,0.494,253,267,0.0,4.0,-0.2,0.02,3.09,3.26,45,252,17.86,47,245,80.82,11,11,9.4,9.2,2572,9.8,2438,0.89,2,1,19289,9.86729026422424,0,12.0,29.5,82,44,27,11,99,0.604,254,210,2.0,5.0,0.45,-0.05,3.1,2.56,56,248,22.58,39,253,84.58,11,7,8.7,9.5,2616,9.7,2296,0.909,7,0,0,0,0,0,0,0,0,0,1
Calgary Flames,Tampa Bay Lightning,25.0,29.2,82,38,39,5,81,0.494,253,267,0.0,4.0,-0.2,0.02,3.09,3.26,45,252,17.86,47,245,80.82,11,11,9.4,9.2,2572,9.8,2438,0.89,2,1,19289,9.86729026422424,0,13.0,29.1,82,45,29,8,98,0.598,288,267,3.0,1.0,0.28,0.0,3.51,3.26,71,248,28.63,39,234,83.33,5,6,11.0,11.0,2401,12.0,2430,0.89,4,0,1,0,0,0,0,0,0,0,0
Calgary Flames,Vegas Golden Knights,25.0,29.2,82,38,39,5,81,0.494,253,267,0.0,4.0,-0.2,0.02,3.09,3.26,45,252,17.86,47,245,80.82,11,11,9.4,9.2,2572,9.8,2438,0.89,2,1,19289,9.86729026422424,0,14.0,29.0,82,45,29,8,98,0.598,263,243,4.0,2.0,0.22,-0.05,3.21,2.96,51,252,20.24,44,213,79.34,9,8,7.4,8.5,2548,10.3,2487,0.902,3,0,0,0,0,0,0,0,0,0,1
Calgary Flames,New York Islanders,25.0,29.2,82,38,39,5,81,0.494,253,267,0.0,4.0,-0.2,0.02,3.09,3.26,45,252,17.86,47,245,80.82,11,11,9.4,9.2,2572,9.8,2438,0.89,2,1,19289,9.86729026422424,0,15.0,29.6,82,39,27,16,94,0.573,245,258,1.0,5.0,-0.18,0.03,2.99,3.15,47,231,20.35,63,221,71.49,10,3,7.1,7.4,2470,9.9,2686,0.904,5,0,0,0,0,0,0,0,0,0,0
Calgary Flames,St. Louis Blues,25.0,29.2,82,38,39,5,81,0.494,253,267,0.0,4.0,-0.2,0.02,3.09,3.26,45,252,17.86,47,245,80.82,11,11,9.4,9.2,2572,9.8,2438,0.89,2,1,19289,9.86729026422424,0,16.0,29.0,82,43,33,6,92,0.561,234,248,5.0,2.0,-0.14,-0.01,2.85,3.02,45,250,18.0,46,215,78.6,11,7,7.4,8.6,2370,9.9,2636,0.906,4,0,0,0,0,0,0,0,0,0,0
Calgary Flames,Washington Capitals,25.0,29.2,82,38,39,5,81,0.494,253,267,0.0,4.0,-0.2,0.02,3.09,3.26,45,252,17.86,47,245,80.82,11,11,9.4,9.2,2572,9.8,2438,0.89,2,1,19289,9.86729026422424,0,17.0,30.0,82,40,31,11,91,0.555,216,252,4.0,5.0,-0.41,0.04,2.63,3.07,47,228,20.61,49,233,78.97,3,5,7.7,7.4,2172,9.9,2503,0.899,7,0,0,0,0,0,0,0,0,0,0
Calgary Flames,Detroit Red Wings,25.0,29.2,82,38,39,5,81,0.494,253,267,0.0,4.0,-0.2,0.02,3.09,3.26,45,252,17.86,47,245,80.82,11,11,9.4,9.2,2572,9.8,2438,0.89,2,1,19289,9.86729026422424,0,18.0,29.3,82,41,32,9,91,0.555,275,273,3.0,1.0,0.06,0.02,3.35,3.33,63,273,23.08,49,240,79.58,7,10,8.7,9.9,2375,11.6,2657,0.897,4,0,0,0,0,0,0,0,0,0,0
Calgary Flames,Pittsburgh Penguins,25.0,29.2,82,38,39,5,81,0.494,253,267,0.0,4.0,-0.2,0.02,3.09,3.26,45,252,17.86,47,245,80.82,11,11,9.4,9.2,2572,9.8,2438,0.89,2,1,19289,9.86729026422424,0,19.0,31.3,82,38,32,12,88,0.537,253,248,2.0,3.0,0.05,0.0,3.09,3.02,40,262,15.27,47,243,80.66,5,12,7.4,7.9,2685,9.4,2479,0.9,8,0,1,0,0,0,0,0,0,0,0
Calgary Flames,Minnesota Wild,25.0,29.2,82,38,39,5,81,0.494,253,267,0.0,4.0,-0.2,0.02,3.09,3.26,45,252,17.86,47,245,80.82,11,11,9.4,9.2,2572,9.8,2438,0.89,2,1,19289,9.86729026422424,0,20.0,29.3,82,39,34,9,87,0.53,248,260,3.0,3.0,-0.14,0.01,3.02,3.17,62,273,22.71,67,263,74.52,3,11,11.4,11.3,2471,10.0,2437,0.893,6,0,1,0,0,0,0,0,0,0,0
Calgary Flames,Philadelphia Flyers,25.0,29.2,82,38,39,5,81,0.494,253,267,0.0,4.0,-0.2,0.02,3.09,3.26,45,252,17.86,47,245,80.82,11,11,9.4,9.2,2572,9.8,2438,0.89,2,1,19289,9.86729026422424,0,21.0,27.1,82,38,33,11,87,0.53,231,258,4.0,3.0,-0.29,0.03,2.82,3.15,31,254,12.2,40,241,83.4,16,4,10.1,9.7,2708,8.5,2225,0.884,5,0,0,0,0,0,0,0,0,0,0
Calgary Flames,Buffalo Sabres,25.0,29.2,82,38,39,5,81,0.494,253,267,0.0,4.0,-0.2,0.02,3.09,3.26,45,252,17.86,47,245,80.82,11,11,9.4,9.2,2572,9.8,2438,0.89,2,1,19289,9.86729026422424,0,22.0,25.7,82,39,37,6,84,0.512,244,243,2.0,1.0,0.03,0.01,2.98,2.96,37,223,16.59,49,243,79.84,7,10,9.8,9.2,2534,9.6,2402,0.899,5,0,0,0,0,0,0,0,0,0,0
Calgary Flames,New Jersey Devils,25.0,29.2,82,38,39,5,81,0.494,253,267,0.0,4.0,-0.2,0.02,3.09,3.26,45,252,17.86,47,245,80.82,11,11,9.4,9.2,2572,9.8,2438,0.89,2,1,19289,9.86729026422424,0,23.0,26.8,82,38,39,5,81,0.494,264,281,0.0,2.0,-0.22,0.01,3.22,3.43,55,245,22.45,47,243,80.66,3,9,9.1,9.6,2516,10.5,2458,0.886,1,0,0,0,0,0,0,0,0,0,0
Calgary Flames,Seattle Kraken,25.0,29.2,82,38,39,5,81,0.494,253,267,0.0,4.0,-0.2,0.02,3.09,3.26,45,252,17.86,47,245,80.82,11,11,9.4,9.2,2572,9.8,2438,0.89,2,1,19289,9.86729026422424,0,24.0,29.4,82,34,35,13,81,0.494,214,232,3.0,4.0,-0.26,-0.03,2.61,2.83,50,242,20.66,47,222,78.83,6,9,8.0,8.1,2347,9.1,2391,0.903,5,0,0,0,0,0,0,0,0,0,1
Calgary Flames,Ottawa Senators,25.0,29.2,82,38,39,5,81,0.494,253,267,0.0,4.0,-0.2,0.02,3.09,3.26,45,252,17.86,47,245,80.82,11,11,9.4,9.2,2572,9.8,2438,0.89,2,1,19289,9.86729026422424,0,26.0,27.0,82,37,41,4,78,0.476,250,281,5.0,0.0,-0.28,0.04,3.05,3.43,51,283,18.02,61,245,75.1,7,6,10.4,11.1,2602,9.6,2432,0.884,2,1,0,0,0,0,0,0,0,0,0
Calgary Flames,Montreal Canadiens,25.0,29.2,82,38,39,5,81,0.494,253,267,0.0,4.0,-0.2,0.02,3.09,3.26,45,252,17.86,47,245,80.82,11,11,9.4,9.2,2572,9.8,2438,0.89,2,1,19289,9.86729026422424,0,28.0,26.7,82,30,36,16,76,0.463,232,281,4.0,8.0,-0.59,0.05,2.83,3.43,44,252,17.46,65,277,76.53,7,12,10.2,10.0,2269,10.2,2738,0.897,2,1,0,0,0,0,0,0,0,0,0
Calgary Flames,Columbus Blue Jackets,25.0,29.2,82,38,39,5,81,0.494,253,267,0.0,4.0,-0.2,0.02,3.09,3.26,45,252,17.86,47,245,80.82,11,11,9.4,9.2,2572,9.8,2438,0.89,2,1,19289,9.86729026422424,0,29.0,26.8,82,27,43,12,66,0.402,234,298,3.0,2.0,-0.72,0.05,2.85,3.63,32,212,15.09,56,236,76.27,5,6,8.2,7.6,2458,9.5,2822,0.894,1,0,0,0,0,0,0,0,0,0,0
Calgary Flames,Anaheim Ducks,25.0,29.2,82,38,39,5,81,0.494,253,267,0.0,4.0,-0.2,0.02,3.09,3.26,45,252,17.86,47,245,80.82,11,11,9.4,9.2,2572,9.8,2438,0.89,2,1,19289,9.86729026422424,0,30.0,27.7,82,27,50,5,59,0.36,203,293,1.0,2.0,-1.09,0.02,2.48,3.57,43,235,18.3,91,330,72.42,12,5,13.5,10.9,2194,9.3,2666,0.89,1,0,0,0,0,0,0,0,0,0,1
Calgary Flames,Chicago Blackhawks,25.0,29.2,82,38,39,5,81,0.494,253,267,0.0,4.0,-0.2,0.02,3.09,3.26,45,252,17.86,47,245,80.82,11,11,9.4,9.2,2572,9.8,2438,0.89,2,1,19289,9.86729026422424,0,31.0,27.4,82,23,53,6,52,0.317,178,289,1.0,1.0,-1.29,0.06,2.17,3.52,39,235,16.6,56,231,75.76,3,8,8.7,9.3,2153,8.3,2681,0.892,1,0,0,0,0,0,0,0,0,0,0
Calgary Flames,San Jose Sharks,25.0,29.2,82,38,39,5,81,0.494,253,267,0.0,4.0,-0.2,0.02,3.09,3.26,45,252,17.86,47,245,80.82,11,11,9.4,9.2,2572,9.8,2438,0.89,2,1,19289,9.86729026422424,0,32.0,27.7,82,19,54,9,47,0.287,180,326,1.0,5.0,-1.78,0.05,2.2,3.98,42,208,20.19,62,252,75.4,3,8,9.5,8.2,2069,8.7,2881,0.887,2,0,0,0,0,0,0,0,0,0,1
Ottawa Senators,New York Rangers,26.0,27.0,82,37,41,4,78,0.476,250,281,5.0,0.0,-0.28,0.04,3.05,3.43,51,283,18.02,61,245,75.1,7,6,10.4,11.1,2602,9.6,2432,0.884,2,1,18652,9.833708657928211,0,1.0,29.1,82,55,23,4,114,0.695,278,226,4.0,3.0,0.61,-0.03,3.39,2.76,65,246,26.42,36,232,84.48,8,6,9.4,10.4,2582,10.8,2418,0.907,6,0,1,0,0,0,0,0,0,0,0
Ottawa Senators,Dallas Stars,26.0,27.0,82,37,41,4,78,0.476,250,281,5.0,0.0,-0.28,0.04,3.05,3.43,51,283,18.02,61,245,75.1,7,6,10.4,11.1,2602,9.6,2432,0.884,2,1,18652,9.833708657928211,0,2.0,29.3,82,52,21,9,113,0.689,294,232,4.0,2.0,0.74,-0.04,3.59,2.83,58,240,24.17,43,239,82.01,12,4,6.8,7.5,2588,11.4,2350,0.901,4,0,0,0,0,0,0,0,0,0,0
Ottawa Senators,Carolina Hurricanes,26.0,27.0,82,37,41,4,78,0.476,250,281,5.0,0.0,-0.28,0.04,3.05,3.43,51,283,18.02,61,245,75.1,7,6,10.4,11.1,2602,9.6,2432,0.884,2,1,18652,9.833708657928211,0,3.0,29.4,82,52,23,7,111,0.677,277,211,2.0,5.0,0.73,-0.04,3.38,2.57,67,249,26.91,35,258,86.43,11,8,8.5,8.0,2733,10.1,2101,0.9,8,0,0,0,0,0,0,0,0,0,0
Ottawa Senators,Winnipeg Jets,26.0,27.0,82,37,41,4,78,0.476,250,281,5.0,0.0,-0.28,0.04,3.05,3.43,51,283,18.02,61,245,75.1,7,6,10.4,11.1,2602,9.6,2432,0.884,2,1,18652,9.833708657928211,0,4.0,29.4,82,52,24,6,110,0.671,259,198,0.0,1.0,0.69,-0.04,3.16,2.41,45,240,18.75,51,223,77.13,3,5,8.2,8.9,2488,10.4,2429,0.918,8,1,0,0,0,0,0,0,0,0,0
Ottawa Senators,Florida Panthers,26.0,27.0,82,37,41,4,78,0.476,250,281,5.0,0.0,-0.28,0.04,3.05,3.43,51,283,18.02,61,245,75.1,7,6,10.4,11.1,2602,9.6,2432,0.884,2,1,18652,9.833708657928211,0,5.0,29.5,82,52,24,6,110,0.671,265,198,3.0,2.0,0.81,-0.02,3.23,2.41,63,268,23.51,51,291,82.47,8,9,13.6,13.5,2764,9.6,2279,0.913,8,0,1,0,0,0,0,0,0,0,1
Ottawa Senators,Boston Bruins,26.0,27.0,82,37,41,4,78,0.476,250,281,5.0,0.0,-0.28,0.04,3.05,3.43,51,283,18.02,61,245,75.1,7,6,10.4,11.1,2602,9.6,2432,0.884,2,1,18652,9.833708657928211,0,6.0,28.6,82,47,20,15,109,0.665,263,221,4.0,3.0,0.53,0.01,3.21,2.7,54,243,22.22,47,268,82.46,7,6,9.5,8.8,2399,11.0,2504,0.912,5,0,1,0,0,0,0,0,0,0,1
Ottawa Senators,Vancouver Canucks,26.0,27.0,82,37,41,4,78,0.476,250,281,5.0,0.0,-0.28,0.04,3.05,3.43,51,283,18.02,61,245,75.1,7,6,10.4,11.1,2602,9.6,2432,0.884,2,1,18652,9.833708657928211,0,7.0,28.6,82,50,23,9,109,0.665,279,221,0.0,2.0,0.64,-0.04,3.4,2.7,58,257,22.57,53,254,79.13,7,7,9.6,9.7,2328,12.0,2343,0.906,7,1,1,0,0,0,0,0,0,0,0
Ottawa Senators,Colorado Avalanche,26.0,27.0,82,37,41,4,78,0.476,250,281,5.0,0.0,-0.28,0.04,3.05,3.43,51,283,18.02,61,245,75.1,7,6,10.4,11.1,2602,9.6,2432,0.884,2,1,18652,9.833708657928211,0,8.0,28.8,82,50,25,7,107,0.652,302,252,2.0,2.0,0.57,-0.05,3.68,3.07,68,278,24.46,53,264,79.92,7,6,8.9,9.7,2705,11.2,2444,0.897,4,0,1,0,0,0,0,0,0,0,0
Ottawa Senators,Edmonton Oilers,26.0,27.0,82,37,41,4,78,0.476,250,281,5.0,0.0,-0.28,0.04,3.05,3.43,51,283,18.02,61,245,75.1,7,6,10.4,11.1,2602,9.6,2432,0.884,2,1,18652,9.833708657928211,0,9.0,29.4,82,49,27,6,104,0.634,292,236,2.0,1.0,0.65,-0.04,3.56,2.88,64,243,26.34,53,258,79.46,7,5,9.5,8.5,2768,10.5,2307,0.898,4,1,1,0,0,0,0,0,0,0,0
Ottawa Senators,Toronto Maple Leafs,26.0,27.0,82,37,41,4,78,0.476,250,281,5.0,0.0,-0.28,0.04,3.05,3.43,51,283,18.02,61,245,75.1,7,6,10.4,11.1,2602,9.6,2432,0.884,2,1,18652,9.833708657928211,0,10.0,28.9,82,46,26,10,102,0.622,298,261,5.0,2.0,0.5,0.01,3.63,3.18,57,238,23.95,55,238,76.89,6,9,9.9,10.2,2671,11.2,2446,0.893,5,1,1,0,0,0,0,0,0,0,1
Ottawa Senators,Nashville Predators,26.0,27.0,82,37,41,4,78,0.476,250,281,5.0,0.0,-0.28,0.04,3.05,3.43,51,283,18.02,61,245,75.1,7,6,10.4,11.1,2602,9.6,2432,0.884,2,1,18652,9.833708657928211,0,11.0,29.5,82,47,30,5,99,0.604,266,248,3.0,0.0,0.23,-0.02,3.24,3.02,58,269,21.56,57,247,76.92,7,5,9.7,9.5,2642,10.1,2507,0.901,4,0,1,0,0,0,0,0,0,0,0
Ottawa Senators,Los Angeles Kings,26.0,27.0,82,37,41,4,78,0.476,250,281,5.0,0.0,-0.28,0.04,3.05,3.43,51,283,18.02,61,245,75.1,7,6,10.4,11.1,2602,9.6,2432,0.884,2,1,18652,9.833708657928211,0,12.0,29.5,82,44,27,11,99,0.604,254,210,2.0,5.0,0.45,-0.05,3.1,2.56,56,248,22.58,39,253,84.58,11,7,8.7,9.5,2616,9.7,2296,0.909,7,0,0,0,0,0,0,0,0,0,0
Ottawa Senators,Tampa Bay Lightning,26.0,27.0,82,37,41,4,78,0.476,250,281,5.0,0.0,-0.28,0.04,3.05,3.43,51,283,18.02,61,245,75.1,7,6,10.4,11.1,2602,9.6,2432,0.884,2,1,18652,9.833708657928211,0,13.0,29.1,82,45,29,8,98,0.598,288,267,3.0,1.0,0.28,0.0,3.51,3.26,71,248,28.63,39,234,83.33,5,6,11.0,11.0,2401,12.0,2430,0.89,4,0,1,0,0,0,0,0,0,0,1
Ottawa Senators,Vegas Golden Knights,26.0,27.0,82,37,41,4,78,0.476,250,281,5.0,0.0,-0.28,0.04,3.05,3.43,51,283,18.02,61,245,75.1,7,6,10.4,11.1,2602,9.6,2432,0.884,2,1,18652,9.833708657928211,0,14.0,29.0,82,45,29,8,98,0.598,263,243,4.0,2.0,0.22,-0.05,3.21,2.96,51,252,20.24,44,213,79.34,9,8,7.4,8.5,2548,10.3,2487,0.902,3,0,0,0,0,0,0,0,0,0,0
Ottawa Senators,New York Islanders,26.0,27.0,82,37,41,4,78,0.476,250,281,5.0,0.0,-0.28,0.04,3.05,3.43,51,283,18.02,61,245,75.1,7,6,10.4,11.1,2602,9.6,2432,0.884,2,1,18652,9.833708657928211,0,15.0,29.6,82,39,27,16,94,0.573,245,258,1.0,5.0,-0.18,0.03,2.99,3.15,47,231,20.35,63,221,71.49,10,3,7.1,7.4,2470,9.9,2686,0.904,5,0,0,0,0,0,0,0,0,0,0
Ottawa Senators,St. Louis Blues,26.0,27.0,82,37,41,4,78,0.476,250,281,5.0,0.0,-0.28,0.04,3.05,3.43,51,283,18.02,61,245,75.1,7,6,10.4,11.1,2602,9.6,2432,0.884,2,1,18652,9.833708657928211,0,16.0,29.0,82,43,33,6,92,0.561,234,248,5.0,2.0,-0.14,-0.01,2.85,3.02,45,250,18.0,46,215,78.6,11,7,7.4,8.6,2370,9.9,2636,0.906,4,0,0,0,0,0,0,0,0,0,0
Ottawa Senators,Washington Capitals,26.0,27.0,82,37,41,4,78,0.476,250,281,5.0,0.0,-0.28,0.04,3.05,3.43,51,283,18.02,61,245,75.1,7,6,10.4,11.1,2602,9.6,2432,0.884,2,1,18652,9.833708657928211,0,17.0,30.0,82,40,31,11,91,0.555,216,252,4.0,5.0,-0.41,0.04,2.63,3.07,47,228,20.61,49,233,78.97,3,5,7.7,7.4,2172,9.9,2503,0.899,7,0,0,0,0,0,0,0,0,0,0
Ottawa Senators,Detroit Red Wings,26.0,27.0,82,37,41,4,78,0.476,250,281,5.0,0.0,-0.28,0.04,3.05,3.43,51,283,18.02,61,245,75.1,7,6,10.4,11.1,2602,9.6,2432,0.884,2,1,18652,9.833708657928211,0,18.0,29.3,82,41,32,9,91,0.555,275,273,3.0,1.0,0.06,0.02,3.35,3.33,63,273,23.08,49,240,79.58,7,10,8.7,9.9,2375,11.6,2657,0.897,4,0,0,0,0,0,0,0,0,0,1
Ottawa Senators,Pittsburgh Penguins,26.0,27.0,82,37,41,4,78,0.476,250,281,5.0,0.0,-0.28,0.04,3.05,3.43,51,283,18.02,61,245,75.1,7,6,10.4,11.1,2602,9.6,2432,0.884,2,1,18652,9.833708657928211,0,19.0,31.3,82,38,32,12,88,0.537,253,248,2.0,3.0,0.05,0.0,3.09,3.02,40,262,15.27,47,243,80.66,5,12,7.4,7.9,2685,9.4,2479,0.9,8,0,1,0,0,0,0,0,0,0,0
Ottawa Senators,Minnesota Wild,26.0,27.0,82,37,41,4,78,0.476,250,281,5.0,0.0,-0.28,0.04,3.05,3.43,51,283,18.02,61,245,75.1,7,6,10.4,11.1,2602,9.6,2432,0.884,2,1,18652,9.833708657928211,0,20.0,29.3,82,39,34,9,87,0.53,248,260,3.0,3.0,-0.14,0.01,3.02,3.17,62,273,22.71,67,263,74.52,3,11,11.4,11.3,2471,10.0,2437,0.893,6,0,1,0,0,0,0,0,0,0,0
Ottawa Senators,Philadelphia Flyers,26.0,27.0,82,37,41,4,78,0.476,250,281,5.0,0.0,-0.28,0.04,3.05,3.43,51,283,18.02,61,245,75.1,7,6,10.4,11.1,2602,9.6,2432,0.884,2,1,18652,9.833708657928211,0,21.0,27.1,82,38,33,11,87,0.53,231,258,4.0,3.0,-0.29,0.03,2.82,3.15,31,254,12.2,40,241,83.4,16,4,10.1,9.7,2708,8.5,2225,0.884,5,0,0,0,0,0,0,0,0,0,0
Ottawa Senators,Buffalo Sabres,26.0,27.0,82,37,41,4,78,0.476,250,281,5.0,0.0,-0.28,0.04,3.05,3.43,51,283,18.02,61,245,75.1,7,6,10.4,11.1,2602,9.6,2432,0.884,2,1,18652,9.833708657928211,0,22.0,25.7,82,39,37,6,84,0.512,244,243,2.0,1.0,0.03,0.01,2.98,2.96,37,223,16.59,49,243,79.84,7,10,9.8,9.2,2534,9.6,2402,0.899,5,0,0,0,0,0,0,0,0,0,1
Ottawa Senators,New Jersey Devils,26.0,27.0,82,37,41,4,78,0.476,250,281,5.0,0.0,-0.28,0.04,3.05,3.43,51,283,18.02,61,245,75.1,7,6,10.4,11.1,2602,9.6,2432,0.884,2,1,18652,9.833708657928211,0,23.0,26.8,82,38,39,5,81,0.494,264,281,0.0,2.0,-0.22,0.01,3.22,3.43,55,245,22.45,47,243,80.66,3,9,9.1,9.6,2516,10.5,2458,0.886,1,0,0,0,0,0,0,0,0,0,0
Ottawa Senators,Seattle Kraken,26.0,27.0,82,37,41,4,78,0.476,250,281,5.0,0.0,-0.28,0.04,3.05,3.43,51,283,18.02,61,245,75.1,7,6,10.4,11.1,2602,9.6,2432,0.884,2,1,18652,9.833708657928211,0,24.0,29.4,82,34,35,13,81,0.494,214,232,3.0,4.0,-0.26,-0.03,2.61,2.83,50,242,20.66,47,222,78.83,6,9,8.0,8.1,2347,9.1,2391,0.903,5,0,0,0,0,0,0,0,0,0,0
Ottawa Senators,Calgary Flames,26.0,27.0,82,37,41,4,78,0.476,250,281,5.0,0.0,-0.28,0.04,3.05,3.43,51,283,18.02,61,245,75.1,7,6,10.4,11.1,2602,9.6,2432,0.884,2,1,18652,9.833708657928211,0,25.0,29.2,82,38,39,5,81,0.494,253,267,0.0,4.0,-0.2,0.02,3.09,3.26,45,252,17.86,47,245,80.82,11,11,9.4,9.2,2572,9.8,2438,0.89,2,1,0,0,0,0,0,0,0,0,0
Ottawa Senators,Montreal Canadiens,26.0,27.0,82,37,41,4,78,0.476,250,281,5.0,0.0,-0.28,0.04,3.05,3.43,51,283,18.02,61,245,75.1,7,6,10.4,11.1,2602,9.6,2432,0.884,2,1,18652,9.833708657928211,0,28.0,26.7,82,30,36,16,76,0.463,232,281,4.0,8.0,-0.59,0.05,2.83,3.43,44,252,17.46,65,277,76.53,7,12,10.2,10.0,2269,10.2,2738,0.897,2,1,0,0,0,0,0,0,0,0,1
Ottawa Senators,Columbus Blue Jackets,26.0,27.0,82,37,41,4,78,0.476,250,281,5.0,0.0,-0.28,0.04,3.05,3.43,51,283,18.02,61,245,75.1,7,6,10.4,11.1,2602,9.6,2432,0.884,2,1,18652,9.833708657928211,0,29.0,26.8,82,27,43,12,66,0.402,234,298,3.0,2.0,-0.72,0.05,2.85,3.63,32,212,15.09,56,236,76.27,5,6,8.2,7.6,2458,9.5,2822,0.894,1,0,0,0,0,0,0,0,0,0,0
Ottawa Senators,Anaheim Ducks,26.0,27.0,82,37,41,4,78,0.476,250,281,5.0,0.0,-0.28,0.04,3.05,3.43,51,283,18.02,61,245,75.1,7,6,10.4,11.1,2602,9.6,2432,0.884,2,1,18652,9.833708657928211,0,30.0,27.7,82,27,50,5,59,0.36,203,293,1.0,2.0,-1.09,0.02,2.48,3.57,43,235,18.3,91,330,72.42,12,5,13.5,10.9,2194,9.3,2666,0.89,1,0,0,0,0,0,0,0,0,0,0
Ottawa Senators,Chicago Blackhawks,26.0,27.0,82,37,41,4,78,0.476,250,281,5.0,0.0,-0.28,0.04,3.05,3.43,51,283,18.02,61,245,75.1,7,6,10.4,11.1,2602,9.6,2432,0.884,2,1,18652,9.833708657928211,0,31.0,27.4,82,23,53,6,52,0.317,178,289,1.0,1.0,-1.29,0.06,2.17,3.52,39,235,16.6,56,231,75.76,3,8,8.7,9.3,2153,8.3,2681,0.892,1,0,0,0,0,0,0,0,0,0,0
Ottawa Senators,San Jose Sharks,26.0,27.0,82,37,41,4,78,0.476,250,281,5.0,0.0,-0.28,0.04,3.05,3.43,51,283,18.02,61,245,75.1,7,6,10.4,11.1,2602,9.6,2432,0.884,2,1,18652,9.833708657928211,0,32.0,27.7,82,19,54,9,47,0.287,180,326,1.0,5.0,-1.78,0.05,2.2,3.98,42,208,20.19,62,252,75.4,3,8,9.5,8.2,2069,8.7,2881,0.887,2,0,0,0,0,0,0,0,0,0,0
Montreal Canadiens,New York Rangers,28.0,26.7,82,30,36,16,76,0.463,232,281,4.0,8.0,-0.59,0.05,2.83,3.43,44,252,17.46,65,277,76.53,7,12,10.2,10.0,2269,10.2,2738,0.897,2,1,21105,9.9572652582166,0,1.0,29.1,82,55,23,4,114,0.695,278,226,4.0,3.0,0.61,-0.03,3.39,2.76,65,246,26.42,36,232,84.48,8,6,9.4,10.4,2582,10.8,2418,0.907,6,0,1,0,0,0,0,0,0,0,0
Montreal Canadiens,Dallas Stars,28.0,26.7,82,30,36,16,76,0.463,232,281,4.0,8.0,-0.59,0.05,2.83,3.43,44,252,17.46,65,277,76.53,7,12,10.2,10.0,2269,10.2,2738,0.897,2,1,21105,9.9572652582166,0,2.0,29.3,82,52,21,9,113,0.689,294,232,4.0,2.0,0.74,-0.04,3.59,2.83,58,240,24.17,43,239,82.01,12,4,6.8,7.5,2588,11.4,2350,0.901,4,0,0,0,0,0,0,0,0,0,0
Montreal Canadiens,Carolina Hurricanes,28.0,26.7,82,30,36,16,76,0.463,232,281,4.0,8.0,-0.59,0.05,2.83,3.43,44,252,17.46,65,277,76.53,7,12,10.2,10.0,2269,10.2,2738,0.897,2,1,21105,9.9572652582166,0,3.0,29.4,82,52,23,7,111,0.677,277,211,2.0,5.0,0.73,-0.04,3.38,2.57,67,249,26.91,35,258,86.43,11,8,8.5,8.0,2733,10.1,2101,0.9,8,0,0,0,0,0,0,0,0,0,0
Montreal Canadiens,Winnipeg Jets,28.0,26.7,82,30,36,16,76,0.463,232,281,4.0,8.0,-0.59,0.05,2.83,3.43,44,252,17.46,65,277,76.53,7,12,10.2,10.0,2269,10.2,2738,0.897,2,1,21105,9.9572652582166,0,4.0,29.4,82,52,24,6,110,0.671,259,198,0.0,1.0,0.69,-0.04,3.16,2.41,45,240,18.75,51,223,77.13,3,5,8.2,8.9,2488,10.4,2429,0.918,8,1,0,0,0,0,0,0,0,0,0
Montreal Canadiens,Florida Panthers,28.0,26.7,82,30,36,16,76,0.463,232,281,4.0,8.0,-0.59,0.05,2.83,3.43,44,252,17.46,65,277,76.53,7,12,10.2,10.0,2269,10.2,2738,0.897,2,1,21105,9.9572652582166,0,5.0,29.5,82,52,24,6,110,0.671,265,198,3.0,2.0,0.81,-0.02,3.23,2.41,63,268,23.51,51,291,82.47,8,9,13.6,13.5,2764,9.6,2279,0.913,8,0,1,0,0,0,0,0,0,0,1
Montreal Canadiens,Boston Bruins,28.0,26.7,82,30,36,16,76,0.463,232,281,4.0,8.0,-0.59,0.05,2.83,3.43,44,252,17.46,65,277,76.53,7,12,10.2,10.0,2269,10.2,2738,0.897,2,1,21105,9.9572652582166,0,6.0,28.6,82,47,20,15,109,0.665,263,221,4.0,3.0,0.53,0.01,3.21,2.7,54,243,22.22,47,268,82.46,7,6,9.5,8.8,2399,11.0,2504,0.912,5,0,1,0,0,0,0,0,0,0,1
Montreal Canadiens,Vancouver Canucks,28.0,26.7,82,30,36,16,76,0.463,232,281,4.0,8.0,-0.59,0.05,2.83,3.43,44,252,17.46,65,277,76.53,7,12,10.2,10.0,2269,10.2,2738,0.897,2,1,21105,9.9572652582166,0,7.0,28.6,82,50,23,9,109,0.665,279,221,0.0,2.0,0.64,-0.04,3.4,2.7,58,257,22.57,53,254,79.13,7,7,9.6,9.7,2328,12.0,2343,0.906,7,1,1,0,0,0,0,0,0,0,0
Montreal Canadiens,Colorado Avalanche,28.0,26.7,82,30,36,16,76,0.463,232,281,4.0,8.0,-0.59,0.05,2.83,3.43,44,252,17.46,65,277,76.53,7,12,10.2,10.0,2269,10.2,2738,0.897,2,1,21105,9.9572652582166,0,8.0,28.8,82,50,25,7,107,0.652,302,252,2.0,2.0,0.57,-0.05,3.68,3.07,68,278,24.46,53,264,79.92,7,6,8.9,9.7,2705,11.2,2444,0.897,4,0,1,0,0,0,0,0,0,0,0
Montreal Canadiens,Edmonton Oilers,28.0,26.7,82,30,36,16,76,0.463,232,281,4.0,8.0,-0.59,0.05,2.83,3.43,44,252,17.46,65,277,76.53,7,12,10.2,10.0,2269,10.2,2738,0.897,2,1,21105,9.9572652582166,0,9.0,29.4,82,49,27,6,104,0.634,292,236,2.0,1.0,0.65,-0.04,3.56,2.88,64,243,26.34,53,258,79.46,7,5,9.5,8.5,2768,10.5,2307,0.898,4,1,1,0,0,0,0,0,0,0,0
Montreal Canadiens,Toronto Maple Leafs,28.0,26.7,82,30,36,16,76,0.463,232,281,4.0,8.0,-0.59,0.05,2.83,3.43,44,252,17.46,65,277,76.53,7,12,10.2,10.0,2269,10.2,2738,0.897,2,1,21105,9.9572652582166,0,10.0,28.9,82,46,26,10,102,0.622,298,261,5.0,2.0,0.5,0.01,3.63,3.18,57,238,23.95,55,238,76.89,6,9,9.9,10.2,2671,11.2,2446,0.893,5,1,1,0,0,0,0,0,0,0,1
Montreal Canadiens,Nashville Predators,28.0,26.7,82,30,36,16,76,0.463,232,281,4.0,8.0,-0.59,0.05,2.83,3.43,44,252,17.46,65,277,76.53,7,12,10.2,10.0,2269,10.2,2738,0.897,2,1,21105,9.9572652582166,0,11.0,29.5,82,47,30,5,99,0.604,266,248,3.0,0.0,0.23,-0.02,3.24,3.02,58,269,21.56,57,247,76.92,7,5,9.7,9.5,2642,10.1,2507,0.901,4,0,1,0,0,0,0,0,0,0,0
Montreal Canadiens,Los Angeles Kings,28.0,26.7,82,30,36,16,76,0.463,232,281,4.0,8.0,-0.59,0.05,2.83,3.43,44,252,17.46,65,277,76.53,7,12,10.2,10.0,2269,10.2,2738,0.897,2,1,21105,9.9572652582166,0,12.0,29.5,82,44,27,11,99,0.604,254,210,2.0,5.0,0.45,-0.05,3.1,2.56,56,248,22.58,39,253,84.58,11,7,8.7,9.5,2616,9.7,2296,0.909,7,0,0,0,0,0,0,0,0,0,0
Montreal Canadiens,Tampa Bay Lightning,28.0,26.7,82,30,36,16,76,0.463,232,281,4.0,8.0,-0.59,0.05,2.83,3.43,44,252,17.46,65,277,76.53,7,12,10.2,10.0,2269,10.2,2738,0.897,2,1,21105,9.9572652582166,0,13.0,29.1,82,45,29,8,98,0.598,288,267,3.0,1.0,0.28,0.0,3.51,3.26,71,248,28.63,39,234,83.33,5,6,11.0,11.0,2401,12.0,2430,0.89,4,0,1,0,0,0,0,0,0,0,1
Montreal Canadiens,Vegas Golden Knights,28.0,26.7,82,30,36,16,76,0.463,232,281,4.0,8.0,-0.59,0.05,2.83,3.43,44,252,17.46,65,277,76.53,7,12,10.2,10.0,2269,10.2,2738,0.897,2,1,21105,9.9572652582166,0,14.0,29.0,82,45,29,8,98,0.598,263,243,4.0,2.0,0.22,-0.05,3.21,2.96,51,252,20.24,44,213,79.34,9,8,7.4,8.5,2548,10.3,2487,0.902,3,0,0,0,0,0,0,0,0,0,0
Montreal Canadiens,New York Islanders,28.0,26.7,82,30,36,16,76,0.463,232,281,4.0,8.0,-0.59,0.05,2.83,3.43,44,252,17.46,65,277,76.53,7,12,10.2,10.0,2269,10.2,2738,0.897,2,1,21105,9.9572652582166,0,15.0,29.6,82,39,27,16,94,0.573,245,258,1.0,5.0,-0.18,0.03,2.99,3.15,47,231,20.35,63,221,71.49,10,3,7.1,7.4,2470,9.9,2686,0.904,5,0,0,0,0,0,0,0,0,0,0
Montreal Canadiens,St. Louis Blues,28.0,26.7,82,30,36,16,76,0.463,232,281,4.0,8.0,-0.59,0.05,2.83,3.43,44,252,17.46,65,277,76.53,7,12,10.2,10.0,2269,10.2,2738,0.897,2,1,21105,9.9572652582166,0,16.0,29.0,82,43,33,6,92,0.561,234,248,5.0,2.0,-0.14,-0.01,2.85,3.02,45,250,18.0,46,215,78.6,11,7,7.4,8.6,2370,9.9,2636,0.906,4,0,0,0,0,0,0,0,0,0,0
Montreal Canadiens,Washington Capitals,28.0,26.7,82,30,36,16,76,0.463,232,281,4.0,8.0,-0.59,0.05,2.83,3.43,44,252,17.46,65,277,76.53,7,12,10.2,10.0,2269,10.2,2738,0.897,2,1,21105,9.9572652582166,0,17.0,30.0,82,40,31,11,91,0.555,216,252,4.0,5.0,-0.41,0.04,2.63,3.07,47,228,20.61,49,233,78.97,3,5,7.7,7.4,2172,9.9,2503,0.899,7,0,0,0,0,0,0,0,0,0,0
Montreal Canadiens,Detroit Red Wings,28.0,26.7,82,30,36,16,76,0.463,232,281,4.0,8.0,-0.59,0.05,2.83,3.43,44,252,17.46,65,277,76.53,7,12,10.2,10.0,2269,10.2,2738,0.897,2,1,21105,9.9572652582166,0,18.0,29.3,82,41,32,9,91,0.555,275,273,3.0,1.0,0.06,0.02,3.35,3.33,63,273,23.08,49,240,79.58,7,10,8.7,9.9,2375,11.6,2657,0.897,4,0,0,0,0,0,0,0,0,0,1
Montreal Canadiens,Pittsburgh Penguins,28.0,26.7,82,30,36,16,76,0.463,232,281,4.0,8.0,-0.59,0.05,2.83,3.43,44,252,17.46,65,277,76.53,7,12,10.2,10.0,2269,10.2,2738,0.897,2,1,21105,9.9572652582166,0,19.0,31.3,82,38,32,12,88,0.537,253,248,2.0,3.0,0.05,0.0,3.09,3.02,40,262,15.27,47,243,80.66,5,12,7.4,7.9,2685,9.4,2479,0.9,8,0,1,0,0,0,0,0,0,0,0
Montreal Canadiens,Minnesota Wild,28.0,26.7,82,30,36,16,76,0.463,232,281,4.0,8.0,-0.59,0.05,2.83,3.43,44,252,17.46,65,277,76.53,7,12,10.2,10.0,2269,10.2,2738,0.897,2,1,21105,9.9572652582166,0,20.0,29.3,82,39,34,9,87,0.53,248,260,3.0,3.0,-0.14,0.01,3.02,3.17,62,273,22.71,67,263,74.52,3,11,11.4,11.3,2471,10.0,2437,0.893,6,0,1,0,0,0,0,0,0,0,0
Montreal Canadiens,Philadelphia Flyers,28.0,26.7,82,30,36,16,76,0.463,232,281,4.0,8.0,-0.59,0.05,2.83,3.43,44,252,17.46,65,277,76.53,7,12,10.2,10.0,2269,10.2,2738,0.897,2,1,21105,9.9572652582166,0,21.0,27.1,82,38,33,11,87,0.53,231,258,4.0,3.0,-0.29,0.03,2.82,3.15,31,254,12.2,40,241,83.4,16,4,10.1,9.7,2708,8.5,2225,0.884,5,0,0,0,0,0,0,0,0,0,0
Montreal Canadiens,Buffalo Sabres,28.0,26.7,82,30,36,16,76,0.463,232,281,4.0,8.0,-0.59,0.05,2.83,3.43,44,252,17.46,65,277,76.53,7,12,10.2,10.0,2269,10.2,2738,0.897,2,1,21105,9.9572652582166,0,22.0,25.7,82,39,37,6,84,0.512,244,243,2.0,1.0,0.03,0.01,2.98,2.96,37,223,16.59,49,243,79.84,7,10,9.8,9.2,2534,9.6,2402,0.899,5,0,0,0,0,0,0,0,0,0,1
Montreal Canadiens,New Jersey Devils,28.0,26.7,82,30,36,16,76,0.463,232,281,4.0,8.0,-0.59,0.05,2.83,3.43,44,252,17.46,65,277,76.53,7,12,10.2,10.0,2269,10.2,2738,0.897,2,1,21105,9.9572652582166,0,23.0,26.8,82,38,39,5,81,0.494,264,281,0.0,2.0,-0.22,0.01,3.22,3.43,55,245,22.45,47,243,80.66,3,9,9.1,9.6,2516,10.5,2458,0.886,1,0,0,0,0,0,0,0,0,0,0
Montreal Canadiens,Seattle Kraken,28.0,26.7,82,30,36,16,76,0.463,232,281,4.0,8.0,-0.59,0.05,2.83,3.43,44,252,17.46,65,277,76.53,7,12,10.2,10.0,2269,10.2,2738,0.897,2,1,21105,9.9572652582166,0,24.0,29.4,82,34,35,13,81,0.494,214,232,3.0,4.0,-0.26,-0.03,2.61,2.83,50,242,20.66,47,222,78.83,6,9,8.0,8.1,2347,9.1,2391,0.903,5,0,0,0,0,0,0,0,0,0,0
Montreal Canadiens,Calgary Flames,28.0,26.7,82,30,36,16,76,0.463,232,281,4.0,8.0,-0.59,0.05,2.83,3.43,44,252,17.46,65,277,76.53,7,12,10.2,10.0,2269,10.2,2738,0.897,2,1,21105,9.9572652582166,0,25.0,29.2,82,38,39,5,81,0.494,253,267,0.0,4.0,-0.2,0.02,3.09,3.26,45,252,17.86,47,245,80.82,11,11,9.4,9.2,2572,9.8,2438,0.89,2,1,0,0,0,0,0,0,0,0,0
Montreal Canadiens,Ottawa Senators,28.0,26.7,82,30,36,16,76,0.463,232,281,4.0,8.0,-0.59,0.05,2.83,3.43,44,252,17.46,65,277,76.53,7,12,10.2,10.0,2269,10.2,2738,0.897,2,1,21105,9.9572652582166,0,26.0,27.0,82,37,41,4,78,0.476,250,281,5.0,0.0,-0.28,0.04,3.05,3.43,51,283,18.02,61,245,75.1,7,6,10.4,11.1,2602,9.6,2432,0.884,2,1,0,0,0,0,0,0,0,0,1
Montreal Canadiens,Columbus Blue Jackets,28.0,26.7,82,30,36,16,76,0.463,232,281,4.0,8.0,-0.59,0.05,2.83,3.43,44,252,17.46,65,277,76.53,7,12,10.2,10.0,2269,10.2,2738,0.897,2,1,21105,9.9572652582166,0,29.0,26.8,82,27,43,12,66,0.402,234,298,3.0,2.0,-0.72,0.05,2.85,3.63,32,212,15.09,56,236,76.27,5,6,8.2,7.6,2458,9.5,2822,0.894,1,0,0,0,0,0,0,0,0,0,0
Montreal Canadiens,Anaheim Ducks,28.0,26.7,82,30,36,16,76,0.463,232,281,4.0,8.0,-0.59,0.05,2.83,3.43,44,252,17.46,65,277,76.53,7,12,10.2,10.0,2269,10.2,2738,0.897,2,1,21105,9.9572652582166,0,30.0,27.7,82,27,50,5,59,0.36,203,293,1.0,2.0,-1.09,0.02,2.48,3.57,43,235,18.3,91,330,72.42,12,5,13.5,10.9,2194,9.3,2666,0.89,1,0,0,0,0,0,0,0,0,0,0
Montreal Canadiens,Chicago Blackhawks,28.0,26.7,82,30,36,16,76,0.463,232,281,4.0,8.0,-0.59,0.05,2.83,3.43,44,252,17.46,65,277,76.53,7,12,10.2,10.0,2269,10.2,2738,0.897,2,1,21105,9.9572652582166,0,31.0,27.4,82,23,53,6,52,0.317,178,289,1.0,1.0,-1.29,0.06,2.17,3.52,39,235,16.6,56,231,75.76,3,8,8.7,9.3,2153,8.3,2681,0.892,1,0,0,0,0,0,0,0,0,0,0
Montreal Canadiens,San Jose Sharks,28.0,26.7,82,30,36,16,76,0.463,232,281,4.0,8.0,-0.59,0.05,2.83,3.43,44,252,17.46,65,277,76.53,7,12,10.2,10.0,2269,10.2,2738,0.897,2,1,21105,9.9572652582166,0,32.0,27.7,82,19,54,9,47,0.287,180,326,1.0,5.0,-1.78,0.05,2.2,3.98,42,208,20.19,62,252,75.4,3,8,9.5,8.2,2069,8.7,2881,0.887,2,0,0,0,0,0,0,0,0,0,0
Columbus Blue Jackets,New York Rangers,29.0,26.8,82,27,43,12,66,0.402,234,298,3.0,2.0,-0.72,0.05,2.85,3.63,32,212,15.09,56,236,76.27,5,6,8.2,7.6,2458,9.5,2822,0.894,1,0,20556,9.93090814811212,0,1.0,29.1,82,55,23,4,114,0.695,278,226,4.0,3.0,0.61,-0.03,3.39,2.76,65,246,26.42,36,232,84.48,8,6,9.4,10.4,2582,10.8,2418,0.907,6,0,1,0,0,0,0,0,0,0,1
Columbus Blue Jackets,Dallas Stars,29.0,26.8,82,27,43,12,66,0.402,234,298,3.0,2.0,-0.72,0.05,2.85,3.63,32,212,15.09,56,236,76.27,5,6,8.2,7.6,2458,9.5,2822,0.894,1,0,20556,9.93090814811212,0,2.0,29.3,82,52,21,9,113,0.689,294,232,4.0,2.0,0.74,-0.04,3.59,2.83,58,240,24.17,43,239,82.01,12,4,6.8,7.5,2588,11.4,2350,0.901,4,0,0,0,0,0,0,0,0,0,0
Columbus Blue Jackets,Carolina Hurricanes,29.0,26.8,82,27,43,12,66,0.402,234,298,3.0,2.0,-0.72,0.05,2.85,3.63,32,212,15.09,56,236,76.27,5,6,8.2,7.6,2458,9.5,2822,0.894,1,0,20556,9.93090814811212,0,3.0,29.4,82,52,23,7,111,0.677,277,211,2.0,5.0,0.73,-0.04,3.38,2.57,67,249,26.91,35,258,86.43,11,8,8.5,8.0,2733,10.1,2101,0.9,8,0,0,0,0,0,0,0,0,0,1
Columbus Blue Jackets,Winnipeg Jets,29.0,26.8,82,27,43,12,66,0.402,234,298,3.0,2.0,-0.72,0.05,2.85,3.63,32,212,15.09,56,236,76.27,5,6,8.2,7.6,2458,9.5,2822,0.894,1,0,20556,9.93090814811212,0,4.0,29.4,82,52,24,6,110,0.671,259,198,0.0,1.0,0.69,-0.04,3.16,2.41,45,240,18.75,51,223,77.13,3,5,8.2,8.9,2488,10.4,2429,0.918,8,1,0,0,0,0,0,0,0,0,0
Columbus Blue Jackets,Florida Panthers,29.0,26.8,82,27,43,12,66,0.402,234,298,3.0,2.0,-0.72,0.05,2.85,3.63,32,212,15.09,56,236,76.27,5,6,8.2,7.6,2458,9.5,2822,0.894,1,0,20556,9.93090814811212,0,5.0,29.5,82,52,24,6,110,0.671,265,198,3.0,2.0,0.81,-0.02,3.23,2.41,63,268,23.51,51,291,82.47,8,9,13.6,13.5,2764,9.6,2279,0.913,8,0,1,0,0,0,0,0,0,0,0
Columbus Blue Jackets,Boston Bruins,29.0,26.8,82,27,43,12,66,0.402,234,298,3.0,2.0,-0.72,0.05,2.85,3.63,32,212,15.09,56,236,76.27,5,6,8.2,7.6,2458,9.5,2822,0.894,1,0,20556,9.93090814811212,0,6.0,28.6,82,47,20,15,109,0.665,263,221,4.0,3.0,0.53,0.01,3.21,2.7,54,243,22.22,47,268,82.46,7,6,9.5,8.8,2399,11.0,2504,0.912,5,0,1,0,0,0,0,0,0,0,0
Columbus Blue Jackets,Vancouver Canucks,29.0,26.8,82,27,43,12,66,0.402,234,298,3.0,2.0,-0.72,0.05,2.85,3.63,32,212,15.09,56,236,76.27,5,6,8.2,7.6,2458,9.5,2822,0.894,1,0,20556,9.93090814811212,0,7.0,28.6,82,50,23,9,109,0.665,279,221,0.0,2.0,0.64,-0.04,3.4,2.7,58,257,22.57,53,254,79.13,7,7,9.6,9.7,2328,12.0,2343,0.906,7,1,1,0,0,0,0,0,0,0,0
Columbus Blue Jackets,Colorado Avalanche,29.0,26.8,82,27,43,12,66,0.402,234,298,3.0,2.0,-0.72,0.05,2.85,3.63,32,212,15.09,56,236,76.27,5,6,8.2,7.6,2458,9.5,2822,0.894,1,0,20556,9.93090814811212,0,8.0,28.8,82,50,25,7,107,0.652,302,252,2.0,2.0,0.57,-0.05,3.68,3.07,68,278,24.46,53,264,79.92,7,6,8.9,9.7,2705,11.2,2444,0.897,4,0,1,0,0,0,0,0,0,0,0
Columbus Blue Jackets,Edmonton Oilers,29.0,26.8,82,27,43,12,66,0.402,234,298,3.0,2.0,-0.72,0.05,2.85,3.63,32,212,15.09,56,236,76.27,5,6,8.2,7.6,2458,9.5,2822,0.894,1,0,20556,9.93090814811212,0,9.0,29.4,82,49,27,6,104,0.634,292,236,2.0,1.0,0.65,-0.04,3.56,2.88,64,243,26.34,53,258,79.46,7,5,9.5,8.5,2768,10.5,2307,0.898,4,1,1,0,0,0,0,0,0,0,0
Columbus Blue Jackets,Toronto Maple Leafs,29.0,26.8,82,27,43,12,66,0.402,234,298,3.0,2.0,-0.72,0.05,2.85,3.63,32,212,15.09,56,236,76.27,5,6,8.2,7.6,2458,9.5,2822,0.894,1,0,20556,9.93090814811212,0,10.0,28.9,82,46,26,10,102,0.622,298,261,5.0,2.0,0.5,0.01,3.63,3.18,57,238,23.95,55,238,76.89,6,9,9.9,10.2,2671,11.2,2446,0.893,5,1,1,0,0,0,0,0,0,0,0
Columbus Blue Jackets,Nashville Predators,29.0,26.8,82,27,43,12,66,0.402,234,298,3.0,2.0,-0.72,0.05,2.85,3.63,32,212,15.09,56,236,76.27,5,6,8.2,7.6,2458,9.5,2822,0.894,1,0,20556,9.93090814811212,0,11.0,29.5,82,47,30,5,99,0.604,266,248,3.0,0.0,0.23,-0.02,3.24,3.02,58,269,21.56,57,247,76.92,7,5,9.7,9.5,2642,10.1,2507,0.901,4,0,1,0,0,0,0,0,0,0,0
Columbus Blue Jackets,Los Angeles Kings,29.0,26.8,82,27,43,12,66,0.402,234,298,3.0,2.0,-0.72,0.05,2.85,3.63,32,212,15.09,56,236,76.27,5,6,8.2,7.6,2458,9.5,2822,0.894,1,0,20556,9.93090814811212,0,12.0,29.5,82,44,27,11,99,0.604,254,210,2.0,5.0,0.45,-0.05,3.1,2.56,56,248,22.58,39,253,84.58,11,7,8.7,9.5,2616,9.7,2296,0.909,7,0,0,0,0,0,0,0,0,0,0
Columbus Blue Jackets,Tampa Bay Lightning,29.0,26.8,82,27,43,12,66,0.402,234,298,3.0,2.0,-0.72,0.05,2.85,3.63,32,212,15.09,56,236,76.27,5,6,8.2,7.6,2458,9.5,2822,0.894,1,0,20556,9.93090814811212,0,13.0,29.1,82,45,29,8,98,0.598,288,267,3.0,1.0,0.28,0.0,3.51,3.26,71,248,28.63,39,234,83.33,5,6,11.0,11.0,2401,12.0,2430,0.89,4,0,1,0,0,0,0,0,0,0,0
Columbus Blue Jackets,Vegas Golden Knights,29.0,26.8,82,27,43,12,66,0.402,234,298,3.0,2.0,-0.72,0.05,2.85,3.63,32,212,15.09,56,236,76.27,5,6,8.2,7.6,2458,9.5,2822,0.894,1,0,20556,9.93090814811212,0,14.0,29.0,82,45,29,8,98,0.598,263,243,4.0,2.0,0.22,-0.05,3.21,2.96,51,252,20.24,44,213,79.34,9,8,7.4,8.5,2548,10.3,2487,0.902,3,0,0,0,0,0,0,0,0,0,0
Columbus Blue Jackets,New York Islanders,29.0,26.8,82,27,43,12,66,0.402,234,298,3.0,2.0,-0.72,0.05,2.85,3.63,32,212,15.09,56,236,76.27,5,6,8.2,7.6,2458,9.5,2822,0.894,1,0,20556,9.93090814811212,0,15.0,29.6,82,39,27,16,94,0.573,245,258,1.0,5.0,-0.18,0.03,2.99,3.15,47,231,20.35,63,221,71.49,10,3,7.1,7.4,2470,9.9,2686,0.904,5,0,0,0,0,0,0,0,0,0,1
Columbus Blue Jackets,St. Louis Blues,29.0,26.8,82,27,43,12,66,0.402,234,298,3.0,2.0,-0.72,0.05,2.85,3.63,32,212,15.09,56,236,76.27,5,6,8.2,7.6,2458,9.5,2822,0.894,1,0,20556,9.93090814811212,0,16.0,29.0,82,43,33,6,92,0.561,234,248,5.0,2.0,-0.14,-0.01,2.85,3.02,45,250,18.0,46,215,78.6,11,7,7.4,8.6,2370,9.9,2636,0.906,4,0,0,0,0,0,0,0,0,0,0
Columbus Blue Jackets,Washington Capitals,29.0,26.8,82,27,43,12,66,0.402,234,298,3.0,2.0,-0.72,0.05,2.85,3.63,32,212,15.09,56,236,76.27,5,6,8.2,7.6,2458,9.5,2822,0.894,1,0,20556,9.93090814811212,0,17.0,30.0,82,40,31,11,91,0.555,216,252,4.0,5.0,-0.41,0.04,2.63,3.07,47,228,20.61,49,233,78.97,3,5,7.7,7.4,2172,9.9,2503,0.899,7,0,0,0,0,0,0,0,0,0,1
Columbus Blue Jackets,Detroit Red Wings,29.0,26.8,82,27,43,12,66,0.402,234,298,3.0,2.0,-0.72,0.05,2.85,3.63,32,212,15.09,56,236,76.27,5,6,8.2,7.6,2458,9.5,2822,0.894,1,0,20556,9.93090814811212,0,18.0,29.3,82,41,32,9,91,0.555,275,273,3.0,1.0,0.06,0.02,3.35,3.33,63,273,23.08,49,240,79.58,7,10,8.7,9.9,2375,11.6,2657,0.897,4,0,0,0,0,0,0,0,0,0,0
Columbus Blue Jackets,Pittsburgh Penguins,29.0,26.8,82,27,43,12,66,0.402,234,298,3.0,2.0,-0.72,0.05,2.85,3.63,32,212,15.09,56,236,76.27,5,6,8.2,7.6,2458,9.5,2822,0.894,1,0,20556,9.93090814811212,0,19.0,31.3,82,38,32,12,88,0.537,253,248,2.0,3.0,0.05,0.0,3.09,3.02,40,262,15.27,47,243,80.66,5,12,7.4,7.9,2685,9.4,2479,0.9,8,0,1,0,0,0,0,0,0,0,1
Columbus Blue Jackets,Minnesota Wild,29.0,26.8,82,27,43,12,66,0.402,234,298,3.0,2.0,-0.72,0.05,2.85,3.63,32,212,15.09,56,236,76.27,5,6,8.2,7.6,2458,9.5,2822,0.894,1,0,20556,9.93090814811212,0,20.0,29.3,82,39,34,9,87,0.53,248,260,3.0,3.0,-0.14,0.01,3.02,3.17,62,273,22.71,67,263,74.52,3,11,11.4,11.3,2471,10.0,2437,0.893,6,0,1,0,0,0,0,0,0,0,0
Columbus Blue Jackets,Philadelphia Flyers,29.0,26.8,82,27,43,12,66,0.402,234,298,3.0,2.0,-0.72,0.05,2.85,3.63,32,212,15.09,56,236,76.27,5,6,8.2,7.6,2458,9.5,2822,0.894,1,0,20556,9.93090814811212,0,21.0,27.1,82,38,33,11,87,0.53,231,258,4.0,3.0,-0.29,0.03,2.82,3.15,31,254,12.2,40,241,83.4,16,4,10.1,9.7,2708,8.5,2225,0.884,5,0,0,0,0,0,0,0,0,0,1
Columbus Blue Jackets,Buffalo Sabres,29.0,26.8,82,27,43,12,66,0.402,234,298,3.0,2.0,-0.72,0.05,2.85,3.63,32,212,15.09,56,236,76.27,5,6,8.2,7.6,2458,9.5,2822,0.894,1,0,20556,9.93090814811212,0,22.0,25.7,82,39,37,6,84,0.512,244,243,2.0,1.0,0.03,0.01,2.98,2.96,37,223,16.59,49,243,79.84,7,10,9.8,9.2,2534,9.6,2402,0.899,5,0,0,0,0,0,0,0,0,0,0
Columbus Blue Jackets,New Jersey Devils,29.0,26.8,82,27,43,12,66,0.402,234,298,3.0,2.0,-0.72,0.05,2.85,3.63,32,212,15.09,56,236,76.27,5,6,8.2,7.6,2458,9.5,2822,0.894,1,0,20556,9.93090814811212,0,23.0,26.8,82,38,39,5,81,0.494,264,281,0.0,2.0,-0.22,0.01,3.22,3.43,55,245,22.45,47,243,80.66,3,9,9.1,9.6,2516,10.5,2458,0.886,1,0,0,0,0,0,0,0,0,0,1
Columbus Blue Jackets,Seattle Kraken,29.0,26.8,82,27,43,12,66,0.402,234,298,3.0,2.0,-0.72,0.05,2.85,3.63,32,212,15.09,56,236,76.27,5,6,8.2,7.6,2458,9.5,2822,0.894,1,0,20556,9.93090814811212,0,24.0,29.4,82,34,35,13,81,0.494,214,232,3.0,4.0,-0.26,-0.03,2.61,2.83,50,242,20.66,47,222,78.83,6,9,8.0,8.1,2347,9.1,2391,0.903,5,0,0,0,0,0,0,0,0,0,0
Columbus Blue Jackets,Calgary Flames,29.0,26.8,82,27,43,12,66,0.402,234,298,3.0,2.0,-0.72,0.05,2.85,3.63,32,212,15.09,56,236,76.27,5,6,8.2,7.6,2458,9.5,2822,0.894,1,0,20556,9.93090814811212,0,25.0,29.2,82,38,39,5,81,0.494,253,267,0.0,4.0,-0.2,0.02,3.09,3.26,45,252,17.86,47,245,80.82,11,11,9.4,9.2,2572,9.8,2438,0.89,2,1,0,0,0,0,0,0,0,0,0
Columbus Blue Jackets,Ottawa Senators,29.0,26.8,82,27,43,12,66,0.402,234,298,3.0,2.0,-0.72,0.05,2.85,3.63,32,212,15.09,56,236,76.27,5,6,8.2,7.6,2458,9.5,2822,0.894,1,0,20556,9.93090814811212,0,26.0,27.0,82,37,41,4,78,0.476,250,281,5.0,0.0,-0.28,0.04,3.05,3.43,51,283,18.02,61,245,75.1,7,6,10.4,11.1,2602,9.6,2432,0.884,2,1,0,0,0,0,0,0,0,0,0
Columbus Blue Jackets,Montreal Canadiens,29.0,26.8,82,27,43,12,66,0.402,234,298,3.0,2.0,-0.72,0.05,2.85,3.63,32,212,15.09,56,236,76.27,5,6,8.2,7.6,2458,9.5,2822,0.894,1,0,20556,9.93090814811212,0,28.0,26.7,82,30,36,16,76,0.463,232,281,4.0,8.0,-0.59,0.05,2.83,3.43,44,252,17.46,65,277,76.53,7,12,10.2,10.0,2269,10.2,2738,0.897,2,1,0,0,0,0,0,0,0,0,0
Columbus Blue Jackets,Anaheim Ducks,29.0,26.8,82,27,43,12,66,0.402,234,298,3.0,2.0,-0.72,0.05,2.85,3.63,32,212,15.09,56,236,76.27,5,6,8.2,7.6,2458,9.5,2822,0.894,1,0,20556,9.93090814811212,0,30.0,27.7,82,27,50,5,59,0.36,203,293,1.0,2.0,-1.09,0.02,2.48,3.57,43,235,18.3,91,330,72.42,12,5,13.5,10.9,2194,9.3,2666,0.89,1,0,0,0,0,0,0,0,0,0,0
Columbus Blue Jackets,Chicago Blackhawks,29.0,26.8,82,27,43,12,66,0.402,234,298,3.0,2.0,-0.72,0.05,2.85,3.63,32,212,15.09,56,236,76.27,5,6,8.2,7.6,2458,9.5,2822,0.894,1,0,20556,9.93090814811212,0,31.0,27.4,82,23,53,6,52,0.317,178,289,1.0,1.0,-1.29,0.06,2.17,3.52,39,235,16.6,56,231,75.76,3,8,8.7,9.3,2153,8.3,2681,0.892,1,0,0,0,0,0,0,0,0,0,0
Columbus Blue Jackets,San Jose Sharks,29.0,26.8,82,27,43,12,66,0.402,234,298,3.0,2.0,-0.72,0.05,2.85,3.63,32,212,15.09,56,236,76.27,5,6,8.2,7.6,2458,9.5,2822,0.894,1,0,20556,9.93090814811212,0,32.0,27.7,82,19,54,9,47,0.287,180,326,1.0,5.0,-1.78,0.05,2.2,3.98,42,208,20.19,62,252,75.4,3,8,9.5,8.2,2069,8.7,2881,0.887,2,0,0,0,0,0,0,0,0,0,0
Anaheim Ducks,New York Rangers,30.0,27.7,82,27,50,5,59,0.36,203,293,1.0,2.0,-1.09,0.02,2.48,3.57,43,235,18.3,91,330,72.42,12,5,13.5,10.9,2194,9.3,2666,0.89,1,0,17174,9.75115189123243,0,1.0,29.1,82,55,23,4,114,0.695,278,226,4.0,3.0,0.61,-0.03,3.39,2.76,65,246,26.42,36,232,84.48,8,6,9.4,10.4,2582,10.8,2418,0.907,6,0,1,0,0,0,0,0,0,0,0
Anaheim Ducks,Dallas Stars,30.0,27.7,82,27,50,5,59,0.36,203,293,1.0,2.0,-1.09,0.02,2.48,3.57,43,235,18.3,91,330,72.42,12,5,13.5,10.9,2194,9.3,2666,0.89,1,0,17174,9.75115189123243,0,2.0,29.3,82,52,21,9,113,0.689,294,232,4.0,2.0,0.74,-0.04,3.59,2.83,58,240,24.17,43,239,82.01,12,4,6.8,7.5,2588,11.4,2350,0.901,4,0,0,0,0,0,0,0,0,0,0
Anaheim Ducks,Carolina Hurricanes,30.0,27.7,82,27,50,5,59,0.36,203,293,1.0,2.0,-1.09,0.02,2.48,3.57,43,235,18.3,91,330,72.42,12,5,13.5,10.9,2194,9.3,2666,0.89,1,0,17174,9.75115189123243,0,3.0,29.4,82,52,23,7,111,0.677,277,211,2.0,5.0,0.73,-0.04,3.38,2.57,67,249,26.91,35,258,86.43,11,8,8.5,8.0,2733,10.1,2101,0.9,8,0,0,0,0,0,0,0,0,0,0
Anaheim Ducks,Winnipeg Jets,30.0,27.7,82,27,50,5,59,0.36,203,293,1.0,2.0,-1.09,0.02,2.48,3.57,43,235,18.3,91,330,72.42,12,5,13.5,10.9,2194,9.3,2666,0.89,1,0,17174,9.75115189123243,0,4.0,29.4,82,52,24,6,110,0.671,259,198,0.0,1.0,0.69,-0.04,3.16,2.41,45,240,18.75,51,223,77.13,3,5,8.2,8.9,2488,10.4,2429,0.918,8,1,0,0,0,0,0,0,0,0,0
Anaheim Ducks,Florida Panthers,30.0,27.7,82,27,50,5,59,0.36,203,293,1.0,2.0,-1.09,0.02,2.48,3.57,43,235,18.3,91,330,72.42,12,5,13.5,10.9,2194,9.3,2666,0.89,1,0,17174,9.75115189123243,0,5.0,29.5,82,52,24,6,110,0.671,265,198,3.0,2.0,0.81,-0.02,3.23,2.41,63,268,23.51,51,291,82.47,8,9,13.6,13.5,2764,9.6,2279,0.913,8,0,1,0,0,0,0,0,0,0,0
Anaheim Ducks,Boston Bruins,30.0,27.7,82,27,50,5,59,0.36,203,293,1.0,2.0,-1.09,0.02,2.48,3.57,43,235,18.3,91,330,72.42,12,5,13.5,10.9,2194,9.3,2666,0.89,1,0,17174,9.75115189123243,0,6.0,28.6,82,47,20,15,109,0.665,263,221,4.0,3.0,0.53,0.01,3.21,2.7,54,243,22.22,47,268,82.46,7,6,9.5,8.8,2399,11.0,2504,0.912,5,0,1,0,0,0,0,0,0,0,0
Anaheim Ducks,Vancouver Canucks,30.0,27.7,82,27,50,5,59,0.36,203,293,1.0,2.0,-1.09,0.02,2.48,3.57,43,235,18.3,91,330,72.42,12,5,13.5,10.9,2194,9.3,2666,0.89,1,0,17174,9.75115189123243,0,7.0,28.6,82,50,23,9,109,0.665,279,221,0.0,2.0,0.64,-0.04,3.4,2.7,58,257,22.57,53,254,79.13,7,7,9.6,9.7,2328,12.0,2343,0.906,7,1,1,0,0,0,0,0,0,0,1
Anaheim Ducks,Colorado Avalanche,30.0,27.7,82,27,50,5,59,0.36,203,293,1.0,2.0,-1.09,0.02,2.48,3.57,43,235,18.3,91,330,72.42,12,5,13.5,10.9,2194,9.3,2666,0.89,1,0,17174,9.75115189123243,0,8.0,28.8,82,50,25,7,107,0.652,302,252,2.0,2.0,0.57,-0.05,3.68,3.07,68,278,24.46,53,264,79.92,7,6,8.9,9.7,2705,11.2,2444,0.897,4,0,1,0,0,0,0,0,0,0,0
Anaheim Ducks,Edmonton Oilers,30.0,27.7,82,27,50,5,59,0.36,203,293,1.0,2.0,-1.09,0.02,2.48,3.57,43,235,18.3,91,330,72.42,12,5,13.5,10.9,2194,9.3,2666,0.89,1,0,17174,9.75115189123243,0,9.0,29.4,82,49,27,6,104,0.634,292,236,2.0,1.0,0.65,-0.04,3.56,2.88,64,243,26.34,53,258,79.46,7,5,9.5,8.5,2768,10.5,2307,0.898,4,1,1,0,0,0,0,0,0,0,1
Anaheim Ducks,Toronto Maple Leafs,30.0,27.7,82,27,50,5,59,0.36,203,293,1.0,2.0,-1.09,0.02,2.48,3.57,43,235,18.3,91,330,72.42,12,5,13.5,10.9,2194,9.3,2666,0.89,1,0,17174,9.75115189123243,0,10.0,28.9,82,46,26,10,102,0.622,298,261,5.0,2.0,0.5,0.01,3.63,3.18,57,238,23.95,55,238,76.89,6,9,9.9,10.2,2671,11.2,2446,0.893,5,1,1,0,0,0,0,0,0,0,0
Anaheim Ducks,Nashville Predators,30.0,27.7,82,27,50,5,59,0.36,203,293,1.0,2.0,-1.09,0.02,2.48,3.57,43,235,18.3,91,330,72.42,12,5,13.5,10.9,2194,9.3,2666,0.89,1,0,17174,9.75115189123243,0,11.0,29.5,82,47,30,5,99,0.604,266,248,3.0,0.0,0.23,-0.02,3.24,3.02,58,269,21.56,57,247,76.92,7,5,9.7,9.5,2642,10.1,2507,0.901,4,0,1,0,0,0,0,0,0,0,0
Anaheim Ducks,Los Angeles Kings,30.0,27.7,82,27,50,5,59,0.36,203,293,1.0,2.0,-1.09,0.02,2.48,3.57,43,235,18.3,91,330,72.42,12,5,13.5,10.9,2194,9.3,2666,0.89,1,0,17174,9.75115189123243,0,12.0,29.5,82,44,27,11,99,0.604,254,210,2.0,5.0,0.45,-0.05,3.1,2.56,56,248,22.58,39,253,84.58,11,7,8.7,9.5,2616,9.7,2296,0.909,7,0,0,0,0,0,0,0,0,0,1
Anaheim Ducks,Tampa Bay Lightning,30.0,27.7,82,27,50,5,59,0.36,203,293,1.0,2.0,-1.09,0.02,2.48,3.57,43,235,18.3,91,330,72.42,12,5,13.5,10.9,2194,9.3,2666,0.89,1,0,17174,9.75115189123243,0,13.0,29.1,82,45,29,8,98,0.598,288,267,3.0,1.0,0.28,0.0,3.51,3.26,71,248,28.63,39,234,83.33,5,6,11.0,11.0,2401,12.0,2430,0.89,4,0,1,0,0,0,0,0,0,0,0
Anaheim Ducks,Vegas Golden Knights,30.0,27.7,82,27,50,5,59,0.36,203,293,1.0,2.0,-1.09,0.02,2.48,3.57,43,235,18.3,91,330,72.42,12,5,13.5,10.9,2194,9.3,2666,0.89,1,0,17174,9.75115189123243,0,14.0,29.0,82,45,29,8,98,0.598,263,243,4.0,2.0,0.22,-0.05,3.21,2.96,51,252,20.24,44,213,79.34,9,8,7.4,8.5,2548,10.3,2487,0.902,3,0,0,0,0,0,0,0,0,0,1
Anaheim Ducks,New York Islanders,30.0,27.7,82,27,50,5,59,0.36,203,293,1.0,2.0,-1.09,0.02,2.48,3.57,43,235,18.3,91,330,72.42,12,5,13.5,10.9,2194,9.3,2666,0.89,1,0,17174,9.75115189123243,0,15.0,29.6,82,39,27,16,94,0.573,245,258,1.0,5.0,-0.18,0.03,2.99,3.15,47,231,20.35,63,221,71.49,10,3,7.1,7.4,2470,9.9,2686,0.904,5,0,0,0,0,0,0,0,0,0,0
Anaheim Ducks,St. Louis Blues,30.0,27.7,82,27,50,5,59,0.36,203,293,1.0,2.0,-1.09,0.02,2.48,3.57,43,235,18.3,91,330,72.42,12,5,13.5,10.9,2194,9.3,2666,0.89,1,0,17174,9.75115189123243,0,16.0,29.0,82,43,33,6,92,0.561,234,248,5.0,2.0,-0.14,-0.01,2.85,3.02,45,250,18.0,46,215,78.6,11,7,7.4,8.6,2370,9.9,2636,0.906,4,0,0,0,0,0,0,0,0,0,0
Anaheim Ducks,Washington Capitals,30.0,27.7,82,27,50,5,59,0.36,203,293,1.0,2.0,-1.09,0.02,2.48,3.57,43,235,18.3,91,330,72.42,12,5,13.5,10.9,2194,9.3,2666,0.89,1,0,17174,9.75115189123243,0,17.0,30.0,82,40,31,11,91,0.555,216,252,4.0,5.0,-0.41,0.04,2.63,3.07,47,228,20.61,49,233,78.97,3,5,7.7,7.4,2172,9.9,2503,0.899,7,0,0,0,0,0,0,0,0,0,0
Anaheim Ducks,Detroit Red Wings,30.0,27.7,82,27,50,5,59,0.36,203,293,1.0,2.0,-1.09,0.02,2.48,3.57,43,235,18.3,91,330,72.42,12,5,13.5,10.9,2194,9.3,2666,0.89,1,0,17174,9.75115189123243,0,18.0,29.3,82,41,32,9,91,0.555,275,273,3.0,1.0,0.06,0.02,3.35,3.33,63,273,23.08,49,240,79.58,7,10,8.7,9.9,2375,11.6,2657,0.897,4,0,0,0,0,0,0,0,0,0,0
Anaheim Ducks,Pittsburgh Penguins,30.0,27.7,82,27,50,5,59,0.36,203,293,1.0,2.0,-1.09,0.02,2.48,3.57,43,235,18.3,91,330,72.42,12,5,13.5,10.9,2194,9.3,2666,0.89,1,0,17174,9.75115189123243,0,19.0,31.3,82,38,32,12,88,0.537,253,248,2.0,3.0,0.05,0.0,3.09,3.02,40,262,15.27,47,243,80.66,5,12,7.4,7.9,2685,9.4,2479,0.9,8,0,1,0,0,0,0,0,0,0,0
Anaheim Ducks,Minnesota Wild,30.0,27.7,82,27,50,5,59,0.36,203,293,1.0,2.0,-1.09,0.02,2.48,3.57,43,235,18.3,91,330,72.42,12,5,13.5,10.9,2194,9.3,2666,0.89,1,0,17174,9.75115189123243,0,20.0,29.3,82,39,34,9,87,0.53,248,260,3.0,3.0,-0.14,0.01,3.02,3.17,62,273,22.71,67,263,74.52,3,11,11.4,11.3,2471,10.0,2437,0.893,6,0,1,0,0,0,0,0,0,0,0
Anaheim Ducks,Philadelphia Flyers,30.0,27.7,82,27,50,5,59,0.36,203,293,1.0,2.0,-1.09,0.02,2.48,3.57,43,235,18.3,91,330,72.42,12,5,13.5,10.9,2194,9.3,2666,0.89,1,0,17174,9.75115189123243,0,21.0,27.1,82,38,33,11,87,0.53,231,258,4.0,3.0,-0.29,0.03,2.82,3.15,31,254,12.2,40,241,83.4,16,4,10.1,9.7,2708,8.5,2225,0.884,5,0,0,0,0,0,0,0,0,0,0
Anaheim Ducks,Buffalo Sabres,30.0,27.7,82,27,50,5,59,0.36,203,293,1.0,2.0,-1.09,0.02,2.48,3.57,43,235,18.3,91,330,72.42,12,5,13.5,10.9,2194,9.3,2666,0.89,1,0,17174,9.75115189123243,0,22.0,25.7,82,39,37,6,84,0.512,244,243,2.0,1.0,0.03,0.01,2.98,2.96,37,223,16.59,49,243,79.84,7,10,9.8,9.2,2534,9.6,2402,0.899,5,0,0,0,0,0,0,0,0,0,0
Anaheim Ducks,New Jersey Devils,30.0,27.7,82,27,50,5,59,0.36,203,293,1.0,2.0,-1.09,0.02,2.48,3.57,43,235,18.3,91,330,72.42,12,5,13.5,10.9,2194,9.3,2666,0.89,1,0,17174,9.75115189123243,0,23.0,26.8,82,38,39,5,81,0.494,264,281,0.0,2.0,-0.22,0.01,3.22,3.43,55,245,22.45,47,243,80.66,3,9,9.1,9.6,2516,10.5,2458,0.886,1,0,0,0,0,0,0,0,0,0,0
Anaheim Ducks,Seattle Kraken,30.0,27.7,82,27,50,5,59,0.36,203,293,1.0,2.0,-1.09,0.02,2.48,3.57,43,235,18.3,91,330,72.42,12,5,13.5,10.9,2194,9.3,2666,0.89,1,0,17174,9.75115189123243,0,24.0,29.4,82,34,35,13,81,0.494,214,232,3.0,4.0,-0.26,-0.03,2.61,2.83,50,242,20.66,47,222,78.83,6,9,8.0,8.1,2347,9.1,2391,0.903,5,0,0,0,0,0,0,0,0,0,1
Anaheim Ducks,Calgary Flames,30.0,27.7,82,27,50,5,59,0.36,203,293,1.0,2.0,-1.09,0.02,2.48,3.57,43,235,18.3,91,330,72.42,12,5,13.5,10.9,2194,9.3,2666,0.89,1,0,17174,9.75115189123243,0,25.0,29.2,82,38,39,5,81,0.494,253,267,0.0,4.0,-0.2,0.02,3.09,3.26,45,252,17.86,47,245,80.82,11,11,9.4,9.2,2572,9.8,2438,0.89,2,1,0,0,0,0,0,0,0,0,1
Anaheim Ducks,Ottawa Senators,30.0,27.7,82,27,50,5,59,0.36,203,293,1.0,2.0,-1.09,0.02,2.48,3.57,43,235,18.3,91,330,72.42,12,5,13.5,10.9,2194,9.3,2666,0.89,1,0,17174,9.75115189123243,0,26.0,27.0,82,37,41,4,78,0.476,250,281,5.0,0.0,-0.28,0.04,3.05,3.43,51,283,18.02,61,245,75.1,7,6,10.4,11.1,2602,9.6,2432,0.884,2,1,0,0,0,0,0,0,0,0,0
Anaheim Ducks,Montreal Canadiens,30.0,27.7,82,27,50,5,59,0.36,203,293,1.0,2.0,-1.09,0.02,2.48,3.57,43,235,18.3,91,330,72.42,12,5,13.5,10.9,2194,9.3,2666,0.89,1,0,17174,9.75115189123243,0,28.0,26.7,82,30,36,16,76,0.463,232,281,4.0,8.0,-0.59,0.05,2.83,3.43,44,252,17.46,65,277,76.53,7,12,10.2,10.0,2269,10.2,2738,0.897,2,1,0,0,0,0,0,0,0,0,0
Anaheim Ducks,Columbus Blue Jackets,30.0,27.7,82,27,50,5,59,0.36,203,293,1.0,2.0,-1.09,0.02,2.48,3.57,43,235,18.3,91,330,72.42,12,5,13.5,10.9,2194,9.3,2666,0.89,1,0,17174,9.75115189123243,0,29.0,26.8,82,27,43,12,66,0.402,234,298,3.0,2.0,-0.72,0.05,2.85,3.63,32,212,15.09,56,236,76.27,5,6,8.2,7.6,2458,9.5,2822,0.894,1,0,0,0,0,0,0,0,0,0,0
Anaheim Ducks,Chicago Blackhawks,30.0,27.7,82,27,50,5,59,0.36,203,293,1.0,2.0,-1.09,0.02,2.48,3.57,43,235,18.3,91,330,72.42,12,5,13.5,10.9,2194,9.3,2666,0.89,1,0,17174,9.75115189123243,0,31.0,27.4,82,23,53,6,52,0.317,178,289,1.0,1.0,-1.29,0.06,2.17,3.52,39,235,16.6,56,231,75.76,3,8,8.7,9.3,2153,8.3,2681,0.892,1,0,0,0,0,0,0,0,0,0,0
Anaheim Ducks,San Jose Sharks,30.0,27.7,82,27,50,5,59,0.36,203,293,1.0,2.0,-1.09,0.02,2.48,3.57,43,235,18.3,91,330,72.42,12,5,13.5,10.9,2194,9.3,2666,0.89,1,0,17174,9.75115189123243,0,32.0,27.7,82,19,54,9,47,0.287,180,326,1.0,5.0,-1.78,0.05,2.2,3.98,42,208,20.19,62,252,75.4,3,8,9.5,8.2,2069,8.7,2881,0.887,2,0,0,0,0,0,0,0,0,0,1
Chicago Blackhawks,New York Rangers,31.0,27.4,82,23,53,6,52,0.317,178,289,1.0,1.0,-1.29,0.06,2.17,3.52,39,235,16.6,56,231,75.76,3,8,8.7,9.3,2153,8.3,2681,0.892,1,0,20243,9.915564333761576,0,1.0,29.1,82,55,23,4,114,0.695,278,226,4.0,3.0,0.61,-0.03,3.39,2.76,65,246,26.42,36,232,84.48,8,6,9.4,10.4,2582,10.8,2418,0.907,6,0,1,0,0,0,0,0,0,0,0
Chicago Blackhawks,Dallas Stars,31.0,27.4,82,23,53,6,52,0.317,178,289,1.0,1.0,-1.29,0.06,2.17,3.52,39,235,16.6,56,231,75.76,3,8,8.7,9.3,2153,8.3,2681,0.892,1,0,20243,9.915564333761576,0,2.0,29.3,82,52,21,9,113,0.689,294,232,4.0,2.0,0.74,-0.04,3.59,2.83,58,240,24.17,43,239,82.01,12,4,6.8,7.5,2588,11.4,2350,0.901,4,0,0,0,0,0,0,0,0,0,1
Chicago Blackhawks,Carolina Hurricanes,31.0,27.4,82,23,53,6,52,0.317,178,289,1.0,1.0,-1.29,0.06,2.17,3.52,39,235,16.6,56,231,75.76,3,8,8.7,9.3,2153,8.3,2681,0.892,1,0,20243,9.915564333761576,0,3.0,29.4,82,52,23,7,111,0.677,277,211,2.0,5.0,0.73,-0.04,3.38,2.57,67,249,26.91,35,258,86.43,11,8,8.5,8.0,2733,10.1,2101,0.9,8,0,0,0,0,0,0,0,0,0,0
Chicago Blackhawks,Winnipeg Jets,31.0,27.4,82,23,53,6,52,0.317,178,289,1.0,1.0,-1.29,0.06,2.17,3.52,39,235,16.6,56,231,75.76,3,8,8.7,9.3,2153,8.3,2681,0.892,1,0,20243,9.915564333761576,0,4.0,29.4,82,52,24,6,110,0.671,259,198,0.0,1.0,0.69,-0.04,3.16,2.41,45,240,18.75,51,223,77.13,3,5,8.2,8.9,2488,10.4,2429,0.918,8,1,0,0,0,0,0,0,0,0,1
Chicago Blackhawks,Florida Panthers,31.0,27.4,82,23,53,6,52,0.317,178,289,1.0,1.0,-1.29,0.06,2.17,3.52,39,235,16.6,56,231,75.76,3,8,8.7,9.3,2153,8.3,2681,0.892,1,0,20243,9.915564333761576,0,5.0,29.5,82,52,24,6,110,0.671,265,198,3.0,2.0,0.81,-0.02,3.23,2.41,63,268,23.51,51,291,82.47,8,9,13.6,13.5,2764,9.6,2279,0.913,8,0,1,0,0,0,0,0,0,0,0
Chicago Blackhawks,Boston Bruins,31.0,27.4,82,23,53,6,52,0.317,178,289,1.0,1.0,-1.29,0.06,2.17,3.52,39,235,16.6,56,231,75.76,3,8,8.7,9.3,2153,8.3,2681,0.892,1,0,20243,9.915564333761576,0,6.0,28.6,82,47,20,15,109,0.665,263,221,4.0,3.0,0.53,0.01,3.21,2.7,54,243,22.22,47,268,82.46,7,6,9.5,8.8,2399,11.0,2504,0.912,5,0,1,0,0,0,0,0,0,0,0
Chicago Blackhawks,Vancouver Canucks,31.0,27.4,82,23,53,6,52,0.317,178,289,1.0,1.0,-1.29,0.06,2.17,3.52,39,235,16.6,56,231,75.76,3,8,8.7,9.3,2153,8.3,2681,0.892,1,0,20243,9.915564333761576,0,7.0,28.6,82,50,23,9,109,0.665,279,221,0.0,2.0,0.64,-0.04,3.4,2.7,58,257,22.57,53,254,79.13,7,7,9.6,9.7,2328,12.0,2343,0.906,7,1,1,0,0,0,0,0,0,0,0
Chicago Blackhawks,Colorado Avalanche,31.0,27.4,82,23,53,6,52,0.317,178,289,1.0,1.0,-1.29,0.06,2.17,3.52,39,235,16.6,56,231,75.76,3,8,8.7,9.3,2153,8.3,2681,0.892,1,0,20243,9.915564333761576,0,8.0,28.8,82,50,25,7,107,0.652,302,252,2.0,2.0,0.57,-0.05,3.68,3.07,68,278,24.46,53,264,79.92,7,6,8.9,9.7,2705,11.2,2444,0.897,4,0,1,0,0,0,0,0,0,0,1
Chicago Blackhawks,Edmonton Oilers,31.0,27.4,82,23,53,6,52,0.317,178,289,1.0,1.0,-1.29,0.06,2.17,3.52,39,235,16.6,56,231,75.76,3,8,8.7,9.3,2153,8.3,2681,0.892,1,0,20243,9.915564333761576,0,9.0,29.4,82,49,27,6,104,0.634,292,236,2.0,1.0,0.65,-0.04,3.56,2.88,64,243,26.34,53,258,79.46,7,5,9.5,8.5,2768,10.5,2307,0.898,4,1,1,0,0,0,0,0,0,0,0
Chicago Blackhawks,Toronto Maple Leafs,31.0,27.4,82,23,53,6,52,0.317,178,289,1.0,1.0,-1.29,0.06,2.17,3.52,39,235,16.6,56,231,75.76,3,8,8.7,9.3,2153,8.3,2681,0.892,1,0,20243,9.915564333761576,0,10.0,28.9,82,46,26,10,102,0.622,298,261,5.0,2.0,0.5,0.01,3.63,3.18,57,238,23.95,55,238,76.89,6,9,9.9,10.2,2671,11.2,2446,0.893,5,1,1,0,0,0,0,0,0,0,0
Chicago Blackhawks,Nashville Predators,31.0,27.4,82,23,53,6,52,0.317,178,289,1.0,1.0,-1.29,0.06,2.17,3.52,39,235,16.6,56,231,75.76,3,8,8.7,9.3,2153,8.3,2681,0.892,1,0,20243,9.915564333761576,0,11.0,29.5,82,47,30,5,99,0.604,266,248,3.0,0.0,0.23,-0.02,3.24,3.02,58,269,21.56,57,247,76.92,7,5,9.7,9.5,2642,10.1,2507,0.901,4,0,1,0,0,0,0,0,0,0,1
Chicago Blackhawks,Los Angeles Kings,31.0,27.4,82,23,53,6,52,0.317,178,289,1.0,1.0,-1.29,0.06,2.17,3.52,39,235,16.6,56,231,75.76,3,8,8.7,9.3,2153,8.3,2681,0.892,1,0,20243,9.915564333761576,0,12.0,29.5,82,44,27,11,99,0.604,254,210,2.0,5.0,0.45,-0.05,3.1,2.56,56,248,22.58,39,253,84.58,11,7,8.7,9.5,2616,9.7,2296,0.909,7,0,0,0,0,0,0,0,0,0,0
Chicago Blackhawks,Tampa Bay Lightning,31.0,27.4,82,23,53,6,52,0.317,178,289,1.0,1.0,-1.29,0.06,2.17,3.52,39,235,16.6,56,231,75.76,3,8,8.7,9.3,2153,8.3,2681,0.892,1,0,20243,9.915564333761576,0,13.0,29.1,82,45,29,8,98,0.598,288,267,3.0,1.0,0.28,0.0,3.51,3.26,71,248,28.63,39,234,83.33,5,6,11.0,11.0,2401,12.0,2430,0.89,4,0,1,0,0,0,0,0,0,0,0
Chicago Blackhawks,Vegas Golden Knights,31.0,27.4,82,23,53,6,52,0.317,178,289,1.0,1.0,-1.29,0.06,2.17,3.52,39,235,16.6,56,231,75.76,3,8,8.7,9.3,2153,8.3,2681,0.892,1,0,20243,9.915564333761576,0,14.0,29.0,82,45,29,8,98,0.598,263,243,4.0,2.0,0.22,-0.05,3.21,2.96,51,252,20.24,44,213,79.34,9,8,7.4,8.5,2548,10.3,2487,0.902,3,0,0,0,0,0,0,0,0,0,0
Chicago Blackhawks,New York Islanders,31.0,27.4,82,23,53,6,52,0.317,178,289,1.0,1.0,-1.29,0.06,2.17,3.52,39,235,16.6,56,231,75.76,3,8,8.7,9.3,2153,8.3,2681,0.892,1,0,20243,9.915564333761576,0,15.0,29.6,82,39,27,16,94,0.573,245,258,1.0,5.0,-0.18,0.03,2.99,3.15,47,231,20.35,63,221,71.49,10,3,7.1,7.4,2470,9.9,2686,0.904,5,0,0,0,0,0,0,0,0,0,0
Chicago Blackhawks,St. Louis Blues,31.0,27.4,82,23,53,6,52,0.317,178,289,1.0,1.0,-1.29,0.06,2.17,3.52,39,235,16.6,56,231,75.76,3,8,8.7,9.3,2153,8.3,2681,0.892,1,0,20243,9.915564333761576,0,16.0,29.0,82,43,33,6,92,0.561,234,248,5.0,2.0,-0.14,-0.01,2.85,3.02,45,250,18.0,46,215,78.6,11,7,7.4,8.6,2370,9.9,2636,0.906,4,0,0,0,0,0,0,0,0,0,1
Chicago Blackhawks,Washington Capitals,31.0,27.4,82,23,53,6,52,0.317,178,289,1.0,1.0,-1.29,0.06,2.17,3.52,39,235,16.6,56,231,75.76,3,8,8.7,9.3,2153,8.3,2681,0.892,1,0,20243,9.915564333761576,0,17.0,30.0,82,40,31,11,91,0.555,216,252,4.0,5.0,-0.41,0.04,2.63,3.07,47,228,20.61,49,233,78.97,3,5,7.7,7.4,2172,9.9,2503,0.899,7,0,0,0,0,0,0,0,0,0,0
Chicago Blackhawks,Detroit Red Wings,31.0,27.4,82,23,53,6,52,0.317,178,289,1.0,1.0,-1.29,0.06,2.17,3.52,39,235,16.6,56,231,75.76,3,8,8.7,9.3,2153,8.3,2681,0.892,1,0,20243,9.915564333761576,0,18.0,29.3,82,41,32,9,91,0.555,275,273,3.0,1.0,0.06,0.02,3.35,3.33,63,273,23.08,49,240,79.58,7,10,8.7,9.9,2375,11.6,2657,0.897,4,0,0,0,0,0,0,0,0,0,0
Chicago Blackhawks,Pittsburgh Penguins,31.0,27.4,82,23,53,6,52,0.317,178,289,1.0,1.0,-1.29,0.06,2.17,3.52,39,235,16.6,56,231,75.76,3,8,8.7,9.3,2153,8.3,2681,0.892,1,0,20243,9.915564333761576,0,19.0,31.3,82,38,32,12,88,0.537,253,248,2.0,3.0,0.05,0.0,3.09,3.02,40,262,15.27,47,243,80.66,5,12,7.4,7.9,2685,9.4,2479,0.9,8,0,1,0,0,0,0,0,0,0,0
Chicago Blackhawks,Minnesota Wild,31.0,27.4,82,23,53,6,52,0.317,178,289,1.0,1.0,-1.29,0.06,2.17,3.52,39,235,16.6,56,231,75.76,3,8,8.7,9.3,2153,8.3,2681,0.892,1,0,20243,9.915564333761576,0,20.0,29.3,82,39,34,9,87,0.53,248,260,3.0,3.0,-0.14,0.01,3.02,3.17,62,273,22.71,67,263,74.52,3,11,11.4,11.3,2471,10.0,2437,0.893,6,0,1,0,0,0,0,0,0,0,1
Chicago Blackhawks,Philadelphia Flyers,31.0,27.4,82,23,53,6,52,0.317,178,289,1.0,1.0,-1.29,0.06,2.17,3.52,39,235,16.6,56,231,75.76,3,8,8.7,9.3,2153,8.3,2681,0.892,1,0,20243,9.915564333761576,0,21.0,27.1,82,38,33,11,87,0.53,231,258,4.0,3.0,-0.29,0.03,2.82,3.15,31,254,12.2,40,241,83.4,16,4,10.1,9.7,2708,8.5,2225,0.884,5,0,0,0,0,0,0,0,0,0,0
Chicago Blackhawks,Buffalo Sabres,31.0,27.4,82,23,53,6,52,0.317,178,289,1.0,1.0,-1.29,0.06,2.17,3.52,39,235,16.6,56,231,75.76,3,8,8.7,9.3,2153,8.3,2681,0.892,1,0,20243,9.915564333761576,0,22.0,25.7,82,39,37,6,84,0.512,244,243,2.0,1.0,0.03,0.01,2.98,2.96,37,223,16.59,49,243,79.84,7,10,9.8,9.2,2534,9.6,2402,0.899,5,0,0,0,0,0,0,0,0,0,0
Chicago Blackhawks,New Jersey Devils,31.0,27.4,82,23,53,6,52,0.317,178,289,1.0,1.0,-1.29,0.06,2.17,3.52,39,235,16.6,56,231,75.76,3,8,8.7,9.3,2153,8.3,2681,0.892,1,0,20243,9.915564333761576,0,23.0,26.8,82,38,39,5,81,0.494,264,281,0.0,2.0,-0.22,0.01,3.22,3.43,55,245,22.45,47,243,80.66,3,9,9.1,9.6,2516,10.5,2458,0.886,1,0,0,0,0,0,0,0,0,0,0
Chicago Blackhawks,Seattle Kraken,31.0,27.4,82,23,53,6,52,0.317,178,289,1.0,1.0,-1.29,0.06,2.17,3.52,39,235,16.6,56,231,75.76,3,8,8.7,9.3,2153,8.3,2681,0.892,1,0,20243,9.915564333761576,0,24.0,29.4,82,34,35,13,81,0.494,214,232,3.0,4.0,-0.26,-0.03,2.61,2.83,50,242,20.66,47,222,78.83,6,9,8.0,8.1,2347,9.1,2391,0.903,5,0,0,0,0,0,0,0,0,0,0
Chicago Blackhawks,Calgary Flames,31.0,27.4,82,23,53,6,52,0.317,178,289,1.0,1.0,-1.29,0.06,2.17,3.52,39,235,16.6,56,231,75.76,3,8,8.7,9.3,2153,8.3,2681,0.892,1,0,20243,9.915564333761576,0,25.0,29.2,82,38,39,5,81,0.494,253,267,0.0,4.0,-0.2,0.02,3.09,3.26,45,252,17.86,47,245,80.82,11,11,9.4,9.2,2572,9.8,2438,0.89,2,1,0,0,0,0,0,0,0,0,0
Chicago Blackhawks,Ottawa Senators,31.0,27.4,82,23,53,6,52,0.317,178,289,1.0,1.0,-1.29,0.06,2.17,3.52,39,235,16.6,56,231,75.76,3,8,8.7,9.3,2153,8.3,2681,0.892,1,0,20243,9.915564333761576,0,26.0,27.0,82,37,41,4,78,0.476,250,281,5.0,0.0,-0.28,0.04,3.05,3.43,51,283,18.02,61,245,75.1,7,6,10.4,11.1,2602,9.6,2432,0.884,2,1,0,0,0,0,0,0,0,0,0
Chicago Blackhawks,Montreal Canadiens,31.0,27.4,82,23,53,6,52,0.317,178,289,1.0,1.0,-1.29,0.06,2.17,3.52,39,235,16.6,56,231,75.76,3,8,8.7,9.3,2153,8.3,2681,0.892,1,0,20243,9.915564333761576,0,28.0,26.7,82,30,36,16,76,0.463,232,281,4.0,8.0,-0.59,0.05,2.83,3.43,44,252,17.46,65,277,76.53,7,12,10.2,10.0,2269,10.2,2738,0.897,2,1,0,0,0,0,0,0,0,0,0
Chicago Blackhawks,Columbus Blue Jackets,31.0,27.4,82,23,53,6,52,0.317,178,289,1.0,1.0,-1.29,0.06,2.17,3.52,39,235,16.6,56,231,75.76,3,8,8.7,9.3,2153,8.3,2681,0.892,1,0,20243,9.915564333761576,0,29.0,26.8,82,27,43,12,66,0.402,234,298,3.0,2.0,-0.72,0.05,2.85,3.63,32,212,15.09,56,236,76.27,5,6,8.2,7.6,2458,9.5,2822,0.894,1,0,0,0,0,0,0,0,0,0,0
Chicago Blackhawks,Anaheim Ducks,31.0,27.4,82,23,53,6,52,0.317,178,289,1.0,1.0,-1.29,0.06,2.17,3.52,39,235,16.6,56,231,75.76,3,8,8.7,9.3,2153,8.3,2681,0.892,1,0,20243,9.915564333761576,0,30.0,27.7,82,27,50,5,59,0.36,203,293,1.0,2.0,-1.09,0.02,2.48,3.57,43,235,18.3,91,330,72.42,12,5,13.5,10.9,2194,9.3,2666,0.89,1,0,0,0,0,0,0,0,0,0,0
Chicago Blackhawks,San Jose Sharks,31.0,27.4,82,23,53,6,52,0.317,178,289,1.0,1.0,-1.29,0.06,2.17,3.52,39,235,16.6,56,231,75.76,3,8,8.7,9.3,2153,8.3,2681,0.892,1,0,20243,9.915564333761576,0,32.0,27.7,82,19,54,9,47,0.287,180,326,1.0,5.0,-1.78,0.05,2.2,3.98,42,208,20.19,62,252,75.4,3,8,9.5,8.2,2069,8.7,2881,0.887,2,0,0,0,0,0,0,0,0,0,0
San Jose Sharks,New York Rangers,32.0,27.7,82,19,54,9,47,0.287,180,326,1.0,5.0,-1.78,0.05,2.2,3.98,42,208,20.19,62,252,75.4,3,8,9.5,8.2,2069,8.7,2881,0.887,2,0,17435,9.766234959109752,0,1.0,29.1,82,55,23,4,114,0.695,278,226,4.0,3.0,0.61,-0.03,3.39,2.76,65,246,26.42,36,232,84.48,8,6,9.4,10.4,2582,10.8,2418,0.907,6,0,1,0,0,0,0,0,0,0,0
San Jose Sharks,Dallas Stars,32.0,27.7,82,19,54,9,47,0.287,180,326,1.0,5.0,-1.78,0.05,2.2,3.98,42,208,20.19,62,252,75.4,3,8,9.5,8.2,2069,8.7,2881,0.887,2,0,17435,9.766234959109752,0,2.0,29.3,82,52,21,9,113,0.689,294,232,4.0,2.0,0.74,-0.04,3.59,2.83,58,240,24.17,43,239,82.01,12,4,6.8,7.5,2588,11.4,2350,0.901,4,0,0,0,0,0,0,0,0,0,0
San Jose Sharks,Carolina Hurricanes,32.0,27.7,82,19,54,9,47,0.287,180,326,1.0,5.0,-1.78,0.05,2.2,3.98,42,208,20.19,62,252,75.4,3,8,9.5,8.2,2069,8.7,2881,0.887,2,0,17435,9.766234959109752,0,3.0,29.4,82,52,23,7,111,0.677,277,211,2.0,5.0,0.73,-0.04,3.38,2.57,67,249,26.91,35,258,86.43,11,8,8.5,8.0,2733,10.1,2101,0.9,8,0,0,0,0,0,0,0,0,0,0
San Jose Sharks,Winnipeg Jets,32.0,27.7,82,19,54,9,47,0.287,180,326,1.0,5.0,-1.78,0.05,2.2,3.98,42,208,20.19,62,252,75.4,3,8,9.5,8.2,2069,8.7,2881,0.887,2,0,17435,9.766234959109752,0,4.0,29.4,82,52,24,6,110,0.671,259,198,0.0,1.0,0.69,-0.04,3.16,2.41,45,240,18.75,51,223,77.13,3,5,8.2,8.9,2488,10.4,2429,0.918,8,1,0,0,0,0,0,0,0,0,0
San Jose Sharks,Florida Panthers,32.0,27.7,82,19,54,9,47,0.287,180,326,1.0,5.0,-1.78,0.05,2.2,3.98,42,208,20.19,62,252,75.4,3,8,9.5,8.2,2069,8.7,2881,0.887,2,0,17435,9.766234959109752,0,5.0,29.5,82,52,24,6,110,0.671,265,198,3.0,2.0,0.81,-0.02,3.23,2.41,63,268,23.51,51,291,82.47,8,9,13.6,13.5,2764,9.6,2279,0.913,8,0,1,0,0,0,0,0,0,0,0
San Jose Sharks,Boston Bruins,32.0,27.7,82,19,54,9,47,0.287,180,326,1.0,5.0,-1.78,0.05,2.2,3.98,42,208,20.19,62,252,75.4,3,8,9.5,8.2,2069,8.7,2881,0.887,2,0,17435,9.766234959109752,0,6.0,28.6,82,47,20,15,109,0.665,263,221,4.0,3.0,0.53,0.01,3.21,2.7,54,243,22.22,47,268,82.46,7,6,9.5,8.8,2399,11.0,2504,0.912,5,0,1,0,0,0,0,0,0,0,0
San Jose Sharks,Vancouver Canucks,32.0,27.7,82,19,54,9,47,0.287,180,326,1.0,5.0,-1.78,0.05,2.2,3.98,42,208,20.19,62,252,75.4,3,8,9.5,8.2,2069,8.7,2881,0.887,2,0,17435,9.766234959109752,0,7.0,28.6,82,50,23,9,109,0.665,279,221,0.0,2.0,0.64,-0.04,3.4,2.7,58,257,22.57,53,254,79.13,7,7,9.6,9.7,2328,12.0,2343,0.906,7,1,1,0,0,0,0,0,0,0,1
San Jose Sharks,Colorado Avalanche,32.0,27.7,82,19,54,9,47,0.287,180,326,1.0,5.0,-1.78,0.05,2.2,3.98,42,208,20.19,62,252,75.4,3,8,9.5,8.2,2069,8.7,2881,0.887,2,0,17435,9.766234959109752,0,8.0,28.8,82,50,25,7,107,0.652,302,252,2.0,2.0,0.57,-0.05,3.68,3.07,68,278,24.46,53,264,79.92,7,6,8.9,9.7,2705,11.2,2444,0.897,4,0,1,0,0,0,0,0,0,0,0
San Jose Sharks,Edmonton Oilers,32.0,27.7,82,19,54,9,47,0.287,180,326,1.0,5.0,-1.78,0.05,2.2,3.98,42,208,20.19,62,252,75.4,3,8,9.5,8.2,2069,8.7,2881,0.887,2,0,17435,9.766234959109752,0,9.0,29.4,82,49,27,6,104,0.634,292,236,2.0,1.0,0.65,-0.04,3.56,2.88,64,243,26.34,53,258,79.46,7,5,9.5,8.5,2768,10.5,2307,0.898,4,1,1,0,0,0,0,0,0,0,1
San Jose Sharks,Toronto Maple Leafs,32.0,27.7,82,19,54,9,47,0.287,180,326,1.0,5.0,-1.78,0.05,2.2,3.98,42,208,20.19,62,252,75.4,3,8,9.5,8.2,2069,8.7,2881,0.887,2,0,17435,9.766234959109752,0,10.0,28.9,82,46,26,10,102,0.622,298,261,5.0,2.0,0.5,0.01,3.63,3.18,57,238,23.95,55,238,76.89,6,9,9.9,10.2,2671,11.2,2446,0.893,5,1,1,0,0,0,0,0,0,0,0
San Jose Sharks,Nashville Predators,32.0,27.7,82,19,54,9,47,0.287,180,326,1.0,5.0,-1.78,0.05,2.2,3.98,42,208,20.19,62,252,75.4,3,8,9.5,8.2,2069,8.7,2881,0.887,2,0,17435,9.766234959109752,0,11.0,29.5,82,47,30,5,99,0.604,266,248,3.0,0.0,0.23,-0.02,3.24,3.02,58,269,21.56,57,247,76.92,7,5,9.7,9.5,2642,10.1,2507,0.901,4,0,1,0,0,0,0,0,0,0,0
San Jose Sharks,Los Angeles Kings,32.0,27.7,82,19,54,9,47,0.287,180,326,1.0,5.0,-1.78,0.05,2.2,3.98,42,208,20.19,62,252,75.4,3,8,9.5,8.2,2069,8.7,2881,0.887,2,0,17435,9.766234959109752,0,12.0,29.5,82,44,27,11,99,0.604,254,210,2.0,5.0,0.45,-0.05,3.1,2.56,56,248,22.58,39,253,84.58,11,7,8.7,9.5,2616,9.7,2296,0.909,7,0,0,0,0,0,0,0,0,0,1
San Jose Sharks,Tampa Bay Lightning,32.0,27.7,82,19,54,9,47,0.287,180,326,1.0,5.0,-1.78,0.05,2.2,3.98,42,208,20.19,62,252,75.4,3,8,9.5,8.2,2069,8.7,2881,0.887,2,0,17435,9.766234959109752,0,13.0,29.1,82,45,29,8,98,0.598,288,267,3.0,1.0,0.28,0.0,3.51,3.26,71,248,28.63,39,234,83.33,5,6,11.0,11.0,2401,12.0,2430,0.89,4,0,1,0,0,0,0,0,0,0,0
San Jose Sharks,Vegas Golden Knights,32.0,27.7,82,19,54,9,47,0.287,180,326,1.0,5.0,-1.78,0.05,2.2,3.98,42,208,20.19,62,252,75.4,3,8,9.5,8.2,2069,8.7,2881,0.887,2,0,17435,9.766234959109752,0,14.0,29.0,82,45,29,8,98,0.598,263,243,4.0,2.0,0.22,-0.05,3.21,2.96,51,252,20.24,44,213,79.34,9,8,7.4,8.5,2548,10.3,2487,0.902,3,0,0,0,0,0,0,0,0,0,1
San Jose Sharks,New York Islanders,32.0,27.7,82,19,54,9,47,0.287,180,326,1.0,5.0,-1.78,0.05,2.2,3.98,42,208,20.19,62,252,75.4,3,8,9.5,8.2,2069,8.7,2881,0.887,2,0,17435,9.766234959109752,0,15.0,29.6,82,39,27,16,94,0.573,245,258,1.0,5.0,-0.18,0.03,2.99,3.15,47,231,20.35,63,221,71.49,10,3,7.1,7.4,2470,9.9,2686,0.904,5,0,0,0,0,0,0,0,0,0,0
San Jose Sharks,St. Louis Blues,32.0,27.7,82,19,54,9,47,0.287,180,326,1.0,5.0,-1.78,0.05,2.2,3.98,42,208,20.19,62,252,75.4,3,8,9.5,8.2,2069,8.7,2881,0.887,2,0,17435,9.766234959109752,0,16.0,29.0,82,43,33,6,92,0.561,234,248,5.0,2.0,-0.14,-0.01,2.85,3.02,45,250,18.0,46,215,78.6,11,7,7.4,8.6,2370,9.9,2636,0.906,4,0,0,0,0,0,0,0,0,0,0
San Jose Sharks,Washington Capitals,32.0,27.7,82,19,54,9,47,0.287,180,326,1.0,5.0,-1.78,0.05,2.2,3.98,42,208,20.19,62,252,75.4,3,8,9.5,8.2,2069,8.7,2881,0.887,2,0,17435,9.766234959109752,0,17.0,30.0,82,40,31,11,91,0.555,216,252,4.0,5.0,-0.41,0.04,2.63,3.07,47,228,20.61,49,233,78.97,3,5,7.7,7.4,2172,9.9,2503,0.899,7,0,0,0,0,0,0,0,0,0,0
San Jose Sharks,Detroit Red Wings,32.0,27.7,82,19,54,9,47,0.287,180,326,1.0,5.0,-1.78,0.05,2.2,3.98,42,208,20.19,62,252,75.4,3,8,9.5,8.2,2069,8.7,2881,0.887,2,0,17435,9.766234959109752,0,18.0,29.3,82,41,32,9,91,0.555,275,273,3.0,1.0,0.06,0.02,3.35,3.33,63,273,23.08,49,240,79.58,7,10,8.7,9.9,2375,11.6,2657,0.897,4,0,0,0,0,0,0,0,0,0,0
San Jose Sharks,Pittsburgh Penguins,32.0,27.7,82,19,54,9,47,0.287,180,326,1.0,5.0,-1.78,0.05,2.2,3.98,42,208,20.19,62,252,75.4,3,8,9.5,8.2,2069,8.7,2881,0.887,2,0,17435,9.766234959109752,0,19.0,31.3,82,38,32,12,88,0.537,253,248,2.0,3.0,0.05,0.0,3.09,3.02,40,262,15.27,47,243,80.66,5,12,7.4,7.9,2685,9.4,2479,0.9,8,0,1,0,0,0,0,0,0,0,0
San Jose Sharks,Minnesota Wild,32.0,27.7,82,19,54,9,47,0.287,180,326,1.0,5.0,-1.78,0.05,2.2,3.98,42,208,20.19,62,252,75.4,3,8,9.5,8.2,2069,8.7,2881,0.887,2,0,17435,9.766234959109752,0,20.0,29.3,82,39,34,9,87,0.53,248,260,3.0,3.0,-0.14,0.01,3.02,3.17,62,273,22.71,67,263,74.52,3,11,11.4,11.3,2471,10.0,2437,0.893,6,0,1,0,0,0,0,0,0,0,0
San Jose Sharks,Philadelphia Flyers,32.0,27.7,82,19,54,9,47,0.287,180,326,1.0,5.0,-1.78,0.05,2.2,3.98,42,208,20.19,62,252,75.4,3,8,9.5,8.2,2069,8.7,2881,0.887,2,0,17435,9.766234959109752,0,21.0,27.1,82,38,33,11,87,0.53,231,258,4.0,3.0,-0.29,0.03,2.82,3.15,31,254,12.2,40,241,83.4,16,4,10.1,9.7,2708,8.5,2225,0.884,5,0,0,0,0,0,0,0,0,0,0
San Jose Sharks,Buffalo Sabres,32.0,27.7,82,19,54,9,47,0.287,180,326,1.0,5.0,-1.78,0.05,2.2,3.98,42,208,20.19,62,252,75.4,3,8,9.5,8.2,2069,8.7,2881,0.887,2,0,17435,9.766234959109752,0,22.0,25.7,82,39,37,6,84,0.512,244,243,2.0,1.0,0.03,0.01,2.98,2.96,37,223,16.59,49,243,79.84,7,10,9.8,9.2,2534,9.6,2402,0.899,5,0,0,0,0,0,0,0,0,0,0
San Jose Sharks,New Jersey Devils,32.0,27.7,82,19,54,9,47,0.287,180,326,1.0,5.0,-1.78,0.05,2.2,3.98,42,208,20.19,62,252,75.4,3,8,9.5,8.2,2069,8.7,2881,0.887,2,0,17435,9.766234959109752,0,23.0,26.8,82,38,39,5,81,0.494,264,281,0.0,2.0,-0.22,0.01,3.22,3.43,55,245,22.45,47,243,80.66,3,9,9.1,9.6,2516,10.5,2458,0.886,1,0,0,0,0,0,0,0,0,0,0
San Jose Sharks,Seattle Kraken,32.0,27.7,82,19,54,9,47,0.287,180,326,1.0,5.0,-1.78,0.05,2.2,3.98,42,208,20.19,62,252,75.4,3,8,9.5,8.2,2069,8.7,2881,0.887,2,0,17435,9.766234959109752,0,24.0,29.4,82,34,35,13,81,0.494,214,232,3.0,4.0,-0.26,-0.03,2.61,2.83,50,242,20.66,47,222,78.83,6,9,8.0,8.1,2347,9.1,2391,0.903,5,0,0,0,0,0,0,0,0,0,1
San Jose Sharks,Calgary Flames,32.0,27.7,82,19,54,9,47,0.287,180,326,1.0,5.0,-1.78,0.05,2.2,3.98,42,208,20.19,62,252,75.4,3,8,9.5,8.2,2069,8.7,2881,0.887,2,0,17435,9.766234959109752,0,25.0,29.2,82,38,39,5,81,0.494,253,267,0.0,4.0,-0.2,0.02,3.09,3.26,45,252,17.86,47,245,80.82,11,11,9.4,9.2,2572,9.8,2438,0.89,2,1,0,0,0,0,0,0,0,0,1
San Jose Sharks,Ottawa Senators,32.0,27.7,82,19,54,9,47,0.287,180,326,1.0,5.0,-1.78,0.05,2.2,3.98,42,208,20.19,62,252,75.4,3,8,9.5,8.2,2069,8.7,2881,0.887,2,0,17435,9.766234959109752,0,26.0,27.0,82,37,41,4,78,0.476,250,281,5.0,0.0,-0.28,0.04,3.05,3.43,51,283,18.02,61,245,75.1,7,6,10.4,11.1,2602,9.6,2432,0.884,2,1,0,0,0,0,0,0,0,0,0
San Jose Sharks,Montreal Canadiens,32.0,27.7,82,19,54,9,47,0.287,180,326,1.0,5.0,-1.78,0.05,2.2,3.98,42,208,20.19,62,252,75.4,3,8,9.5,8.2,2069,8.7,2881,0.887,2,0,17435,9.766234959109752,0,28.0,26.7,82,30,36,16,76,0.463,232,281,4.0,8.0,-0.59,0.05,2.83,3.43,44,252,17.46,65,277,76.53,7,12,10.2,10.0,2269,10.2,2738,0.897,2,1,0,0,0,0,0,0,0,0,0
San Jose Sharks,Columbus Blue Jackets,32.0,27.7,82,19,54,9,47,0.287,180,326,1.0,5.0,-1.78,0.05,2.2,3.98,42,208,20.19,62,252,75.4,3,8,9.5,8.2,2069,8.7,2881,0.887,2,0,17435,9.766234959109752,0,29.0,26.8,82,27,43,12,66,0.402,234,298,3.0,2.0,-0.72,0.05,2.85,3.63,32,212,15.09,56,236,76.27,5,6,8.2,7.6,2458,9.5,2822,0.894,1,0,0,0,0,0,0,0,0,0,0
San Jose Sharks,Anaheim Ducks,32.0,27.7,82,19,54,9,47,0.287,180,326,1.0,5.0,-1.78,0.05,2.2,3.98,42,208,20.19,62,252,75.4,3,8,9.5,8.2,2069,8.7,2881,0.887,2,0,17435,9.766234959109752,0,30.0,27.7,82,27,50,5,59,0.36,203,293,1.0,2.0,-1.09,0.02,2.48,3.57,43,235,18.3,91,330,72.42,12,5,13.5,10.9,2194,9.3,2666,0.89,1,0,0,0,0,0,0,0,0,0,1
San Jose Sharks,Chicago Blackhawks,32.0,27.7,82,19,54,9,47,0.287,180,326,1.0,5.0,-1.78,0.05,2.2,3.98,42,208,20.19,62,252,75.4,3,8,9.5,8.2,2069,8.7,2881,0.887,2,0,17435,9.766234959109752,0,31.0,27.4,82,23,53,6,52,0.317,178,289,1.0,1.0,-1.29,0.06,2.17,3.52,39,235,16.6,56,231,75.76,3,8,8.7,9.3,2153,8.3,2681,0.892,1,0,0,0,0,0,0,0,0,0,0
