A,LA,H,V,HRk,HAvAge,HGP,HW,HL,HOL,HPTS,HPTS%,HGF,HGA,HSOW,HSOL,HSRS,HSOS,HGF/G,HGA/G,HPP,HPPO,HPP%,HPPA,HPPOA,HPK%,HSH,HSHA,HPIM/G,HoPIM/G,HS,HS%,HSA,HSV%,HSO,HCAN,VRk,VAvAge,VGP,VW,VL,VOL,VPTS,VPTS%,VGF,VGA,VSOW,VSOL,VSRS,VSOS,VGF/G,VGA/G,VPP,VPPO,VPP%,VPPA,VPPOA,VPK%,VSH,VSHA,VPIM/G,VoPIM/G,VS,VS%,VSA,VSV%,VSO,VCAN,MDAY,TDAY,WDAY,ThDAY,FDAY,SDAY,SuDAY,DIV,CAP,LCAP,PA,HSTAR,VSTAR
19813.0,9.89409356689426,Florida Panthers,Boston Bruins,5.0,29.5,82.0,52.0,24.0,6.0,110.0,0.671,265.0,198.0,3.0,2.0,0.81,-0.02,3.23,2.41,63.0,268.0,23.51,51.0,291.0,82.47,8.0,9.0,13.6,13.5,2764.0,9.6,2279.0,0.913,8.0,0,6.0,28.6,82.0,47.0,20.0,15.0,109.0,0.665,263.0,221.0,4.0,3.0,0.53,0.01,3.21,2.7,54.0,243.0,22.22,47.0,268.0,82.46,7.0,6.0,9.5,8.8,2399.0,11.0,2504.0,0.912,5.0,0,0,1,0,0,0,0,0,1,19109,9.857914707241372,1.0368412789784918,1,1
17151.0,9.749811759932081,Seattle Kraken,St. Louis Blues,24.0,29.4,82.0,34.0,35.0,13.0,81.0,0.494,214.0,232.0,3.0,4.0,-0.26,-0.03,2.61,2.83,50.0,242.0,20.66,47.0,222.0,78.83,6.0,9.0,8.0,8.1,2347.0,9.1,2391.0,0.903,5.0,0,16.0,29.0,82.0,43.0,33.0,6.0,92.0,0.561,234.0,248.0,5.0,2.0,-0.14,-0.01,2.85,3.02,45.0,250.0,18.0,46.0,215.0,78.6,11.0,7.0,7.4,8.6,2370.0,9.9,2636.0,0.906,4.0,0,0,1,0,0,0,0,0,0,17100,9.746833742490752,1.0029824561403509,0,0
18347.0,9.81722135237872,Edmonton Oilers,Winnipeg Jets,9.0,29.4,82.0,49.0,27.0,6.0,104.0,0.634,292.0,236.0,2.0,1.0,0.65,-0.04,3.56,2.88,64.0,243.0,26.34,53.0,258.0,79.46,7.0,5.0,9.5,8.5,2768.0,10.5,2307.0,0.898,4.0,1,4.0,29.4,82.0,52.0,24.0,6.0,110.0,0.671,259.0,198.0,0.0,1.0,0.69,-0.04,3.16,2.41,45.0,240.0,18.75,51.0,223.0,77.13,3.0,5.0,8.2,8.9,2488.0,10.4,2429.0,0.918,8.0,1,0,0,1,0,0,0,0,0,18347,9.81722135237872,1.0,1,0
21105.0,9.9572652582166,Montreal Canadiens,Toronto Maple Leafs,28.0,26.7,82.0,30.0,36.0,16.0,76.0,0.463,232.0,281.0,4.0,8.0,-0.59,0.05,2.83,3.43,44.0,252.0,17.46,65.0,277.0,76.53,7.0,12.0,10.2,10.0,2269.0,10.2,2738.0,0.897,2.0,1,10.0,28.9,82.0,46.0,26.0,10.0,102.0,0.622,298.0,261.0,5.0,2.0,0.5,0.01,3.63,3.18,57.0,238.0,23.95,55.0,238.0,76.89,6.0,9.0,9.9,10.2,2671.0,11.2,2446.0,0.893,5.0,1,0,0,1,0,0,0,0,1,21105,9.9572652582166,1.0,0,1
18190.0,9.808627271512169,Pittsburgh Penguins,New York Rangers,19.0,31.3,82.0,38.0,32.0,12.0,88.0,0.537,253.0,248.0,2.0,3.0,0.05,0.0,3.09,3.02,40.0,262.0,15.27,47.0,243.0,80.66,5.0,12.0,7.4,7.9,2685.0,9.4,2479.0,0.9,8.0,0,1.0,29.1,82.0,55.0,23.0,4.0,114.0,0.695,278.0,226.0,4.0,3.0,0.61,-0.03,3.39,2.76,65.0,246.0,26.42,36.0,232.0,84.48,8.0,6.0,9.4,10.4,2582.0,10.8,2418.0,0.907,6.0,0,0,0,1,0,0,0,0,1,18387,9.819399172153842,0.9892859085223256,1,1
18850.0,9.844268192876157,Vancouver Canucks,Calgary Flames,7.0,28.6,82.0,50.0,23.0,9.0,109.0,0.665,279.0,221.0,0.0,2.0,0.64,-0.04,3.4,2.7,58.0,257.0,22.57,53.0,254.0,79.13,7.0,7.0,9.6,9.7,2328.0,12.0,2343.0,0.906,7.0,1,25.0,29.2,82.0,38.0,39.0,5.0,81.0,0.494,253.0,267.0,0.0,4.0,-0.2,0.02,3.09,3.26,45.0,252.0,17.86,47.0,245.0,80.82,11.0,11.0,9.4,9.2,2572.0,9.8,2438.0,0.89,2.0,1,0,0,1,0,0,0,0,1,18910,9.847446161652503,0.9968270756213644,1,0
18388.0,9.819453556926119,Vegas Golden Knights,Colorado Avalanche,14.0,29.0,82.0,45.0,29.0,8.0,98.0,0.598,263.0,243.0,4.0,2.0,0.22,-0.05,3.21,2.96,51.0,252.0,20.24,44.0,213.0,79.34,9.0,8.0,7.4,8.5,2548.0,10.3,2487.0,0.902,3.0,0,8.0,28.8,82.0,50.0,25.0,7.0,107.0,0.652,302.0,252.0,2.0,2.0,0.57,-0.05,3.68,3.07,68.0,278.0,24.46,53.0,264.0,79.92,7.0,6.0,8.9,9.7,2705.0,11.2,2444.0,0.897,4.0,0,0,0,1,0,0,0,0,0,17500,9.769956159911606,1.0507428571428572,0,1
17850.0,9.789758787207784,Boston Bruins,Montreal Canadiens,6.0,28.6,82.0,47.0,20.0,15.0,109.0,0.665,263.0,221.0,4.0,3.0,0.53,0.01,3.21,2.7,54.0,243.0,22.22,47.0,268.0,82.46,7.0,6.0,9.5,8.8,2399.0,11.0,2504.0,0.912,5.0,0,28.0,26.7,82.0,30.0,36.0,16.0,76.0,0.463,232.0,281.0,4.0,8.0,-0.59,0.05,2.83,3.43,44.0,252.0,17.46,65.0,277.0,76.53,7.0,12.0,10.2,10.0,2269.0,10.2,2738.0,0.897,2.0,1,0,0,0,1,0,0,0,1,17565,9.773663564699927,1.0162254483347566,1,0
19070.0,9.855871698594465,Buffalo Sabres,Los Angeles Kings,22.0,25.7,82.0,39.0,37.0,6.0,84.0,0.512,244.0,243.0,2.0,1.0,0.03,0.01,2.98,2.96,37.0,223.0,16.59,49.0,243.0,79.84,7.0,10.0,9.8,9.2,2534.0,9.6,2402.0,0.899,5.0,0,12.0,29.5,82.0,44.0,27.0,11.0,99.0,0.604,254.0,210.0,2.0,5.0,0.45,-0.05,3.1,2.56,56.0,248.0,22.58,39.0,253.0,84.58,11.0,7.0,8.7,9.5,2616.0,9.7,2296.0,0.909,7.0,0,0,0,0,1,0,0,0,0,19029,9.853719410302007,1.0021546061274895,0,0
19515.0,9.878938679614715,Detroit Red Wings,Pittsburgh Penguins,18.0,29.3,82.0,41.0,32.0,9.0,91.0,0.555,275.0,273.0,3.0,1.0,0.06,0.02,3.35,3.33,63.0,273.0,23.08,49.0,240.0,79.58,7.0,10.0,8.7,9.9,2375.0,11.6,2657.0,0.897,4.0,0,19.0,31.3,82.0,38.0,32.0,12.0,88.0,0.537,253.0,248.0,2.0,3.0,0.05,0.0,3.09,3.02,40.0,262.0,15.27,47.0,243.0,80.66,5.0,12.0,7.4,7.9,2685.0,9.4,2479.0,0.9,8.0,0,0,0,0,1,0,0,0,0,20000,9.903487552536127,0.97575,0,1
18613.0,9.831615540298333,Minnesota Wild,Columbus Blue Jackets,20.0,29.3,82.0,39.0,34.0,9.0,87.0,0.53,248.0,260.0,3.0,3.0,-0.14,0.01,3.02,3.17,62.0,273.0,22.71,67.0,263.0,74.52,3.0,11.0,11.4,11.3,2471.0,10.0,2437.0,0.893,6.0,0,29.0,26.8,82.0,27.0,43.0,12.0,66.0,0.402,234.0,298.0,3.0,2.0,-0.72,0.05,2.85,3.63,32.0,212.0,15.09,56.0,236.0,76.27,5.0,6.0,8.2,7.6,2458.0,9.5,2822.0,0.894,1.0,0,0,0,0,1,0,0,0,0,17954,9.795568210316635,1.0367049125543055,1,0
16764.0,9.726989009044962,New Jersey Devils,Toronto Maple Leafs,23.0,26.8,82.0,38.0,39.0,5.0,81.0,0.494,264.0,281.0,0.0,2.0,-0.22,0.01,3.22,3.43,55.0,245.0,22.45,47.0,243.0,80.66,3.0,9.0,9.1,9.6,2516.0,10.5,2458.0,0.886,1.0,0,10.0,28.9,82.0,46.0,26.0,10.0,102.0,0.622,298.0,261.0,5.0,2.0,0.5,0.01,3.63,3.18,57.0,238.0,23.95,55.0,238.0,76.89,6.0,9.0,9.9,10.2,2671.0,11.2,2446.0,0.893,5.0,1,0,0,0,1,0,0,0,0,16535,9.713234625415893,1.0138494103416995,0,1
17544.0,9.772467290097724,Nashville Predators,Dallas Stars,11.0,29.5,82.0,47.0,30.0,5.0,99.0,0.604,266.0,248.0,3.0,0.0,0.23,-0.02,3.24,3.02,58.0,269.0,21.56,57.0,247.0,76.92,7.0,5.0,9.7,9.5,2642.0,10.1,2507.0,0.901,4.0,0,2.0,29.3,82.0,52.0,21.0,9.0,113.0,0.689,294.0,232.0,4.0,2.0,0.74,-0.04,3.59,2.83,58.0,240.0,24.17,43.0,239.0,82.01,12.0,4.0,6.8,7.5,2588.0,11.4,2350.0,0.901,4.0,0,0,0,0,1,0,0,0,1,17113,9.747593687577451,1.0251855314673055,1,0
19346.0,9.870240958742492,Ottawa Senators,Florida Panthers,26.0,27.0,82.0,37.0,41.0,4.0,78.0,0.476,250.0,281.0,5.0,0.0,-0.28,0.04,3.05,3.43,51.0,283.0,18.02,61.0,245.0,75.1,7.0,6.0,10.4,11.1,2602.0,9.6,2432.0,0.884,2.0,1,5.0,29.5,82.0,52.0,24.0,6.0,110.0,0.671,265.0,198.0,3.0,2.0,0.81,-0.02,3.23,2.41,63.0,268.0,23.51,51.0,291.0,82.47,8.0,9.0,13.6,13.5,2764.0,9.6,2279.0,0.913,8.0,0,0,0,0,1,0,0,0,1,18652,9.833708657928211,1.0372078061333905,0,1
17435.0,9.766234959109752,San Jose Sharks,St. Louis Blues,32.0,27.7,82.0,19.0,54.0,9.0,47.0,0.287,180.0,326.0,1.0,5.0,-1.78,0.05,2.2,3.98,42.0,208.0,20.19,62.0,252.0,75.4,3.0,8.0,9.5,8.2,2069.0,8.7,2881.0,0.887,2.0,0,16.0,29.0,82.0,43.0,33.0,6.0,92.0,0.561,234.0,248.0,5.0,2.0,-0.14,-0.01,2.85,3.02,45.0,250.0,18.0,46.0,215.0,78.6,11.0,7.0,7.4,8.6,2370.0,9.9,2636.0,0.906,4.0,0,0,0,0,1,0,0,0,0,17435,9.766234959109752,1.0,0,0
18817.0,9.842515995544645,Carolina Hurricanes,Tampa Bay Lightning,3.0,29.4,82.0,52.0,23.0,7.0,111.0,0.677,277.0,211.0,2.0,5.0,0.73,-0.04,3.38,2.57,67.0,249.0,26.91,35.0,258.0,86.43,11.0,8.0,8.5,8.0,2733.0,10.1,2101.0,0.9,8.0,0,13.0,29.1,82.0,45.0,29.0,8.0,98.0,0.598,288.0,267.0,3.0,1.0,0.28,0.0,3.51,3.26,71.0,248.0,28.63,39.0,234.0,83.33,5.0,6.0,11.0,11.0,2401.0,12.0,2430.0,0.89,4.0,0,0,0,0,0,1,0,0,0,18680,9.835208711782833,1.0073340471092078,0,1
18875.0,9.845593574117226,Vancouver Canucks,Philadelphia Flyers,7.0,28.6,82.0,50.0,23.0,9.0,109.0,0.665,279.0,221.0,0.0,2.0,0.64,-0.04,3.4,2.7,58.0,257.0,22.57,53.0,254.0,79.13,7.0,7.0,9.6,9.7,2328.0,12.0,2343.0,0.906,7.0,1,21.0,27.1,82.0,38.0,33.0,11.0,87.0,0.53,231.0,258.0,4.0,3.0,-0.29,0.03,2.82,3.15,31.0,254.0,12.2,40.0,241.0,83.4,16.0,4.0,10.1,9.7,2708.0,8.5,2225.0,0.884,5.0,0,0,0,0,0,1,0,0,0,18910,9.847446161652503,0.9981491274457959,1,0
17861.0,9.790374843904484,Vegas Golden Knights,St. Louis Blues,14.0,29.0,82.0,45.0,29.0,8.0,98.0,0.598,263.0,243.0,4.0,2.0,0.22,-0.05,3.21,2.96,51.0,252.0,20.24,44.0,213.0,79.34,9.0,8.0,7.4,8.5,2548.0,10.3,2487.0,0.902,3.0,0,16.0,29.0,82.0,43.0,33.0,6.0,92.0,0.561,234.0,248.0,5.0,2.0,-0.14,-0.01,2.85,3.02,45.0,250.0,18.0,46.0,215.0,78.6,11.0,7.0,7.4,8.6,2370.0,9.9,2636.0,0.906,4.0,0,0,0,0,0,1,0,0,0,17500,9.769956159911606,1.0206285714285714,0,0
14564.0,9.586308009295324,Winnipeg Jets,Chicago Blackhawks,4.0,29.4,82.0,52.0,24.0,6.0,110.0,0.671,259.0,198.0,0.0,1.0,0.69,-0.04,3.16,2.41,45.0,240.0,18.75,51.0,223.0,77.13,3.0,5.0,8.2,8.9,2488.0,10.4,2429.0,0.918,8.0,1,31.0,27.4,82.0,23.0,53.0,6.0,52.0,0.317,178.0,289.0,1.0,1.0,-1.29,0.06,2.17,3.52,39.0,235.0,16.6,56.0,231.0,75.76,3.0,8.0,8.7,9.3,2153.0,8.3,2681.0,0.892,1.0,0,0,0,0,0,1,0,0,1,15225,9.630694092578098,0.956584564860427,0,0
17850.0,9.789758787207784,Boston Bruins,Los Angeles Kings,6.0,28.6,82.0,47.0,20.0,15.0,109.0,0.665,263.0,221.0,4.0,3.0,0.53,0.01,3.21,2.7,54.0,243.0,22.22,47.0,268.0,82.46,7.0,6.0,9.5,8.8,2399.0,11.0,2504.0,0.912,5.0,0,12.0,29.5,82.0,44.0,27.0,11.0,99.0,0.604,254.0,210.0,2.0,5.0,0.45,-0.05,3.1,2.56,56.0,248.0,22.58,39.0,253.0,84.58,11.0,7.0,8.7,9.5,2616.0,9.7,2296.0,0.909,7.0,0,0,0,0,0,0,1,0,0,17565,9.773663564699927,1.0162254483347566,1,0
16644.0,9.719805070102831,Buffalo Sabres,Florida Panthers,22.0,25.7,82.0,39.0,37.0,6.0,84.0,0.512,244.0,243.0,2.0,1.0,0.03,0.01,2.98,2.96,37.0,223.0,16.59,49.0,243.0,79.84,7.0,10.0,9.8,9.2,2534.0,9.6,2402.0,0.899,5.0,0,5.0,29.5,82.0,52.0,24.0,6.0,110.0,0.671,265.0,198.0,3.0,2.0,0.81,-0.02,3.23,2.41,63.0,268.0,23.51,51.0,291.0,82.47,8.0,9.0,13.6,13.5,2764.0,9.6,2279.0,0.913,8.0,0,0,0,0,0,0,1,0,1,19029,9.853719410302007,0.8746649850228598,0,1
19289.0,9.86729026422424,Calgary Flames,Philadelphia Flyers,25.0,29.2,82.0,38.0,39.0,5.0,81.0,0.494,253.0,267.0,0.0,4.0,-0.2,0.02,3.09,3.26,45.0,252.0,17.86,47.0,245.0,80.82,11.0,11.0,9.4,9.2,2572.0,9.8,2438.0,0.89,2.0,1,21.0,27.1,82.0,38.0,33.0,11.0,87.0,0.53,231.0,258.0,4.0,3.0,-0.29,0.03,2.82,3.15,31.0,254.0,12.2,40.0,241.0,83.4,16.0,4.0,10.1,9.7,2708.0,8.5,2225.0,0.884,5.0,0,0,0,0,0,0,1,0,0,19289,9.86729026422424,1.0,0,0
18080.0,9.802561633946167,Colorado Avalanche,Columbus Blue Jackets,8.0,28.8,82.0,50.0,25.0,7.0,107.0,0.652,302.0,252.0,2.0,2.0,0.57,-0.05,3.68,3.07,68.0,278.0,24.46,53.0,264.0,79.92,7.0,6.0,8.9,9.7,2705.0,11.2,2444.0,0.897,4.0,0,29.0,26.8,82.0,27.0,43.0,12.0,66.0,0.402,234.0,298.0,3.0,2.0,-0.72,0.05,2.85,3.63,32.0,212.0,15.09,56.0,236.0,76.27,5.0,6.0,8.2,7.6,2458.0,9.5,2822.0,0.894,1.0,0,0,0,0,0,0,1,0,0,18007,9.798515850169505,1.0040539790081635,1,0
18532.0,9.827254246536539,Dallas Stars,New York Islanders,2.0,29.3,82.0,52.0,21.0,9.0,113.0,0.689,294.0,232.0,4.0,2.0,0.74,-0.04,3.59,2.83,58.0,240.0,24.17,43.0,239.0,82.01,12.0,4.0,6.8,7.5,2588.0,11.4,2350.0,0.901,4.0,0,15.0,29.6,82.0,39.0,27.0,16.0,94.0,0.573,245.0,258.0,1.0,5.0,-0.18,0.03,2.99,3.15,47.0,231.0,20.35,63.0,221.0,71.49,10.0,3.0,7.1,7.4,2470.0,9.9,2686.0,0.904,5.0,0,0,0,0,0,0,1,0,0,18408,9.820540631715202,1.0067362016514558,0,0
19515.0,9.878938679614715,Detroit Red Wings,Nashville Predators,18.0,29.3,82.0,41.0,32.0,9.0,91.0,0.555,275.0,273.0,3.0,1.0,0.06,0.02,3.35,3.33,63.0,273.0,23.08,49.0,240.0,79.58,7.0,10.0,8.7,9.9,2375.0,11.6,2657.0,0.897,4.0,0,11.0,29.5,82.0,47.0,30.0,5.0,99.0,0.604,266.0,248.0,3.0,0.0,0.23,-0.02,3.24,3.02,58.0,269.0,21.56,57.0,247.0,76.92,7.0,5.0,9.7,9.5,2642.0,10.1,2507.0,0.901,4.0,0,0,0,0,0,0,1,0,0,20000,9.903487552536127,0.97575,0,1
18347.0,9.81722135237872,Edmonton Oilers,Chicago Blackhawks,9.0,29.4,82.0,49.0,27.0,6.0,104.0,0.634,292.0,236.0,2.0,1.0,0.65,-0.04,3.56,2.88,64.0,243.0,26.34,53.0,258.0,79.46,7.0,5.0,9.5,8.5,2768.0,10.5,2307.0,0.898,4.0,1,31.0,27.4,82.0,23.0,53.0,6.0,52.0,0.317,178.0,289.0,1.0,1.0,-1.29,0.06,2.17,3.52,39.0,235.0,16.6,56.0,231.0,75.76,3.0,8.0,8.7,9.3,2153.0,8.3,2681.0,0.892,1.0,0,0,0,0,0,0,1,0,0,18347,9.81722135237872,1.0,1,0
18421.0,9.821246597152218,Minnesota Wild,Seattle Kraken,20.0,29.3,82.0,39.0,34.0,9.0,87.0,0.53,248.0,260.0,3.0,3.0,-0.14,0.01,3.02,3.17,62.0,273.0,22.71,67.0,263.0,74.52,3.0,11.0,11.4,11.3,2471.0,10.0,2437.0,0.893,6.0,0,24.0,29.4,82.0,34.0,35.0,13.0,81.0,0.494,214.0,232.0,3.0,4.0,-0.26,-0.03,2.61,2.83,50.0,242.0,20.66,47.0,222.0,78.83,6.0,9.0,8.0,8.1,2347.0,9.1,2391.0,0.903,5.0,0,0,0,0,0,0,1,0,0,17954,9.795568210316635,1.0260109167873455,1,0
21105.0,9.9572652582166,Montreal Canadiens,Ottawa Senators,28.0,26.7,82.0,30.0,36.0,16.0,76.0,0.463,232.0,281.0,4.0,8.0,-0.59,0.05,2.83,3.43,44.0,252.0,17.46,65.0,277.0,76.53,7.0,12.0,10.2,10.0,2269.0,10.2,2738.0,0.897,2.0,1,26.0,27.0,82.0,37.0,41.0,4.0,78.0,0.476,250.0,281.0,5.0,0.0,-0.28,0.04,3.05,3.43,51.0,283.0,18.02,61.0,245.0,75.1,7.0,6.0,10.4,11.1,2602.0,9.6,2432.0,0.884,2.0,1,0,0,0,0,0,1,0,1,21105,9.9572652582166,1.0,0,0
17016.0,9.741909356880074,San Jose Sharks,Anaheim Ducks,32.0,27.7,82.0,19.0,54.0,9.0,47.0,0.287,180.0,326.0,1.0,5.0,-1.78,0.05,2.2,3.98,42.0,208.0,20.19,62.0,252.0,75.4,3.0,8.0,9.5,8.2,2069.0,8.7,2881.0,0.887,2.0,0,30.0,27.7,82.0,27.0,50.0,5.0,59.0,0.36,203.0,293.0,1.0,2.0,-1.09,0.02,2.48,3.57,43.0,235.0,18.3,91.0,330.0,72.42,12.0,5.0,13.5,10.9,2194.0,9.3,2666.0,0.89,1.0,0,0,0,0,0,0,1,0,1,17435,9.766234959109752,0.9759678806997419,0,0
18934.0,9.848714526688836,Toronto Maple Leafs,Pittsburgh Penguins,10.0,28.9,82.0,46.0,26.0,10.0,102.0,0.622,298.0,261.0,5.0,2.0,0.5,0.01,3.63,3.18,57.0,238.0,23.95,55.0,238.0,76.89,6.0,9.0,9.9,10.2,2671.0,11.2,2446.0,0.893,5.0,1,19.0,31.3,82.0,38.0,32.0,12.0,88.0,0.537,253.0,248.0,2.0,3.0,0.05,0.0,3.09,3.02,40.0,262.0,15.27,47.0,243.0,80.66,5.0,12.0,7.4,7.9,2685.0,9.4,2479.0,0.9,8.0,0,0,0,0,0,0,1,0,0,18819,9.842622276764853,1.0061108454221797,1,1
18573.0,9.829464192187341,Washington Capitals,New Jersey Devils,17.0,30.0,82.0,40.0,31.0,11.0,91.0,0.555,216.0,252.0,4.0,5.0,-0.41,0.04,2.63,3.07,47.0,228.0,20.61,49.0,233.0,78.97,3.0,5.0,7.7,7.4,2172.0,9.9,2503.0,0.899,7.0,0,23.0,26.8,82.0,38.0,39.0,5.0,81.0,0.494,264.0,281.0,0.0,2.0,-0.22,0.01,3.22,3.43,55.0,245.0,22.45,47.0,243.0,80.66,3.0,9.0,9.1,9.6,2516.0,10.5,2458.0,0.886,1.0,0,0,0,0,0,0,1,0,1,18506,9.825850282808975,1.0036204474224575,0,0
18532.0,9.827254246536539,Dallas Stars,Seattle Kraken,2.0,29.3,82.0,52.0,21.0,9.0,113.0,0.689,294.0,232.0,4.0,2.0,0.74,-0.04,3.59,2.83,58.0,240.0,24.17,43.0,239.0,82.01,12.0,4.0,6.8,7.5,2588.0,11.4,2350.0,0.901,4.0,0,24.0,29.4,82.0,34.0,35.0,13.0,81.0,0.494,214.0,232.0,3.0,4.0,-0.26,-0.03,2.61,2.83,50.0,242.0,20.66,47.0,222.0,78.83,6.0,9.0,8.0,8.1,2347.0,9.1,2391.0,0.903,5.0,0,0,0,0,0,0,0,1,0,18408,9.820540631715202,1.0067362016514558,0,0
18347.0,9.81722135237872,Edmonton Oilers,Calgary Flames,9.0,29.4,82.0,49.0,27.0,6.0,104.0,0.634,292.0,236.0,2.0,1.0,0.65,-0.04,3.56,2.88,64.0,243.0,26.34,53.0,258.0,79.46,7.0,5.0,9.5,8.5,2768.0,10.5,2307.0,0.898,4.0,1,25.0,29.2,82.0,38.0,39.0,5.0,81.0,0.494,253.0,267.0,0.0,4.0,-0.2,0.02,3.09,3.26,45.0,252.0,17.86,47.0,245.0,80.82,11.0,11.0,9.4,9.2,2572.0,9.8,2438.0,0.89,2.0,1,0,0,0,0,0,0,1,1,18347,9.81722135237872,1.0,1,0
18027.0,9.799625913002037,Vegas Golden Knights,Anaheim Ducks,14.0,29.0,82.0,45.0,29.0,8.0,98.0,0.598,263.0,243.0,4.0,2.0,0.22,-0.05,3.21,2.96,51.0,252.0,20.24,44.0,213.0,79.34,9.0,8.0,7.4,8.5,2548.0,10.3,2487.0,0.902,3.0,0,30.0,27.7,82.0,27.0,50.0,5.0,59.0,0.36,203.0,293.0,1.0,2.0,-1.09,0.02,2.48,3.57,43.0,235.0,18.3,91.0,330.0,72.42,12.0,5.0,13.5,10.9,2194.0,9.3,2666.0,0.89,1.0,0,0,0,0,0,0,0,1,1,17500,9.769956159911606,1.0301142857142858,0,0
12916.0,9.466222131878165,Winnipeg Jets,Minnesota Wild,4.0,29.4,82.0,52.0,24.0,6.0,110.0,0.671,259.0,198.0,0.0,1.0,0.69,-0.04,3.16,2.41,45.0,240.0,18.75,51.0,223.0,77.13,3.0,5.0,8.2,8.9,2488.0,10.4,2429.0,0.918,8.0,1,20.0,29.3,82.0,39.0,34.0,9.0,87.0,0.53,248.0,260.0,3.0,3.0,-0.14,0.01,3.02,3.17,62.0,273.0,22.71,67.0,263.0,74.52,3.0,11.0,11.4,11.3,2471.0,10.0,2437.0,0.893,6.0,0,0,0,0,0,0,0,1,1,15225,9.630694092578098,0.8483415435139573,0,1
17850.0,9.789758787207784,Boston Bruins,Florida Panthers,6.0,28.6,82.0,47.0,20.0,15.0,109.0,0.665,263.0,221.0,4.0,3.0,0.53,0.01,3.21,2.7,54.0,243.0,22.22,47.0,268.0,82.46,7.0,6.0,9.5,8.8,2399.0,11.0,2504.0,0.912,5.0,0,5.0,29.5,82.0,52.0,24.0,6.0,110.0,0.671,265.0,198.0,3.0,2.0,0.81,-0.02,3.23,2.41,63.0,268.0,23.51,51.0,291.0,82.47,8.0,9.0,13.6,13.5,2764.0,9.6,2279.0,0.913,8.0,0,1,0,0,0,0,0,0,1,17565,9.773663564699927,1.0162254483347566,1,1
18017.0,9.7990710356157,Colorado Avalanche,New York Islanders,8.0,28.8,82.0,50.0,25.0,7.0,107.0,0.652,302.0,252.0,2.0,2.0,0.57,-0.05,3.68,3.07,68.0,278.0,24.46,53.0,264.0,79.92,7.0,6.0,8.9,9.7,2705.0,11.2,2444.0,0.897,4.0,0,15.0,29.6,82.0,39.0,27.0,16.0,94.0,0.573,245.0,258.0,1.0,5.0,-0.18,0.03,2.99,3.15,47.0,231.0,20.35,63.0,221.0,71.49,10.0,3.0,7.1,7.4,2470.0,9.9,2686.0,0.904,5.0,0,1,0,0,0,0,0,0,0,18007,9.798515850169505,1.0005553395901594,1,0
21105.0,9.9572652582166,Montreal Canadiens,Pittsburgh Penguins,28.0,26.7,82.0,30.0,36.0,16.0,76.0,0.463,232.0,281.0,4.0,8.0,-0.59,0.05,2.83,3.43,44.0,252.0,17.46,65.0,277.0,76.53,7.0,12.0,10.2,10.0,2269.0,10.2,2738.0,0.897,2.0,1,19.0,31.3,82.0,38.0,32.0,12.0,88.0,0.537,253.0,248.0,2.0,3.0,0.05,0.0,3.09,3.02,40.0,262.0,15.27,47.0,243.0,80.66,5.0,12.0,7.4,7.9,2685.0,9.4,2479.0,0.9,8.0,0,1,0,0,0,0,0,0,0,21105,9.9572652582166,1.0,0,1
17510.0,9.770527425279898,New York Rangers,Detroit Red Wings,1.0,29.1,82.0,55.0,23.0,4.0,114.0,0.695,278.0,226.0,4.0,3.0,0.61,-0.03,3.39,2.76,65.0,246.0,26.42,36.0,232.0,84.48,8.0,6.0,9.4,10.4,2582.0,10.8,2418.0,0.907,6.0,0,18.0,29.3,82.0,41.0,32.0,9.0,91.0,0.555,275.0,273.0,3.0,1.0,0.06,0.02,3.35,3.33,63.0,273.0,23.08,49.0,240.0,79.58,7.0,10.0,8.7,9.9,2375.0,11.6,2657.0,0.897,4.0,0,1,0,0,0,0,0,0,0,18006,9.798460314668421,0.9724536265689214,1,0
16788.0,9.728419624453482,Ottawa Senators,Los Angeles Kings,26.0,27.0,82.0,37.0,41.0,4.0,78.0,0.476,250.0,281.0,5.0,0.0,-0.28,0.04,3.05,3.43,51.0,283.0,18.02,61.0,245.0,75.1,7.0,6.0,10.4,11.1,2602.0,9.6,2432.0,0.884,2.0,1,12.0,29.5,82.0,44.0,27.0,11.0,99.0,0.604,254.0,210.0,2.0,5.0,0.45,-0.05,3.1,2.56,56.0,248.0,22.58,39.0,253.0,84.58,11.0,7.0,8.7,9.5,2616.0,9.7,2296.0,0.909,7.0,0,1,0,0,0,0,0,0,0,18652,9.833708657928211,0.9000643362642076,0,0
18700.0,9.836278802842678,Carolina Hurricanes,New Jersey Devils,3.0,29.4,82.0,52.0,23.0,7.0,111.0,0.677,277.0,211.0,2.0,5.0,0.73,-0.04,3.38,2.57,67.0,249.0,26.91,35.0,258.0,86.43,11.0,8.0,8.5,8.0,2733.0,10.1,2101.0,0.9,8.0,0,23.0,26.8,82.0,38.0,39.0,5.0,81.0,0.494,264.0,281.0,0.0,2.0,-0.22,0.01,3.22,3.43,55.0,245.0,22.45,47.0,243.0,80.66,3.0,9.0,9.1,9.6,2516.0,10.5,2458.0,0.886,1.0,0,0,1,0,0,0,0,0,1,18680,9.835208711782833,1.0010706638115632,0,0
18484.0,9.824660771990157,Columbus Blue Jackets,Florida Panthers,29.0,26.8,82.0,27.0,43.0,12.0,66.0,0.402,234.0,298.0,3.0,2.0,-0.72,0.05,2.85,3.63,32.0,212.0,15.09,56.0,236.0,76.27,5.0,6.0,8.2,7.6,2458.0,9.5,2822.0,0.894,1.0,0,5.0,29.5,82.0,52.0,24.0,6.0,110.0,0.671,265.0,198.0,3.0,2.0,0.81,-0.02,3.23,2.41,63.0,268.0,23.51,51.0,291.0,82.47,8.0,9.0,13.6,13.5,2764.0,9.6,2279.0,0.913,8.0,0,0,1,0,0,0,0,0,0,20556,9.93090814811212,0.899202179412337,0,1
16242.0,9.695355758842355,Calgary Flames,Chicago Blackhawks,25.0,29.2,82.0,38.0,39.0,5.0,81.0,0.494,253.0,267.0,0.0,4.0,-0.2,0.02,3.09,3.26,45.0,252.0,17.86,47.0,245.0,80.82,11.0,11.0,9.4,9.2,2572.0,9.8,2438.0,0.89,2.0,1,31.0,27.4,82.0,23.0,53.0,6.0,52.0,0.317,178.0,289.0,1.0,1.0,-1.29,0.06,2.17,3.52,39.0,235.0,16.6,56.0,231.0,75.76,3.0,8.0,8.7,9.3,2153.0,8.3,2681.0,0.892,1.0,0,0,1,0,0,0,0,0,0,19289,9.86729026422424,0.8420343200788014,0,0
18532.0,9.827254246536539,Dallas Stars,San Jose Sharks,2.0,29.3,82.0,52.0,21.0,9.0,113.0,0.689,294.0,232.0,4.0,2.0,0.74,-0.04,3.59,2.83,58.0,240.0,24.17,43.0,239.0,82.01,12.0,4.0,6.8,7.5,2588.0,11.4,2350.0,0.901,4.0,0,32.0,27.7,82.0,19.0,54.0,9.0,47.0,0.287,180.0,326.0,1.0,5.0,-1.78,0.05,2.2,3.98,42.0,208.0,20.19,62.0,252.0,75.4,3.0,8.0,9.5,8.2,2069.0,8.7,2881.0,0.887,2.0,0,0,1,0,0,0,0,0,0,18408,9.820540631715202,1.0067362016514558,0,0
18347.0,9.81722135237872,Edmonton Oilers,Philadelphia Flyers,9.0,29.4,82.0,49.0,27.0,6.0,104.0,0.634,292.0,236.0,2.0,1.0,0.65,-0.04,3.56,2.88,64.0,243.0,26.34,53.0,258.0,79.46,7.0,5.0,9.5,8.5,2768.0,10.5,2307.0,0.898,4.0,1,21.0,27.1,82.0,38.0,33.0,11.0,87.0,0.53,231.0,258.0,4.0,3.0,-0.29,0.03,2.82,3.15,31.0,254.0,12.2,40.0,241.0,83.4,16.0,4.0,10.1,9.7,2708.0,8.5,2225.0,0.884,5.0,0,0,1,0,0,0,0,0,0,18347,9.81722135237872,1.0,1,0
17159.0,9.750278096285621,Nashville Predators,Seattle Kraken,11.0,29.5,82.0,47.0,30.0,5.0,99.0,0.604,266.0,248.0,3.0,0.0,0.23,-0.02,3.24,3.02,58.0,269.0,21.56,57.0,247.0,76.92,7.0,5.0,9.7,9.5,2642.0,10.1,2507.0,0.901,4.0,0,24.0,29.4,82.0,34.0,35.0,13.0,81.0,0.494,214.0,232.0,3.0,4.0,-0.26,-0.03,2.61,2.83,50.0,242.0,20.66,47.0,222.0,78.83,6.0,9.0,8.0,8.1,2347.0,9.1,2391.0,0.903,5.0,0,0,1,0,0,0,0,0,0,17113,9.747593687577451,1.0026880149593875,1,0
18096.0,9.803446198355902,St. Louis Blues,Minnesota Wild,16.0,29.0,82.0,43.0,33.0,6.0,92.0,0.561,234.0,248.0,5.0,2.0,-0.14,-0.01,2.85,3.02,45.0,250.0,18.0,46.0,215.0,78.6,11.0,7.0,7.4,8.6,2370.0,9.9,2636.0,0.906,4.0,0,20.0,29.3,82.0,39.0,34.0,9.0,87.0,0.53,248.0,260.0,3.0,3.0,-0.14,0.01,3.02,3.17,62.0,273.0,22.71,67.0,263.0,74.52,3.0,11.0,11.4,11.3,2471.0,10.0,2437.0,0.893,6.0,0,0,1,0,0,0,0,0,1,18400,9.820105943597078,0.9834782608695652,0,1
19092.0,9.857024678125788,Tampa Bay Lightning,Vancouver Canucks,13.0,29.1,82.0,45.0,29.0,8.0,98.0,0.598,288.0,267.0,3.0,1.0,0.28,0.0,3.51,3.26,71.0,248.0,28.63,39.0,234.0,83.33,5.0,6.0,11.0,11.0,2401.0,12.0,2430.0,0.89,4.0,0,7.0,28.6,82.0,50.0,23.0,9.0,109.0,0.665,279.0,221.0,0.0,2.0,0.64,-0.04,3.4,2.7,58.0,257.0,22.57,53.0,254.0,79.13,7.0,7.0,9.6,9.7,2328.0,12.0,2343.0,0.906,7.0,1,0,1,0,0,0,0,0,0,19204,9.862873869650832,0.9941678816913143,1,1
16727.0,9.724779459312009,Washington Capitals,Vegas Golden Knights,17.0,30.0,82.0,40.0,31.0,11.0,91.0,0.555,216.0,252.0,4.0,5.0,-0.41,0.04,2.63,3.07,47.0,228.0,20.61,49.0,233.0,78.97,3.0,5.0,7.7,7.4,2172.0,9.9,2503.0,0.899,7.0,0,14.0,29.0,82.0,45.0,29.0,8.0,98.0,0.598,263.0,243.0,4.0,2.0,0.22,-0.05,3.21,2.96,51.0,252.0,20.24,44.0,213.0,79.34,9.0,8.0,7.4,8.5,2548.0,10.3,2487.0,0.902,3.0,0,0,1,0,0,0,0,0,0,18506,9.825850282808975,0.9038690154544472,0,0
18024.0,9.79945948211208,Colorado Avalanche,Boston Bruins,8.0,28.8,82.0,50.0,25.0,7.0,107.0,0.652,302.0,252.0,2.0,2.0,0.57,-0.05,3.68,3.07,68.0,278.0,24.46,53.0,264.0,79.92,7.0,6.0,8.9,9.7,2705.0,11.2,2444.0,0.897,4.0,0,6.0,28.6,82.0,47.0,20.0,15.0,109.0,0.665,263.0,221.0,4.0,3.0,0.53,0.01,3.21,2.7,54.0,243.0,22.22,47.0,268.0,82.46,7.0,6.0,9.5,8.8,2399.0,11.0,2504.0,0.912,5.0,0,0,0,1,0,0,0,0,0,18007,9.798515850169505,1.000944077303271,1,1
15644.0,9.657842735875406,Pittsburgh Penguins,Buffalo Sabres,19.0,31.3,82.0,38.0,32.0,12.0,88.0,0.537,253.0,248.0,2.0,3.0,0.05,0.0,3.09,3.02,40.0,262.0,15.27,47.0,243.0,80.66,5.0,12.0,7.4,7.9,2685.0,9.4,2479.0,0.9,8.0,0,22.0,25.7,82.0,39.0,37.0,6.0,84.0,0.512,244.0,243.0,2.0,1.0,0.03,0.01,2.98,2.96,37.0,223.0,16.59,49.0,243.0,79.84,7.0,10.0,9.8,9.2,2534.0,9.6,2402.0,0.899,5.0,0,0,0,1,0,0,0,0,0,18387,9.819399172153842,0.8508185130798934,1,0
18852.0,9.844374288043621,Toronto Maple Leafs,Los Angeles Kings,10.0,28.9,82.0,46.0,26.0,10.0,102.0,0.622,298.0,261.0,5.0,2.0,0.5,0.01,3.63,3.18,57.0,238.0,23.95,55.0,238.0,76.89,6.0,9.0,9.9,10.2,2671.0,11.2,2446.0,0.893,5.0,1,12.0,29.5,82.0,44.0,27.0,11.0,99.0,0.604,254.0,210.0,2.0,5.0,0.45,-0.05,3.1,2.56,56.0,248.0,22.58,39.0,253.0,84.58,11.0,7.0,8.7,9.5,2616.0,9.7,2296.0,0.909,7.0,0,0,0,1,0,0,0,0,0,18819,9.842622276764853,1.0017535469472343,1,0
16126.0,9.688188155244967,Columbus Blue Jackets,Buffalo Sabres,29.0,26.8,82.0,27.0,43.0,12.0,66.0,0.402,234.0,298.0,3.0,2.0,-0.72,0.05,2.85,3.63,32.0,212.0,15.09,56.0,236.0,76.27,5.0,6.0,8.2,7.6,2458.0,9.5,2822.0,0.894,1.0,0,22.0,25.7,82.0,39.0,37.0,6.0,84.0,0.512,244.0,243.0,2.0,1.0,0.03,0.01,2.98,2.96,37.0,223.0,16.59,49.0,243.0,79.84,7.0,10.0,9.8,9.2,2534.0,9.6,2402.0,0.899,5.0,0,0,0,0,1,0,0,0,0,20556,9.93090814811212,0.7844911461373808,0,0
19056.0,9.855137291595081,Chicago Blackhawks,San Jose Sharks,31.0,27.4,82.0,23.0,53.0,6.0,52.0,0.317,178.0,289.0,1.0,1.0,-1.29,0.06,2.17,3.52,39.0,235.0,16.6,56.0,231.0,75.76,3.0,8.0,8.7,9.3,2153.0,8.3,2681.0,0.892,1.0,0,32.0,27.7,82.0,19.0,54.0,9.0,47.0,0.287,180.0,326.0,1.0,5.0,-1.78,0.05,2.2,3.98,42.0,208.0,20.19,62.0,252.0,75.4,3.0,8.0,9.5,8.2,2069.0,8.7,2881.0,0.887,2.0,0,0,0,0,1,0,0,0,0,20243,9.915564333761576,0.9413624462777256,0,0
19515.0,9.878938679614715,Detroit Red Wings,New York Rangers,18.0,29.3,82.0,41.0,32.0,9.0,91.0,0.555,275.0,273.0,3.0,1.0,0.06,0.02,3.35,3.33,63.0,273.0,23.08,49.0,240.0,79.58,7.0,10.0,8.7,9.9,2375.0,11.6,2657.0,0.897,4.0,0,1.0,29.1,82.0,55.0,23.0,4.0,114.0,0.695,278.0,226.0,4.0,3.0,0.61,-0.03,3.39,2.76,65.0,246.0,26.42,36.0,232.0,84.48,8.0,6.0,9.4,10.4,2582.0,10.8,2418.0,0.907,6.0,0,0,0,0,1,0,0,0,0,20000,9.903487552536127,0.97575,0,1
17865.0,9.79059877045751,Florida Panthers,Vancouver Canucks,5.0,29.5,82.0,52.0,24.0,6.0,110.0,0.671,265.0,198.0,3.0,2.0,0.81,-0.02,3.23,2.41,63.0,268.0,23.51,51.0,291.0,82.47,8.0,9.0,13.6,13.5,2764.0,9.6,2279.0,0.913,8.0,0,7.0,28.6,82.0,50.0,23.0,9.0,109.0,0.665,279.0,221.0,0.0,2.0,0.64,-0.04,3.4,2.7,58.0,257.0,22.57,53.0,254.0,79.13,7.0,7.0,9.6,9.7,2328.0,12.0,2343.0,0.906,7.0,1,0,0,0,1,0,0,0,0,19109,9.857914707241372,0.934899785441415,1,1
21105.0,9.9572652582166,Montreal Canadiens,Los Angeles Kings,28.0,26.7,82.0,30.0,36.0,16.0,76.0,0.463,232.0,281.0,4.0,8.0,-0.59,0.05,2.83,3.43,44.0,252.0,17.46,65.0,277.0,76.53,7.0,12.0,10.2,10.0,2269.0,10.2,2738.0,0.897,2.0,1,12.0,29.5,82.0,44.0,27.0,11.0,99.0,0.604,254.0,210.0,2.0,5.0,0.45,-0.05,3.1,2.56,56.0,248.0,22.58,39.0,253.0,84.58,11.0,7.0,8.7,9.5,2616.0,9.7,2296.0,0.909,7.0,0,0,0,0,1,0,0,0,0,21105,9.9572652582166,1.0,0,0
17159.0,9.750278096285621,Nashville Predators,Edmonton Oilers,11.0,29.5,82.0,47.0,30.0,5.0,99.0,0.604,266.0,248.0,3.0,0.0,0.23,-0.02,3.24,3.02,58.0,269.0,21.56,57.0,247.0,76.92,7.0,5.0,9.7,9.5,2642.0,10.1,2507.0,0.901,4.0,0,9.0,29.4,82.0,49.0,27.0,6.0,104.0,0.634,292.0,236.0,2.0,1.0,0.65,-0.04,3.56,2.88,64.0,243.0,26.34,53.0,258.0,79.46,7.0,5.0,9.5,8.5,2768.0,10.5,2307.0,0.898,4.0,1,0,0,0,1,0,0,0,0,17113,9.747593687577451,1.0026880149593875,1,1
15192.0,9.628524252492122,Ottawa Senators,New Jersey Devils,26.0,27.0,82.0,37.0,41.0,4.0,78.0,0.476,250.0,281.0,5.0,0.0,-0.28,0.04,3.05,3.43,51.0,283.0,18.02,61.0,245.0,75.1,7.0,6.0,10.4,11.1,2602.0,9.6,2432.0,0.884,2.0,1,23.0,26.8,82.0,38.0,39.0,5.0,81.0,0.494,264.0,281.0,0.0,2.0,-0.22,0.01,3.22,3.43,55.0,245.0,22.45,47.0,243.0,80.66,3.0,9.0,9.1,9.6,2516.0,10.5,2458.0,0.886,1.0,0,0,0,0,1,0,0,0,0,18652,9.833708657928211,0.8144971048681107,0,0
17151.0,9.749811759932081,Seattle Kraken,Philadelphia Flyers,24.0,29.4,82.0,34.0,35.0,13.0,81.0,0.494,214.0,232.0,3.0,4.0,-0.26,-0.03,2.61,2.83,50.0,242.0,20.66,47.0,222.0,78.83,6.0,9.0,8.0,8.1,2347.0,9.1,2391.0,0.903,5.0,0,21.0,27.1,82.0,38.0,33.0,11.0,87.0,0.53,231.0,258.0,4.0,3.0,-0.29,0.03,2.82,3.15,31.0,254.0,12.2,40.0,241.0,83.4,16.0,4.0,10.1,9.7,2708.0,8.5,2225.0,0.884,5.0,0,0,0,0,1,0,0,0,0,17100,9.746833742490752,1.0029824561403509,0,0
17109.0,9.747359919824648,St. Louis Blues,New York Islanders,16.0,29.0,82.0,43.0,33.0,6.0,92.0,0.561,234.0,248.0,5.0,2.0,-0.14,-0.01,2.85,3.02,45.0,250.0,18.0,46.0,215.0,78.6,11.0,7.0,7.4,8.6,2370.0,9.9,2636.0,0.906,4.0,0,15.0,29.6,82.0,39.0,27.0,16.0,94.0,0.573,245.0,258.0,1.0,5.0,-0.18,0.03,2.99,3.15,47.0,231.0,20.35,63.0,221.0,71.49,10.0,3.0,7.1,7.4,2470.0,9.9,2686.0,0.904,5.0,0,0,0,0,1,0,0,0,0,18400,9.820105943597078,0.9298369565217391,0,0
19092.0,9.857024678125788,Tampa Bay Lightning,Vegas Golden Knights,13.0,29.1,82.0,45.0,29.0,8.0,98.0,0.598,288.0,267.0,3.0,1.0,0.28,0.0,3.51,3.26,71.0,248.0,28.63,39.0,234.0,83.33,5.0,6.0,11.0,11.0,2401.0,12.0,2430.0,0.89,4.0,0,14.0,29.0,82.0,45.0,29.0,8.0,98.0,0.598,263.0,243.0,4.0,2.0,0.22,-0.05,3.21,2.96,51.0,252.0,20.24,44.0,213.0,79.34,9.0,8.0,7.4,8.5,2548.0,10.3,2487.0,0.902,3.0,0,0,0,0,1,0,0,0,0,19204,9.862873869650832,0.9941678816913143,1,0
17034.0,9.742966625701026,Washington Capitals,Dallas Stars,17.0,30.0,82.0,40.0,31.0,11.0,91.0,0.555,216.0,252.0,4.0,5.0,-0.41,0.04,2.63,3.07,47.0,228.0,20.61,49.0,233.0,78.97,3.0,5.0,7.7,7.4,2172.0,9.9,2503.0,0.899,7.0,0,2.0,29.3,82.0,52.0,21.0,9.0,113.0,0.689,294.0,232.0,4.0,2.0,0.74,-0.04,3.59,2.83,58.0,240.0,24.17,43.0,239.0,82.01,12.0,4.0,6.8,7.5,2588.0,11.4,2350.0,0.901,4.0,0,0,0,0,1,0,0,0,0,18506,9.825850282808975,0.92045822976332,0,0
18071.0,9.802063722398165,Colorado Avalanche,Anaheim Ducks,8.0,28.8,82.0,50.0,25.0,7.0,107.0,0.652,302.0,252.0,2.0,2.0,0.57,-0.05,3.68,3.07,68.0,278.0,24.46,53.0,264.0,79.92,7.0,6.0,8.9,9.7,2705.0,11.2,2444.0,0.897,4.0,0,30.0,27.7,82.0,27.0,50.0,5.0,59.0,0.36,203.0,293.0,1.0,2.0,-1.09,0.02,2.48,3.57,43.0,235.0,18.3,91.0,330.0,72.42,12.0,5.0,13.5,10.9,2194.0,9.3,2666.0,0.89,1.0,0,0,0,0,0,1,0,0,0,18007,9.798515850169505,1.0035541733770201,1,0
17074.0,9.745312117570252,Pittsburgh Penguins,Carolina Hurricanes,19.0,31.3,82.0,38.0,32.0,12.0,88.0,0.537,253.0,248.0,2.0,3.0,0.05,0.0,3.09,3.02,40.0,262.0,15.27,47.0,243.0,80.66,5.0,12.0,7.4,7.9,2685.0,9.4,2479.0,0.9,8.0,0,3.0,29.4,82.0,52.0,23.0,7.0,111.0,0.677,277.0,211.0,2.0,5.0,0.73,-0.04,3.38,2.57,67.0,249.0,26.91,35.0,258.0,86.43,11.0,8.0,8.5,8.0,2733.0,10.1,2101.0,0.9,8.0,0,0,0,0,0,1,0,0,1,18387,9.819399172153842,0.9285908522325557,1,0
13422.0,9.504650430718184,Winnipeg Jets,San Jose Sharks,4.0,29.4,82.0,52.0,24.0,6.0,110.0,0.671,259.0,198.0,0.0,1.0,0.69,-0.04,3.16,2.41,45.0,240.0,18.75,51.0,223.0,77.13,3.0,5.0,8.2,8.9,2488.0,10.4,2429.0,0.918,8.0,1,32.0,27.7,82.0,19.0,54.0,9.0,47.0,0.287,180.0,326.0,1.0,5.0,-1.78,0.05,2.2,3.98,42.0,208.0,20.19,62.0,252.0,75.4,3.0,8.0,9.5,8.2,2069.0,8.7,2881.0,0.887,2.0,0,0,0,0,0,1,0,0,0,15225,9.630694092578098,0.881576354679803,0,0
16876.0,9.733647773244229,Columbus Blue Jackets,Minnesota Wild,29.0,26.8,82.0,27.0,43.0,12.0,66.0,0.402,234.0,298.0,3.0,2.0,-0.72,0.05,2.85,3.63,32.0,212.0,15.09,56.0,236.0,76.27,5.0,6.0,8.2,7.6,2458.0,9.5,2822.0,0.894,1.0,0,20.0,29.3,82.0,39.0,34.0,9.0,87.0,0.53,248.0,260.0,3.0,3.0,-0.14,0.01,3.02,3.17,62.0,273.0,22.71,67.0,263.0,74.52,3.0,11.0,11.4,11.3,2471.0,10.0,2437.0,0.893,6.0,0,0,0,0,0,0,1,0,0,20556,9.93090814811212,0.8209768437439191,0,1
18773.0,9.840174946324362,Chicago Blackhawks,Buffalo Sabres,31.0,27.4,82.0,23.0,53.0,6.0,52.0,0.317,178.0,289.0,1.0,1.0,-1.29,0.06,2.17,3.52,39.0,235.0,16.6,56.0,231.0,75.76,3.0,8.0,8.7,9.3,2153.0,8.3,2681.0,0.892,1.0,0,22.0,25.7,82.0,39.0,37.0,6.0,84.0,0.512,244.0,243.0,2.0,1.0,0.03,0.01,2.98,2.96,37.0,223.0,16.59,49.0,243.0,79.84,7.0,10.0,9.8,9.2,2534.0,9.6,2402.0,0.899,5.0,0,0,0,0,0,0,1,0,0,20243,9.915564333761576,0.9273823049943191,0,0
18532.0,9.827254246536539,Dallas Stars,Edmonton Oilers,2.0,29.3,82.0,52.0,21.0,9.0,113.0,0.689,294.0,232.0,4.0,2.0,0.74,-0.04,3.59,2.83,58.0,240.0,24.17,43.0,239.0,82.01,12.0,4.0,6.8,7.5,2588.0,11.4,2350.0,0.901,4.0,0,9.0,29.4,82.0,49.0,27.0,6.0,104.0,0.634,292.0,236.0,2.0,1.0,0.65,-0.04,3.56,2.88,64.0,243.0,26.34,53.0,258.0,79.46,7.0,5.0,9.5,8.5,2768.0,10.5,2307.0,0.898,4.0,1,0,0,0,0,0,1,0,0,18408,9.820540631715202,1.0067362016514558,0,1
19572.0,9.881855252409014,Florida Panthers,Vegas Golden Knights,5.0,29.5,82.0,52.0,24.0,6.0,110.0,0.671,265.0,198.0,3.0,2.0,0.81,-0.02,3.23,2.41,63.0,268.0,23.51,51.0,291.0,82.47,8.0,9.0,13.6,13.5,2764.0,9.6,2279.0,0.913,8.0,0,14.0,29.0,82.0,45.0,29.0,8.0,98.0,0.598,263.0,243.0,4.0,2.0,0.22,-0.05,3.21,2.96,51.0,252.0,20.24,44.0,213.0,79.34,9.0,8.0,7.4,8.5,2548.0,10.3,2487.0,0.902,3.0,0,0,0,0,0,0,1,0,0,19109,9.857914707241372,1.0242294206918205,1,0
16514.0,9.711963784977375,New Jersey Devils,Washington Capitals,23.0,26.8,82.0,38.0,39.0,5.0,81.0,0.494,264.0,281.0,0.0,2.0,-0.22,0.01,3.22,3.43,55.0,245.0,22.45,47.0,243.0,80.66,3.0,9.0,9.1,9.6,2516.0,10.5,2458.0,0.886,1.0,0,17.0,30.0,82.0,40.0,31.0,11.0,91.0,0.555,216.0,252.0,4.0,5.0,-0.41,0.04,2.63,3.07,47.0,228.0,20.61,49.0,233.0,78.97,3.0,5.0,7.7,7.4,2172.0,9.9,2503.0,0.899,7.0,0,0,0,0,0,0,1,0,1,16535,9.713234625415893,0.998729966737224,0,0
17159.0,9.750278096285621,Nashville Predators,Detroit Red Wings,11.0,29.5,82.0,47.0,30.0,5.0,99.0,0.604,266.0,248.0,3.0,0.0,0.23,-0.02,3.24,3.02,58.0,269.0,21.56,57.0,247.0,76.92,7.0,5.0,9.7,9.5,2642.0,10.1,2507.0,0.901,4.0,0,18.0,29.3,82.0,41.0,32.0,9.0,91.0,0.555,275.0,273.0,3.0,1.0,0.06,0.02,3.35,3.33,63.0,273.0,23.08,49.0,240.0,79.58,7.0,10.0,8.7,9.9,2375.0,11.6,2657.0,0.897,4.0,0,0,0,0,0,0,1,0,0,17113,9.747593687577451,1.0026880149593875,1,0
15411.0,9.642836819135377,New York Islanders,Montreal Canadiens,15.0,29.6,82.0,39.0,27.0,16.0,94.0,0.573,245.0,258.0,1.0,5.0,-0.18,0.03,2.99,3.15,47.0,231.0,20.35,63.0,221.0,71.49,10.0,3.0,7.1,7.4,2470.0,9.9,2686.0,0.904,5.0,0,28.0,26.7,82.0,30.0,36.0,16.0,76.0,0.463,232.0,281.0,4.0,8.0,-0.59,0.05,2.83,3.43,44.0,252.0,17.46,65.0,277.0,76.53,7.0,12.0,10.2,10.0,2269.0,10.2,2738.0,0.897,2.0,1,0,0,0,0,0,1,0,0,17113,9.747593687577451,0.9005434465026588,0,0
16188.0,9.692025505995757,Ottawa Senators,Tampa Bay Lightning,26.0,27.0,82.0,37.0,41.0,4.0,78.0,0.476,250.0,281.0,5.0,0.0,-0.28,0.04,3.05,3.43,51.0,283.0,18.02,61.0,245.0,75.1,7.0,6.0,10.4,11.1,2602.0,9.6,2432.0,0.884,2.0,1,13.0,29.1,82.0,45.0,29.0,8.0,98.0,0.598,288.0,267.0,3.0,1.0,0.28,0.0,3.51,3.26,71.0,248.0,28.63,39.0,234.0,83.33,5.0,6.0,11.0,11.0,2401.0,12.0,2430.0,0.89,4.0,0,0,0,0,0,0,1,0,1,18652,9.833708657928211,0.8678962041604118,0,1
19083.0,9.856553165346915,Philadelphia Flyers,Vancouver Canucks,21.0,27.1,82.0,38.0,33.0,11.0,87.0,0.53,231.0,258.0,4.0,3.0,-0.29,0.03,2.82,3.15,31.0,254.0,12.2,40.0,241.0,83.4,16.0,4.0,10.1,9.7,2708.0,8.5,2225.0,0.884,5.0,0,7.0,28.6,82.0,50.0,23.0,9.0,109.0,0.665,279.0,221.0,0.0,2.0,0.64,-0.04,3.4,2.7,58.0,257.0,22.57,53.0,254.0,79.13,7.0,7.0,9.6,9.7,2328.0,12.0,2343.0,0.906,7.0,1,0,0,0,0,0,1,0,0,19537,9.880065382591635,0.9767620412550545,0,1
17151.0,9.749811759932081,Seattle Kraken,Calgary Flames,24.0,29.4,82.0,34.0,35.0,13.0,81.0,0.494,214.0,232.0,3.0,4.0,-0.26,-0.03,2.61,2.83,50.0,242.0,20.66,47.0,222.0,78.83,6.0,9.0,8.0,8.1,2347.0,9.1,2391.0,0.903,5.0,0,25.0,29.2,82.0,38.0,39.0,5.0,81.0,0.494,253.0,267.0,0.0,4.0,-0.2,0.02,3.09,3.26,45.0,252.0,17.86,47.0,245.0,80.82,11.0,11.0,9.4,9.2,2572.0,9.8,2438.0,0.89,2.0,1,0,0,0,0,0,1,0,1,17100,9.746833742490752,1.0029824561403509,0,0
18096.0,9.803446198355902,St. Louis Blues,Carolina Hurricanes,16.0,29.0,82.0,43.0,33.0,6.0,92.0,0.561,234.0,248.0,5.0,2.0,-0.14,-0.01,2.85,3.02,45.0,250.0,18.0,46.0,215.0,78.6,11.0,7.0,7.4,8.6,2370.0,9.9,2636.0,0.906,4.0,0,3.0,29.4,82.0,52.0,23.0,7.0,111.0,0.677,277.0,211.0,2.0,5.0,0.73,-0.04,3.38,2.57,67.0,249.0,26.91,35.0,258.0,86.43,11.0,8.0,8.5,8.0,2733.0,10.1,2101.0,0.9,8.0,0,0,0,0,0,0,1,0,0,18400,9.820105943597078,0.9834782608695652,0,0
18988.0,9.851562479671209,Toronto Maple Leafs,New York Rangers,10.0,28.9,82.0,46.0,26.0,10.0,102.0,0.622,298.0,261.0,5.0,2.0,0.5,0.01,3.63,3.18,57.0,238.0,23.95,55.0,238.0,76.89,6.0,9.0,9.9,10.2,2671.0,11.2,2446.0,0.893,5.0,1,1.0,29.1,82.0,55.0,23.0,4.0,114.0,0.695,278.0,226.0,4.0,3.0,0.61,-0.03,3.39,2.76,65.0,246.0,26.42,36.0,232.0,84.48,8.0,6.0,9.4,10.4,2582.0,10.8,2418.0,0.907,6.0,0,0,0,0,0,0,1,0,0,18819,9.842622276764853,1.0089802858812902,1,1
16098.0,9.686450319653678,Anaheim Ducks,Los Angeles Kings,30.0,27.7,82.0,27.0,50.0,5.0,59.0,0.36,203.0,293.0,1.0,2.0,-1.09,0.02,2.48,3.57,43.0,235.0,18.3,91.0,330.0,72.42,12.0,5.0,13.5,10.9,2194.0,9.3,2666.0,0.89,1.0,0,12.0,29.5,82.0,44.0,27.0,11.0,99.0,0.604,254.0,210.0,2.0,5.0,0.45,-0.05,3.1,2.56,56.0,248.0,22.58,39.0,253.0,84.58,11.0,7.0,8.7,9.5,2616.0,9.7,2296.0,0.909,7.0,0,0,0,0,0,0,0,1,1,17174,9.75115189123243,0.9373471526726447,0,0
14125.0,9.555701556014641,San Jose Sharks,Colorado Avalanche,32.0,27.7,82.0,19.0,54.0,9.0,47.0,0.287,180.0,326.0,1.0,5.0,-1.78,0.05,2.2,3.98,42.0,208.0,20.19,62.0,252.0,75.4,3.0,8.0,9.5,8.2,2069.0,8.7,2881.0,0.887,2.0,0,8.0,28.8,82.0,50.0,25.0,7.0,107.0,0.652,302.0,252.0,2.0,2.0,0.57,-0.05,3.68,3.07,68.0,278.0,24.46,53.0,264.0,79.92,7.0,6.0,8.9,9.7,2705.0,11.2,2444.0,0.897,4.0,0,0,0,0,0,0,0,1,0,17435,9.766234959109752,0.8101519931172928,0,1
13760.0,9.529521111487334,Winnipeg Jets,Pittsburgh Penguins,4.0,29.4,82.0,52.0,24.0,6.0,110.0,0.671,259.0,198.0,0.0,1.0,0.69,-0.04,3.16,2.41,45.0,240.0,18.75,51.0,223.0,77.13,3.0,5.0,8.2,8.9,2488.0,10.4,2429.0,0.918,8.0,1,19.0,31.3,82.0,38.0,32.0,12.0,88.0,0.537,253.0,248.0,2.0,3.0,0.05,0.0,3.09,3.02,40.0,262.0,15.27,47.0,243.0,80.66,5.0,12.0,7.4,7.9,2685.0,9.4,2479.0,0.9,8.0,0,0,0,0,0,0,0,1,0,15225,9.630694092578098,0.903776683087028,0,1
18356.0,9.817711775514724,Toronto Maple Leafs,Tampa Bay Lightning,10.0,28.9,82.0,46.0,26.0,10.0,102.0,0.622,298.0,261.0,5.0,2.0,0.5,0.01,3.63,3.18,57.0,238.0,23.95,55.0,238.0,76.89,6.0,9.0,9.9,10.2,2671.0,11.2,2446.0,0.893,5.0,1,13.0,29.1,82.0,45.0,29.0,8.0,98.0,0.598,288.0,267.0,3.0,1.0,0.28,0.0,3.51,3.26,71.0,248.0,28.63,39.0,234.0,83.33,5.0,6.0,11.0,11.0,2401.0,12.0,2430.0,0.89,4.0,0,1,0,0,0,0,0,0,1,18819,9.842622276764853,0.9753972049524416,1,1
17174.0,9.75115189123243,Anaheim Ducks,San Jose Sharks,30.0,27.7,82.0,27.0,50.0,5.0,59.0,0.36,203.0,293.0,1.0,2.0,-1.09,0.02,2.48,3.57,43.0,235.0,18.3,91.0,330.0,72.42,12.0,5.0,13.5,10.9,2194.0,9.3,2666.0,0.89,1.0,0,32.0,27.7,82.0,19.0,54.0,9.0,47.0,0.287,180.0,326.0,1.0,5.0,-1.78,0.05,2.2,3.98,42.0,208.0,20.19,62.0,252.0,75.4,3.0,8.0,9.5,8.2,2069.0,8.7,2881.0,0.887,2.0,0,0,1,0,0,0,0,0,1,17174,9.75115189123243,1.0,0,0
14852.0,9.60588981529697,Columbus Blue Jackets,Toronto Maple Leafs,29.0,26.8,82.0,27.0,43.0,12.0,66.0,0.402,234.0,298.0,3.0,2.0,-0.72,0.05,2.85,3.63,32.0,212.0,15.09,56.0,236.0,76.27,5.0,6.0,8.2,7.6,2458.0,9.5,2822.0,0.894,1.0,0,10.0,28.9,82.0,46.0,26.0,10.0,102.0,0.622,298.0,261.0,5.0,2.0,0.5,0.01,3.63,3.18,57.0,238.0,23.95,55.0,238.0,76.89,6.0,9.0,9.9,10.2,2671.0,11.2,2446.0,0.893,5.0,1,0,1,0,0,0,0,0,0,20556,9.93090814811212,0.7225141078030746,0,1
17025.0,9.742438131017714,Calgary Flames,Pittsburgh Penguins,25.0,29.2,82.0,38.0,39.0,5.0,81.0,0.494,253.0,267.0,0.0,4.0,-0.2,0.02,3.09,3.26,45.0,252.0,17.86,47.0,245.0,80.82,11.0,11.0,9.4,9.2,2572.0,9.8,2438.0,0.89,2.0,1,19.0,31.3,82.0,38.0,32.0,12.0,88.0,0.537,253.0,248.0,2.0,3.0,0.05,0.0,3.09,3.02,40.0,262.0,15.27,47.0,243.0,80.66,5.0,12.0,7.4,7.9,2685.0,9.4,2479.0,0.9,8.0,0,0,1,0,0,0,0,0,0,19289,9.86729026422424,0.8826274042200217,0,1
17118.0,9.747885820441555,Chicago Blackhawks,Vancouver Canucks,31.0,27.4,82.0,23.0,53.0,6.0,52.0,0.317,178.0,289.0,1.0,1.0,-1.29,0.06,2.17,3.52,39.0,235.0,16.6,56.0,231.0,75.76,3.0,8.0,8.7,9.3,2153.0,8.3,2681.0,0.892,1.0,0,7.0,28.6,82.0,50.0,23.0,9.0,109.0,0.665,279.0,221.0,0.0,2.0,0.64,-0.04,3.4,2.7,58.0,257.0,22.57,53.0,254.0,79.13,7.0,7.0,9.6,9.7,2328.0,12.0,2343.0,0.906,7.0,1,0,1,0,0,0,0,0,0,20243,9.915564333761576,0.8456256483722768,0,1
18347.0,9.81722135237872,Edmonton Oilers,Carolina Hurricanes,9.0,29.4,82.0,49.0,27.0,6.0,104.0,0.634,292.0,236.0,2.0,1.0,0.65,-0.04,3.56,2.88,64.0,243.0,26.34,53.0,258.0,79.46,7.0,5.0,9.5,8.5,2768.0,10.5,2307.0,0.898,4.0,1,3.0,29.4,82.0,52.0,23.0,7.0,111.0,0.677,277.0,211.0,2.0,5.0,0.73,-0.04,3.38,2.57,67.0,249.0,26.91,35.0,258.0,86.43,11.0,8.0,8.5,8.0,2733.0,10.1,2101.0,0.9,8.0,0,0,1,0,0,0,0,0,0,18347,9.81722135237872,1.0,1,0
18264.0,9.812687188209631,Florida Panthers,Minnesota Wild,5.0,29.5,82.0,52.0,24.0,6.0,110.0,0.671,265.0,198.0,3.0,2.0,0.81,-0.02,3.23,2.41,63.0,268.0,23.51,51.0,291.0,82.47,8.0,9.0,13.6,13.5,2764.0,9.6,2279.0,0.913,8.0,0,20.0,29.3,82.0,39.0,34.0,9.0,87.0,0.53,248.0,260.0,3.0,3.0,-0.14,0.01,3.02,3.17,62.0,273.0,22.71,67.0,263.0,74.52,3.0,11.0,11.4,11.3,2471.0,10.0,2437.0,0.893,6.0,0,0,1,0,0,0,0,0,0,19109,9.857914707241372,0.9557799989533727,1,1
21105.0,9.9572652582166,Montreal Canadiens,New York Rangers,28.0,26.7,82.0,30.0,36.0,16.0,76.0,0.463,232.0,281.0,4.0,8.0,-0.59,0.05,2.83,3.43,44.0,252.0,17.46,65.0,277.0,76.53,7.0,12.0,10.2,10.0,2269.0,10.2,2738.0,0.897,2.0,1,1.0,29.1,82.0,55.0,23.0,4.0,114.0,0.695,278.0,226.0,4.0,3.0,0.61,-0.03,3.39,2.76,65.0,246.0,26.42,36.0,232.0,84.48,8.0,6.0,9.4,10.4,2582.0,10.8,2418.0,0.907,6.0,0,0,1,0,0,0,0,0,0,21105,9.9572652582166,1.0,0,1
15410.0,9.642771928314161,New Jersey Devils,Tampa Bay Lightning,23.0,26.8,82.0,38.0,39.0,5.0,81.0,0.494,264.0,281.0,0.0,2.0,-0.22,0.01,3.22,3.43,55.0,245.0,22.45,47.0,243.0,80.66,3.0,9.0,9.1,9.6,2516.0,10.5,2458.0,0.886,1.0,0,13.0,29.1,82.0,45.0,29.0,8.0,98.0,0.598,288.0,267.0,3.0,1.0,0.28,0.0,3.51,3.26,71.0,248.0,28.63,39.0,234.0,83.33,5.0,6.0,11.0,11.0,2401.0,12.0,2430.0,0.89,4.0,0,0,1,0,0,0,0,0,0,16535,9.713234625415893,0.9319625037798609,0,1
17184.0,9.751733997308591,Nashville Predators,Boston Bruins,11.0,29.5,82.0,47.0,30.0,5.0,99.0,0.604,266.0,248.0,3.0,0.0,0.23,-0.02,3.24,3.02,58.0,269.0,21.56,57.0,247.0,76.92,7.0,5.0,9.7,9.5,2642.0,10.1,2507.0,0.901,4.0,0,6.0,28.6,82.0,47.0,20.0,15.0,109.0,0.665,263.0,221.0,4.0,3.0,0.53,0.01,3.21,2.7,54.0,243.0,22.22,47.0,268.0,82.46,7.0,6.0,9.5,8.8,2399.0,11.0,2504.0,0.912,5.0,0,0,1,0,0,0,0,0,0,17113,9.747593687577451,1.0041488926547069,1,1
12739.0,9.452423433109788,New York Islanders,Detroit Red Wings,15.0,29.6,82.0,39.0,27.0,16.0,94.0,0.573,245.0,258.0,1.0,5.0,-0.18,0.03,2.99,3.15,47.0,231.0,20.35,63.0,221.0,71.49,10.0,3.0,7.1,7.4,2470.0,9.9,2686.0,0.904,5.0,0,18.0,29.3,82.0,41.0,32.0,9.0,91.0,0.555,275.0,273.0,3.0,1.0,0.06,0.02,3.35,3.33,63.0,273.0,23.08,49.0,240.0,79.58,7.0,10.0,8.7,9.9,2375.0,11.6,2657.0,0.897,4.0,0,0,1,0,0,0,0,0,0,17113,9.747593687577451,0.744404838426927,0,0
18132.0,9.80543361206074,Philadelphia Flyers,Washington Capitals,21.0,27.1,82.0,38.0,33.0,11.0,87.0,0.53,231.0,258.0,4.0,3.0,-0.29,0.03,2.82,3.15,31.0,254.0,12.2,40.0,241.0,83.4,16.0,4.0,10.1,9.7,2708.0,8.5,2225.0,0.884,5.0,0,17.0,30.0,82.0,40.0,31.0,11.0,91.0,0.555,216.0,252.0,4.0,5.0,-0.41,0.04,2.63,3.07,47.0,228.0,20.61,49.0,233.0,78.97,3.0,5.0,7.7,7.4,2172.0,9.9,2503.0,0.899,7.0,0,0,1,0,0,0,0,0,1,19537,9.880065382591635,0.928085171725444,0,0
17151.0,9.749811759932081,Seattle Kraken,Colorado Avalanche,24.0,29.4,82.0,34.0,35.0,13.0,81.0,0.494,214.0,232.0,3.0,4.0,-0.26,-0.03,2.61,2.83,50.0,242.0,20.66,47.0,222.0,78.83,6.0,9.0,8.0,8.1,2347.0,9.1,2391.0,0.903,5.0,0,8.0,28.8,82.0,50.0,25.0,7.0,107.0,0.652,302.0,252.0,2.0,2.0,0.57,-0.05,3.68,3.07,68.0,278.0,24.46,53.0,264.0,79.92,7.0,6.0,8.9,9.7,2705.0,11.2,2444.0,0.897,4.0,0,0,1,0,0,0,0,0,0,17100,9.746833742490752,1.0029824561403509,0,1
17335.0,9.760482858119124,St. Louis Blues,Winnipeg Jets,16.0,29.0,82.0,43.0,33.0,6.0,92.0,0.561,234.0,248.0,5.0,2.0,-0.14,-0.01,2.85,3.02,45.0,250.0,18.0,46.0,215.0,78.6,11.0,7.0,7.4,8.6,2370.0,9.9,2636.0,0.906,4.0,0,4.0,29.4,82.0,52.0,24.0,6.0,110.0,0.671,259.0,198.0,0.0,1.0,0.69,-0.04,3.16,2.41,45.0,240.0,18.75,51.0,223.0,77.13,3.0,5.0,8.2,8.9,2488.0,10.4,2429.0,0.918,8.0,1,0,1,0,0,0,0,0,1,18400,9.820105943597078,0.9421195652173913,0,0
17767.0,9.785098083035907,Vegas Golden Knights,Los Angeles Kings,14.0,29.0,82.0,45.0,29.0,8.0,98.0,0.598,263.0,243.0,4.0,2.0,0.22,-0.05,3.21,2.96,51.0,252.0,20.24,44.0,213.0,79.34,9.0,8.0,7.4,8.5,2548.0,10.3,2487.0,0.902,3.0,0,12.0,29.5,82.0,44.0,27.0,11.0,99.0,0.604,254.0,210.0,2.0,5.0,0.45,-0.05,3.1,2.56,56.0,248.0,22.58,39.0,253.0,84.58,11.0,7.0,8.7,9.5,2616.0,9.7,2296.0,0.909,7.0,0,0,1,0,0,0,0,0,1,17500,9.769956159911606,1.0152571428571429,0,0
17254.0,9.755799279636523,Washington Capitals,Philadelphia Flyers,17.0,30.0,82.0,40.0,31.0,11.0,91.0,0.555,216.0,252.0,4.0,5.0,-0.41,0.04,2.63,3.07,47.0,228.0,20.61,49.0,233.0,78.97,3.0,5.0,7.7,7.4,2172.0,9.9,2503.0,0.899,7.0,0,21.0,27.1,82.0,38.0,33.0,11.0,87.0,0.53,231.0,258.0,4.0,3.0,-0.29,0.03,2.82,3.15,31.0,254.0,12.2,40.0,241.0,83.4,16.0,4.0,10.1,9.7,2708.0,8.5,2225.0,0.884,5.0,0,0,0,1,0,0,0,0,1,18506,9.825850282808975,0.9323462660758672,0,0
17850.0,9.789758787207784,Boston Bruins,Dallas Stars,6.0,28.6,82.0,47.0,20.0,15.0,109.0,0.665,263.0,221.0,4.0,3.0,0.53,0.01,3.21,2.7,54.0,243.0,22.22,47.0,268.0,82.46,7.0,6.0,9.5,8.8,2399.0,11.0,2504.0,0.912,5.0,0,2.0,29.3,82.0,52.0,21.0,9.0,113.0,0.689,294.0,232.0,4.0,2.0,0.74,-0.04,3.59,2.83,58.0,240.0,24.17,43.0,239.0,82.01,12.0,4.0,6.8,7.5,2588.0,11.4,2350.0,0.901,4.0,0,0,0,0,1,0,0,0,0,17565,9.773663564699927,1.0162254483347566,1,0
16404.0,9.705280486511949,Calgary Flames,Carolina Hurricanes,25.0,29.2,82.0,38.0,39.0,5.0,81.0,0.494,253.0,267.0,0.0,4.0,-0.2,0.02,3.09,3.26,45.0,252.0,17.86,47.0,245.0,80.82,11.0,11.0,9.4,9.2,2572.0,9.8,2438.0,0.89,2.0,1,3.0,29.4,82.0,52.0,23.0,7.0,111.0,0.677,277.0,211.0,2.0,5.0,0.73,-0.04,3.38,2.57,67.0,249.0,26.91,35.0,258.0,86.43,11.0,8.0,8.5,8.0,2733.0,10.1,2101.0,0.9,8.0,0,0,0,0,1,0,0,0,0,19289,9.86729026422424,0.8504328892114676,0,0
19515.0,9.878938679614715,Detroit Red Wings,New Jersey Devils,18.0,29.3,82.0,41.0,32.0,9.0,91.0,0.555,275.0,273.0,3.0,1.0,0.06,0.02,3.35,3.33,63.0,273.0,23.08,49.0,240.0,79.58,7.0,10.0,8.7,9.9,2375.0,11.6,2657.0,0.897,4.0,0,23.0,26.8,82.0,38.0,39.0,5.0,81.0,0.494,264.0,281.0,0.0,2.0,-0.22,0.01,3.22,3.43,55.0,245.0,22.45,47.0,243.0,80.66,3.0,9.0,9.1,9.6,2516.0,10.5,2458.0,0.886,1.0,0,0,0,0,1,0,0,0,0,20000,9.903487552536127,0.97575,0,0
18146.0,9.806205429729575,Los Angeles Kings,San Jose Sharks,12.0,29.5,82.0,44.0,27.0,11.0,99.0,0.604,254.0,210.0,2.0,5.0,0.45,-0.05,3.1,2.56,56.0,248.0,22.58,39.0,253.0,84.58,11.0,7.0,8.7,9.5,2616.0,9.7,2296.0,0.909,7.0,0,32.0,27.7,82.0,19.0,54.0,9.0,47.0,0.287,180.0,326.0,1.0,5.0,-1.78,0.05,2.2,3.98,42.0,208.0,20.19,62.0,252.0,75.4,3.0,8.0,9.5,8.2,2069.0,8.7,2881.0,0.887,2.0,0,0,0,0,1,0,0,0,1,18118,9.804661198229233,1.0015454244397837,0,0
18006.0,9.798460314668421,New York Rangers,Florida Panthers,1.0,29.1,82.0,55.0,23.0,4.0,114.0,0.695,278.0,226.0,4.0,3.0,0.61,-0.03,3.39,2.76,65.0,246.0,26.42,36.0,232.0,84.48,8.0,6.0,9.4,10.4,2582.0,10.8,2418.0,0.907,6.0,0,5.0,29.5,82.0,52.0,24.0,6.0,110.0,0.671,265.0,198.0,3.0,2.0,0.81,-0.02,3.23,2.41,63.0,268.0,23.51,51.0,291.0,82.47,8.0,9.0,13.6,13.5,2764.0,9.6,2279.0,0.913,8.0,0,0,0,0,1,0,0,0,0,18006,9.798460314668421,1.0,1,1
17151.0,9.749811759932081,Seattle Kraken,Winnipeg Jets,24.0,29.4,82.0,34.0,35.0,13.0,81.0,0.494,214.0,232.0,3.0,4.0,-0.26,-0.03,2.61,2.83,50.0,242.0,20.66,47.0,222.0,78.83,6.0,9.0,8.0,8.1,2347.0,9.1,2391.0,0.903,5.0,0,4.0,29.4,82.0,52.0,24.0,6.0,110.0,0.671,259.0,198.0,0.0,1.0,0.69,-0.04,3.16,2.41,45.0,240.0,18.75,51.0,223.0,77.13,3.0,5.0,8.2,8.9,2488.0,10.4,2429.0,0.918,8.0,1,0,0,0,1,0,0,0,0,17100,9.746833742490752,1.0029824561403509,0,0
19092.0,9.857024678125788,Tampa Bay Lightning,Minnesota Wild,13.0,29.1,82.0,45.0,29.0,8.0,98.0,0.598,288.0,267.0,3.0,1.0,0.28,0.0,3.51,3.26,71.0,248.0,28.63,39.0,234.0,83.33,5.0,6.0,11.0,11.0,2401.0,12.0,2430.0,0.89,4.0,0,20.0,29.3,82.0,39.0,34.0,9.0,87.0,0.53,248.0,260.0,3.0,3.0,-0.14,0.01,3.02,3.17,62.0,273.0,22.71,67.0,263.0,74.52,3.0,11.0,11.4,11.3,2471.0,10.0,2437.0,0.893,6.0,0,0,0,0,1,0,0,0,0,19204,9.862873869650832,0.9941678816913143,1,1
18414.0,9.82086652384779,Toronto Maple Leafs,St. Louis Blues,10.0,28.9,82.0,46.0,26.0,10.0,102.0,0.622,298.0,261.0,5.0,2.0,0.5,0.01,3.63,3.18,57.0,238.0,23.95,55.0,238.0,76.89,6.0,9.0,9.9,10.2,2671.0,11.2,2446.0,0.893,5.0,1,16.0,29.0,82.0,43.0,33.0,6.0,92.0,0.561,234.0,248.0,5.0,2.0,-0.14,-0.01,2.85,3.02,45.0,250.0,18.0,46.0,215.0,78.6,11.0,7.0,7.4,8.6,2370.0,9.9,2636.0,0.906,4.0,0,0,0,0,1,0,0,0,0,18819,9.842622276764853,0.9784791965566715,1,0
17787.0,9.786223132375477,Chicago Blackhawks,Nashville Predators,31.0,27.4,82.0,23.0,53.0,6.0,52.0,0.317,178.0,289.0,1.0,1.0,-1.29,0.06,2.17,3.52,39.0,235.0,16.6,56.0,231.0,75.76,3.0,8.0,8.7,9.3,2153.0,8.3,2681.0,0.892,1.0,0,11.0,29.5,82.0,47.0,30.0,5.0,99.0,0.604,266.0,248.0,3.0,0.0,0.23,-0.02,3.24,3.02,58.0,269.0,21.56,57.0,247.0,76.92,7.0,5.0,9.7,9.5,2642.0,10.1,2507.0,0.901,4.0,0,0,0,0,0,1,0,0,1,20243,9.915564333761576,0.8786741095687398,0,1
18347.0,9.81722135237872,Edmonton Oilers,Pittsburgh Penguins,9.0,29.4,82.0,49.0,27.0,6.0,104.0,0.634,292.0,236.0,2.0,1.0,0.65,-0.04,3.56,2.88,64.0,243.0,26.34,53.0,258.0,79.46,7.0,5.0,9.5,8.5,2768.0,10.5,2307.0,0.898,4.0,1,19.0,31.3,82.0,38.0,32.0,12.0,88.0,0.537,253.0,248.0,2.0,3.0,0.05,0.0,3.09,3.02,40.0,262.0,15.27,47.0,243.0,80.66,5.0,12.0,7.4,7.9,2685.0,9.4,2479.0,0.9,8.0,0,0,0,0,0,1,0,0,0,18347,9.81722135237872,1.0,1,1
14870.0,9.6071010394542,New Jersey Devils,New York Islanders,23.0,26.8,82.0,38.0,39.0,5.0,81.0,0.494,264.0,281.0,0.0,2.0,-0.22,0.01,3.22,3.43,55.0,245.0,22.45,47.0,243.0,80.66,3.0,9.0,9.1,9.6,2516.0,10.5,2458.0,0.886,1.0,0,15.0,29.6,82.0,39.0,27.0,16.0,94.0,0.573,245.0,258.0,1.0,5.0,-0.18,0.03,2.99,3.15,47.0,231.0,20.35,63.0,221.0,71.49,10.0,3.0,7.1,7.4,2470.0,9.9,2686.0,0.904,5.0,0,0,0,0,0,1,0,0,1,16535,9.713234625415893,0.8993045055941942,0,0
17564.0,9.773606631681607,Vegas Golden Knights,Ottawa Senators,14.0,29.0,82.0,45.0,29.0,8.0,98.0,0.598,263.0,243.0,4.0,2.0,0.22,-0.05,3.21,2.96,51.0,252.0,20.24,44.0,213.0,79.34,9.0,8.0,7.4,8.5,2548.0,10.3,2487.0,0.902,3.0,0,26.0,27.0,82.0,37.0,41.0,4.0,78.0,0.476,250.0,281.0,5.0,0.0,-0.28,0.04,3.05,3.43,51.0,283.0,18.02,61.0,245.0,75.1,7.0,6.0,10.4,11.1,2602.0,9.6,2432.0,0.884,2.0,1,0,0,0,0,1,0,0,0,17500,9.769956159911606,1.0036571428571428,0,0
17850.0,9.789758787207784,Boston Bruins,Toronto Maple Leafs,6.0,28.6,82.0,47.0,20.0,15.0,109.0,0.665,263.0,221.0,4.0,3.0,0.53,0.01,3.21,2.7,54.0,243.0,22.22,47.0,268.0,82.46,7.0,6.0,9.5,8.8,2399.0,11.0,2504.0,0.912,5.0,0,10.0,28.9,82.0,46.0,26.0,10.0,102.0,0.622,298.0,261.0,5.0,2.0,0.5,0.01,3.63,3.18,57.0,238.0,23.95,55.0,238.0,76.89,6.0,9.0,9.9,10.2,2671.0,11.2,2446.0,0.893,5.0,1,0,0,0,0,0,1,0,1,17565,9.773663564699927,1.0162254483347566,1,1
15017.0,9.61693817168028,Buffalo Sabres,Detroit Red Wings,22.0,25.7,82.0,39.0,37.0,6.0,84.0,0.512,244.0,243.0,2.0,1.0,0.03,0.01,2.98,2.96,37.0,223.0,16.59,49.0,243.0,79.84,7.0,10.0,9.8,9.2,2534.0,9.6,2402.0,0.899,5.0,0,18.0,29.3,82.0,41.0,32.0,9.0,91.0,0.555,275.0,273.0,3.0,1.0,0.06,0.02,3.35,3.33,63.0,273.0,23.08,49.0,240.0,79.58,7.0,10.0,8.7,9.9,2375.0,11.6,2657.0,0.897,4.0,0,0,0,0,0,0,1,0,1,19029,9.853719410302007,0.789163907719796,0,0
16886.0,9.734240155229445,Calgary Flames,Winnipeg Jets,25.0,29.2,82.0,38.0,39.0,5.0,81.0,0.494,253.0,267.0,0.0,4.0,-0.2,0.02,3.09,3.26,45.0,252.0,17.86,47.0,245.0,80.82,11.0,11.0,9.4,9.2,2572.0,9.8,2438.0,0.89,2.0,1,4.0,29.4,82.0,52.0,24.0,6.0,110.0,0.671,259.0,198.0,0.0,1.0,0.69,-0.04,3.16,2.41,45.0,240.0,18.75,51.0,223.0,77.13,3.0,5.0,8.2,8.9,2488.0,10.4,2429.0,0.918,8.0,1,0,0,0,0,0,1,0,0,19289,9.86729026422424,0.8754212245321168,0,0
18532.0,9.827254246536539,Dallas Stars,Chicago Blackhawks,2.0,29.3,82.0,52.0,21.0,9.0,113.0,0.689,294.0,232.0,4.0,2.0,0.74,-0.04,3.59,2.83,58.0,240.0,24.17,43.0,239.0,82.01,12.0,4.0,6.8,7.5,2588.0,11.4,2350.0,0.901,4.0,0,31.0,27.4,82.0,23.0,53.0,6.0,52.0,0.317,178.0,289.0,1.0,1.0,-1.29,0.06,2.17,3.52,39.0,235.0,16.6,56.0,231.0,75.76,3.0,8.0,8.7,9.3,2153.0,8.3,2681.0,0.892,1.0,0,0,0,0,0,0,1,0,1,18408,9.820540631715202,1.0067362016514558,0,0
21105.0,9.9572652582166,Montreal Canadiens,St. Louis Blues,28.0,26.7,82.0,30.0,36.0,16.0,76.0,0.463,232.0,281.0,4.0,8.0,-0.59,0.05,2.83,3.43,44.0,252.0,17.46,65.0,277.0,76.53,7.0,12.0,10.2,10.0,2269.0,10.2,2738.0,0.897,2.0,1,16.0,29.0,82.0,43.0,33.0,6.0,92.0,0.561,234.0,248.0,5.0,2.0,-0.14,-0.01,2.85,3.02,45.0,250.0,18.0,46.0,215.0,78.6,11.0,7.0,7.4,8.6,2370.0,9.9,2636.0,0.906,4.0,0,0,0,0,0,0,1,0,0,21105,9.9572652582166,1.0,0,0
17159.0,9.750278096285621,Nashville Predators,Columbus Blue Jackets,11.0,29.5,82.0,47.0,30.0,5.0,99.0,0.604,266.0,248.0,3.0,0.0,0.23,-0.02,3.24,3.02,58.0,269.0,21.56,57.0,247.0,76.92,7.0,5.0,9.7,9.5,2642.0,10.1,2507.0,0.901,4.0,0,29.0,26.8,82.0,27.0,43.0,12.0,66.0,0.402,234.0,298.0,3.0,2.0,-0.72,0.05,2.85,3.63,32.0,212.0,15.09,56.0,236.0,76.27,5.0,6.0,8.2,7.6,2458.0,9.5,2822.0,0.894,1.0,0,0,0,0,0,0,1,0,0,17113,9.747593687577451,1.0026880149593875,1,0
15807.0,9.668208158877395,New York Islanders,Florida Panthers,15.0,29.6,82.0,39.0,27.0,16.0,94.0,0.573,245.0,258.0,1.0,5.0,-0.18,0.03,2.99,3.15,47.0,231.0,20.35,63.0,221.0,71.49,10.0,3.0,7.1,7.4,2470.0,9.9,2686.0,0.904,5.0,0,5.0,29.5,82.0,52.0,24.0,6.0,110.0,0.671,265.0,198.0,3.0,2.0,0.81,-0.02,3.23,2.41,63.0,268.0,23.51,51.0,291.0,82.47,8.0,9.0,13.6,13.5,2764.0,9.6,2279.0,0.913,8.0,0,0,0,0,0,0,1,0,0,17113,9.747593687577451,0.9236837491965173,0,1
18006.0,9.798460314668421,New York Rangers,Anaheim Ducks,1.0,29.1,82.0,55.0,23.0,4.0,114.0,0.695,278.0,226.0,4.0,3.0,0.61,-0.03,3.39,2.76,65.0,246.0,26.42,36.0,232.0,84.48,8.0,6.0,9.4,10.4,2582.0,10.8,2418.0,0.907,6.0,0,30.0,27.7,82.0,27.0,50.0,5.0,59.0,0.36,203.0,293.0,1.0,2.0,-1.09,0.02,2.48,3.57,43.0,235.0,18.3,91.0,330.0,72.42,12.0,5.0,13.5,10.9,2194.0,9.3,2666.0,0.89,1.0,0,0,0,0,0,0,1,0,0,18006,9.798460314668421,1.0,1,0
18238.0,9.81126260849361,Philadelphia Flyers,Minnesota Wild,21.0,27.1,82.0,38.0,33.0,11.0,87.0,0.53,231.0,258.0,4.0,3.0,-0.29,0.03,2.82,3.15,31.0,254.0,12.2,40.0,241.0,83.4,16.0,4.0,10.1,9.7,2708.0,8.5,2225.0,0.884,5.0,0,20.0,29.3,82.0,39.0,34.0,9.0,87.0,0.53,248.0,260.0,3.0,3.0,-0.14,0.01,3.02,3.17,62.0,273.0,22.71,67.0,263.0,74.52,3.0,11.0,11.4,11.3,2471.0,10.0,2437.0,0.893,6.0,0,0,0,0,0,0,1,0,0,19537,9.880065382591635,0.9335107744280084,0,1
17151.0,9.749811759932081,Seattle Kraken,Carolina Hurricanes,24.0,29.4,82.0,34.0,35.0,13.0,81.0,0.494,214.0,232.0,3.0,4.0,-0.26,-0.03,2.61,2.83,50.0,242.0,20.66,47.0,222.0,78.83,6.0,9.0,8.0,8.1,2347.0,9.1,2391.0,0.903,5.0,0,3.0,29.4,82.0,52.0,23.0,7.0,111.0,0.677,277.0,211.0,2.0,5.0,0.73,-0.04,3.38,2.57,67.0,249.0,26.91,35.0,258.0,86.43,11.0,8.0,8.5,8.0,2733.0,10.1,2101.0,0.9,8.0,0,0,0,0,0,0,1,0,0,17100,9.746833742490752,1.0029824561403509,0,0
19092.0,9.857024678125788,Tampa Bay Lightning,Washington Capitals,13.0,29.1,82.0,45.0,29.0,8.0,98.0,0.598,288.0,267.0,3.0,1.0,0.28,0.0,3.51,3.26,71.0,248.0,28.63,39.0,234.0,83.33,5.0,6.0,11.0,11.0,2401.0,12.0,2430.0,0.89,4.0,0,17.0,30.0,82.0,40.0,31.0,11.0,91.0,0.555,216.0,252.0,4.0,5.0,-0.41,0.04,2.63,3.07,47.0,228.0,20.61,49.0,233.0,78.97,3.0,5.0,7.7,7.4,2172.0,9.9,2503.0,0.899,7.0,0,0,0,0,0,0,1,0,0,19204,9.862873869650832,0.9941678816913143,1,0
18748.0,9.838842359042596,Vancouver Canucks,Pittsburgh Penguins,7.0,28.6,82.0,50.0,23.0,9.0,109.0,0.665,279.0,221.0,0.0,2.0,0.64,-0.04,3.4,2.7,58.0,257.0,22.57,53.0,254.0,79.13,7.0,7.0,9.6,9.7,2328.0,12.0,2343.0,0.906,7.0,1,19.0,31.3,82.0,38.0,32.0,12.0,88.0,0.537,253.0,248.0,2.0,3.0,0.05,0.0,3.09,3.02,40.0,262.0,15.27,47.0,243.0,80.66,5.0,12.0,7.4,7.9,2685.0,9.4,2479.0,0.9,8.0,0,0,0,0,0,0,1,0,0,18910,9.847446161652503,0.9914331041776837,1,1
17686.0,9.78052864513568,Vegas Golden Knights,San Jose Sharks,14.0,29.0,82.0,45.0,29.0,8.0,98.0,0.598,263.0,243.0,4.0,2.0,0.22,-0.05,3.21,2.96,51.0,252.0,20.24,44.0,213.0,79.34,9.0,8.0,7.4,8.5,2548.0,10.3,2487.0,0.902,3.0,0,32.0,27.7,82.0,19.0,54.0,9.0,47.0,0.287,180.0,326.0,1.0,5.0,-1.78,0.05,2.2,3.98,42.0,208.0,20.19,62.0,252.0,75.4,3.0,8.0,9.5,8.2,2069.0,8.7,2881.0,0.887,2.0,0,0,0,0,0,0,1,0,1,17500,9.769956159911606,1.0106285714285714,0,0
18020.0,9.799237531162328,Colorado Avalanche,Ottawa Senators,8.0,28.8,82.0,50.0,25.0,7.0,107.0,0.652,302.0,252.0,2.0,2.0,0.57,-0.05,3.68,3.07,68.0,278.0,24.46,53.0,264.0,79.92,7.0,6.0,8.9,9.7,2705.0,11.2,2444.0,0.897,4.0,0,26.0,27.0,82.0,37.0,41.0,4.0,78.0,0.476,250.0,281.0,5.0,0.0,-0.28,0.04,3.05,3.43,51.0,283.0,18.02,61.0,245.0,75.1,7.0,6.0,10.4,11.1,2602.0,9.6,2432.0,0.884,2.0,1,0,0,0,0,0,0,1,0,18007,9.798515850169505,1.0007219414672073,1,0
19515.0,9.878938679614715,Detroit Red Wings,Edmonton Oilers,18.0,29.3,82.0,41.0,32.0,9.0,91.0,0.555,275.0,273.0,3.0,1.0,0.06,0.02,3.35,3.33,63.0,273.0,23.08,49.0,240.0,79.58,7.0,10.0,8.7,9.9,2375.0,11.6,2657.0,0.897,4.0,0,9.0,29.4,82.0,49.0,27.0,6.0,104.0,0.634,292.0,236.0,2.0,1.0,0.65,-0.04,3.56,2.88,64.0,243.0,26.34,53.0,258.0,79.46,7.0,5.0,9.5,8.5,2768.0,10.5,2307.0,0.898,4.0,1,0,0,0,0,0,0,1,0,20000,9.903487552536127,0.97575,0,1
14344.0,9.571087015284968,New Jersey Devils,Anaheim Ducks,23.0,26.8,82.0,38.0,39.0,5.0,81.0,0.494,264.0,281.0,0.0,2.0,-0.22,0.01,3.22,3.43,55.0,245.0,22.45,47.0,243.0,80.66,3.0,9.0,9.1,9.6,2516.0,10.5,2458.0,0.886,1.0,0,30.0,27.7,82.0,27.0,50.0,5.0,59.0,0.36,203.0,293.0,1.0,2.0,-1.09,0.02,2.48,3.57,43.0,235.0,18.3,91.0,330.0,72.42,12.0,5.0,13.5,10.9,2194.0,9.3,2666.0,0.89,1.0,0,0,0,0,0,0,0,1,0,16535,9.713234625415893,0.867493196250378,0,0
17440.0,9.76652169746297,Philadelphia Flyers,Montreal Canadiens,21.0,27.1,82.0,38.0,33.0,11.0,87.0,0.53,231.0,258.0,4.0,3.0,-0.29,0.03,2.82,3.15,31.0,254.0,12.2,40.0,241.0,83.4,16.0,4.0,10.1,9.7,2708.0,8.5,2225.0,0.884,5.0,0,28.0,26.7,82.0,30.0,36.0,16.0,76.0,0.463,232.0,281.0,4.0,8.0,-0.59,0.05,2.83,3.43,44.0,252.0,17.46,65.0,277.0,76.53,7.0,12.0,10.2,10.0,2269.0,10.2,2738.0,0.897,2.0,1,0,0,0,0,0,0,1,0,19537,9.880065382591635,0.8926651993653069,0,0
15237.0,9.631481959469355,Columbus Blue Jackets,Edmonton Oilers,29.0,26.8,82.0,27.0,43.0,12.0,66.0,0.402,234.0,298.0,3.0,2.0,-0.72,0.05,2.85,3.63,32.0,212.0,15.09,56.0,236.0,76.27,5.0,6.0,8.2,7.6,2458.0,9.5,2822.0,0.894,1.0,0,9.0,29.4,82.0,49.0,27.0,6.0,104.0,0.634,292.0,236.0,2.0,1.0,0.65,-0.04,3.56,2.88,64.0,243.0,26.34,53.0,258.0,79.46,7.0,5.0,9.5,8.5,2768.0,10.5,2307.0,0.898,4.0,1,1,0,0,0,0,0,0,0,20556,9.93090814811212,0.7412434325744308,0,1
18010.0,9.798682438170001,Colorado Avalanche,Chicago Blackhawks,8.0,28.8,82.0,50.0,25.0,7.0,107.0,0.652,302.0,252.0,2.0,2.0,0.57,-0.05,3.68,3.07,68.0,278.0,24.46,53.0,264.0,79.92,7.0,6.0,8.9,9.7,2705.0,11.2,2444.0,0.897,4.0,0,31.0,27.4,82.0,23.0,53.0,6.0,52.0,0.317,178.0,289.0,1.0,1.0,-1.29,0.06,2.17,3.52,39.0,235.0,16.6,56.0,231.0,75.76,3.0,8.0,8.7,9.3,2153.0,8.3,2681.0,0.892,1.0,0,1,0,0,0,0,0,0,1,18007,9.798515850169505,1.0001666018770479,1,0
19092.0,9.857024678125788,Tampa Bay Lightning,Nashville Predators,13.0,29.1,82.0,45.0,29.0,8.0,98.0,0.598,288.0,267.0,3.0,1.0,0.28,0.0,3.51,3.26,71.0,248.0,28.63,39.0,234.0,83.33,5.0,6.0,11.0,11.0,2401.0,12.0,2430.0,0.89,4.0,0,11.0,29.5,82.0,47.0,30.0,5.0,99.0,0.604,266.0,248.0,3.0,0.0,0.23,-0.02,3.24,3.02,58.0,269.0,21.56,57.0,247.0,76.92,7.0,5.0,9.7,9.5,2642.0,10.1,2507.0,0.901,4.0,0,1,0,0,0,0,0,0,0,19204,9.862873869650832,0.9941678816913143,1,1
18682.0,9.835315772432795,Vancouver Canucks,Carolina Hurricanes,7.0,28.6,82.0,50.0,23.0,9.0,109.0,0.665,279.0,221.0,0.0,2.0,0.64,-0.04,3.4,2.7,58.0,257.0,22.57,53.0,254.0,79.13,7.0,7.0,9.6,9.7,2328.0,12.0,2343.0,0.906,7.0,1,3.0,29.4,82.0,52.0,23.0,7.0,111.0,0.677,277.0,211.0,2.0,5.0,0.73,-0.04,3.38,2.57,67.0,249.0,26.91,35.0,258.0,86.43,11.0,8.0,8.5,8.0,2733.0,10.1,2101.0,0.9,8.0,0,1,0,0,0,0,0,0,0,18910,9.847446161652503,0.9879428873611845,1,0
17599.0,9.775597361230211,Vegas Golden Knights,Calgary Flames,14.0,29.0,82.0,45.0,29.0,8.0,98.0,0.598,263.0,243.0,4.0,2.0,0.22,-0.05,3.21,2.96,51.0,252.0,20.24,44.0,213.0,79.34,9.0,8.0,7.4,8.5,2548.0,10.3,2487.0,0.902,3.0,0,25.0,29.2,82.0,38.0,39.0,5.0,81.0,0.494,253.0,267.0,0.0,4.0,-0.2,0.02,3.09,3.26,45.0,252.0,17.86,47.0,245.0,80.82,11.0,11.0,9.4,9.2,2572.0,9.8,2438.0,0.89,2.0,1,1,0,0,0,0,0,0,1,17500,9.769956159911606,1.0056571428571428,0,0
15225.0,9.630694092578098,Winnipeg Jets,Toronto Maple Leafs,4.0,29.4,82.0,52.0,24.0,6.0,110.0,0.671,259.0,198.0,0.0,1.0,0.69,-0.04,3.16,2.41,45.0,240.0,18.75,51.0,223.0,77.13,3.0,5.0,8.2,8.9,2488.0,10.4,2429.0,0.918,8.0,1,10.0,28.9,82.0,46.0,26.0,10.0,102.0,0.622,298.0,261.0,5.0,2.0,0.5,0.01,3.63,3.18,57.0,238.0,23.95,55.0,238.0,76.89,6.0,9.0,9.9,10.2,2671.0,11.2,2446.0,0.893,5.0,1,1,0,0,0,0,0,0,0,15225,9.630694092578098,1.0,0,1
17850.0,9.789758787207784,Boston Bruins,Philadelphia Flyers,6.0,28.6,82.0,47.0,20.0,15.0,109.0,0.665,263.0,221.0,4.0,3.0,0.53,0.01,3.21,2.7,54.0,243.0,22.22,47.0,268.0,82.46,7.0,6.0,9.5,8.8,2399.0,11.0,2504.0,0.912,5.0,0,21.0,27.1,82.0,38.0,33.0,11.0,87.0,0.53,231.0,258.0,4.0,3.0,-0.29,0.03,2.82,3.15,31.0,254.0,12.2,40.0,241.0,83.4,16.0,4.0,10.1,9.7,2708.0,8.5,2225.0,0.884,5.0,0,0,1,0,0,0,0,0,0,17565,9.773663564699927,1.0162254483347566,1,0
21105.0,9.9572652582166,Montreal Canadiens,Seattle Kraken,28.0,26.7,82.0,30.0,36.0,16.0,76.0,0.463,232.0,281.0,4.0,8.0,-0.59,0.05,2.83,3.43,44.0,252.0,17.46,65.0,277.0,76.53,7.0,12.0,10.2,10.0,2269.0,10.2,2738.0,0.897,2.0,1,24.0,29.4,82.0,34.0,35.0,13.0,81.0,0.494,214.0,232.0,3.0,4.0,-0.26,-0.03,2.61,2.83,50.0,242.0,20.66,47.0,222.0,78.83,6.0,9.0,8.0,8.1,2347.0,9.1,2391.0,0.903,5.0,0,0,1,0,0,0,0,0,0,21105,9.9572652582166,1.0,0,0
14234.0,9.563388747859216,New York Islanders,Anaheim Ducks,15.0,29.6,82.0,39.0,27.0,16.0,94.0,0.573,245.0,258.0,1.0,5.0,-0.18,0.03,2.99,3.15,47.0,231.0,20.35,63.0,221.0,71.49,10.0,3.0,7.1,7.4,2470.0,9.9,2686.0,0.904,5.0,0,30.0,27.7,82.0,27.0,50.0,5.0,59.0,0.36,203.0,293.0,1.0,2.0,-1.09,0.02,2.48,3.57,43.0,235.0,18.3,91.0,330.0,72.42,12.0,5.0,13.5,10.9,2194.0,9.3,2666.0,0.89,1.0,0,0,1,0,0,0,0,0,0,17113,9.747593687577451,0.8317653246070239,0,0
15784.0,9.66675204770245,Ottawa Senators,St. Louis Blues,26.0,27.0,82.0,37.0,41.0,4.0,78.0,0.476,250.0,281.0,5.0,0.0,-0.28,0.04,3.05,3.43,51.0,283.0,18.02,61.0,245.0,75.1,7.0,6.0,10.4,11.1,2602.0,9.6,2432.0,0.884,2.0,1,16.0,29.0,82.0,43.0,33.0,6.0,92.0,0.561,234.0,248.0,5.0,2.0,-0.14,-0.01,2.85,3.02,45.0,250.0,18.0,46.0,215.0,78.6,11.0,7.0,7.4,8.6,2370.0,9.9,2636.0,0.906,4.0,0,0,1,0,0,0,0,0,0,18652,9.833708657928211,0.8462363285438559,0,0
18195.0,9.80890211004626,Pittsburgh Penguins,Minnesota Wild,19.0,31.3,82.0,38.0,32.0,12.0,88.0,0.537,253.0,248.0,2.0,3.0,0.05,0.0,3.09,3.02,40.0,262.0,15.27,47.0,243.0,80.66,5.0,12.0,7.4,7.9,2685.0,9.4,2479.0,0.9,8.0,0,20.0,29.3,82.0,39.0,34.0,9.0,87.0,0.53,248.0,260.0,3.0,3.0,-0.14,0.01,3.02,3.17,62.0,273.0,22.71,67.0,263.0,74.52,3.0,11.0,11.4,11.3,2471.0,10.0,2437.0,0.893,6.0,0,0,1,0,0,0,0,0,0,18387,9.819399172153842,0.9895578397781041,1,1
17390.0,9.763650607348328,Washington Capitals,New York Rangers,17.0,30.0,82.0,40.0,31.0,11.0,91.0,0.555,216.0,252.0,4.0,5.0,-0.41,0.04,2.63,3.07,47.0,228.0,20.61,49.0,233.0,78.97,3.0,5.0,7.7,7.4,2172.0,9.9,2503.0,0.899,7.0,0,1.0,29.1,82.0,55.0,23.0,4.0,114.0,0.695,278.0,226.0,4.0,3.0,0.61,-0.03,3.39,2.76,65.0,246.0,26.42,36.0,232.0,84.48,8.0,6.0,9.4,10.4,2582.0,10.8,2418.0,0.907,6.0,0,0,1,0,0,0,0,0,1,18506,9.825850282808975,0.9396952339781692,0,1
18019.0,9.799182035726814,Colorado Avalanche,Tampa Bay Lightning,8.0,28.8,82.0,50.0,25.0,7.0,107.0,0.652,302.0,252.0,2.0,2.0,0.57,-0.05,3.68,3.07,68.0,278.0,24.46,53.0,264.0,79.92,7.0,6.0,8.9,9.7,2705.0,11.2,2444.0,0.897,4.0,0,13.0,29.1,82.0,45.0,29.0,8.0,98.0,0.598,288.0,267.0,3.0,1.0,0.28,0.0,3.51,3.26,71.0,248.0,28.63,39.0,234.0,83.33,5.0,6.0,11.0,11.0,2401.0,12.0,2430.0,0.89,4.0,0,0,0,1,0,0,0,0,0,18007,9.798515850169505,1.0006664075081912,1,1
18780.0,9.840547752762253,Detroit Red Wings,Winnipeg Jets,18.0,29.3,82.0,41.0,32.0,9.0,91.0,0.555,275.0,273.0,3.0,1.0,0.06,0.02,3.35,3.33,63.0,273.0,23.08,49.0,240.0,79.58,7.0,10.0,8.7,9.9,2375.0,11.6,2657.0,0.897,4.0,0,4.0,29.4,82.0,52.0,24.0,6.0,110.0,0.671,259.0,198.0,0.0,1.0,0.69,-0.04,3.16,2.41,45.0,240.0,18.75,51.0,223.0,77.13,3.0,5.0,8.2,8.9,2488.0,10.4,2429.0,0.918,8.0,1,0,0,1,0,0,0,0,0,20000,9.903487552536127,0.939,0,0
15007.0,9.616272037895989,Los Angeles Kings,Vegas Golden Knights,12.0,29.5,82.0,44.0,27.0,11.0,99.0,0.604,254.0,210.0,2.0,5.0,0.45,-0.05,3.1,2.56,56.0,248.0,22.58,39.0,253.0,84.58,11.0,7.0,8.7,9.5,2616.0,9.7,2296.0,0.909,7.0,0,14.0,29.0,82.0,45.0,29.0,8.0,98.0,0.598,263.0,243.0,4.0,2.0,0.22,-0.05,3.21,2.96,51.0,252.0,20.24,44.0,213.0,79.34,9.0,8.0,7.4,8.5,2548.0,10.3,2487.0,0.902,3.0,0,0,0,1,0,0,0,0,1,18118,9.804661198229233,0.828292305994039,0,0
18717.0,9.837187480778896,Vancouver Canucks,New Jersey Devils,7.0,28.6,82.0,50.0,23.0,9.0,109.0,0.665,279.0,221.0,0.0,2.0,0.64,-0.04,3.4,2.7,58.0,257.0,22.57,53.0,254.0,79.13,7.0,7.0,9.6,9.7,2328.0,12.0,2343.0,0.906,7.0,1,23.0,26.8,82.0,38.0,39.0,5.0,81.0,0.494,264.0,281.0,0.0,2.0,-0.22,0.01,3.22,3.43,55.0,245.0,22.45,47.0,243.0,80.66,3.0,9.0,9.1,9.6,2516.0,10.5,2458.0,0.886,1.0,0,0,0,1,0,0,0,0,0,18910,9.847446161652503,0.9897937599153886,1,0
18700.0,9.836278802842678,Carolina Hurricanes,Boston Bruins,3.0,29.4,82.0,52.0,23.0,7.0,111.0,0.677,277.0,211.0,2.0,5.0,0.73,-0.04,3.38,2.57,67.0,249.0,26.91,35.0,258.0,86.43,11.0,8.0,8.5,8.0,2733.0,10.1,2101.0,0.9,8.0,0,6.0,28.6,82.0,47.0,20.0,15.0,109.0,0.665,263.0,221.0,4.0,3.0,0.53,0.01,3.21,2.7,54.0,243.0,22.22,47.0,268.0,82.46,7.0,6.0,9.5,8.8,2399.0,11.0,2504.0,0.912,5.0,0,0,0,0,1,0,0,0,0,18680,9.835208711782833,1.0010706638115632,0,1
17159.0,9.750278096285621,Nashville Predators,Edmonton Oilers,11.0,29.5,82.0,47.0,30.0,5.0,99.0,0.604,266.0,248.0,3.0,0.0,0.23,-0.02,3.24,3.02,58.0,269.0,21.56,57.0,247.0,76.92,7.0,5.0,9.7,9.5,2642.0,10.1,2507.0,0.901,4.0,0,9.0,29.4,82.0,49.0,27.0,6.0,104.0,0.634,292.0,236.0,2.0,1.0,0.65,-0.04,3.56,2.88,64.0,243.0,26.34,53.0,258.0,79.46,7.0,5.0,9.5,8.5,2768.0,10.5,2307.0,0.898,4.0,1,0,0,0,1,0,0,0,0,17113,9.747593687577451,1.0026880149593875,1,1
14122.0,9.555489144076292,Philadelphia Flyers,St. Louis Blues,21.0,27.1,82.0,38.0,33.0,11.0,87.0,0.53,231.0,258.0,4.0,3.0,-0.29,0.03,2.82,3.15,31.0,254.0,12.2,40.0,241.0,83.4,16.0,4.0,10.1,9.7,2708.0,8.5,2225.0,0.884,5.0,0,16.0,29.0,82.0,43.0,33.0,6.0,92.0,0.561,234.0,248.0,5.0,2.0,-0.14,-0.01,2.85,3.02,45.0,250.0,18.0,46.0,215.0,78.6,11.0,7.0,7.4,8.6,2370.0,9.9,2636.0,0.906,4.0,0,0,0,0,1,0,0,0,0,19537,9.880065382591635,0.722833597788811,0,0
14945.0,9.612132074718039,Pittsburgh Penguins,Anaheim Ducks,19.0,31.3,82.0,38.0,32.0,12.0,88.0,0.537,253.0,248.0,2.0,3.0,0.05,0.0,3.09,3.02,40.0,262.0,15.27,47.0,243.0,80.66,5.0,12.0,7.4,7.9,2685.0,9.4,2479.0,0.9,8.0,0,30.0,27.7,82.0,27.0,50.0,5.0,59.0,0.36,203.0,293.0,1.0,2.0,-1.09,0.02,2.48,3.57,43.0,235.0,18.3,91.0,330.0,72.42,12.0,5.0,13.5,10.9,2194.0,9.3,2666.0,0.89,1.0,0,0,0,0,1,0,0,0,0,18387,9.819399172153842,0.8128025235220536,1,0
18181.0,9.808132371719273,Toronto Maple Leafs,Seattle Kraken,10.0,28.9,82.0,46.0,26.0,10.0,102.0,0.622,298.0,261.0,5.0,2.0,0.5,0.01,3.63,3.18,57.0,238.0,23.95,55.0,238.0,76.89,6.0,9.0,9.9,10.2,2671.0,11.2,2446.0,0.893,5.0,1,24.0,29.4,82.0,34.0,35.0,13.0,81.0,0.494,214.0,232.0,3.0,4.0,-0.26,-0.03,2.61,2.83,50.0,242.0,20.66,47.0,222.0,78.83,6.0,9.0,8.0,8.1,2347.0,9.1,2391.0,0.903,5.0,0,0,0,0,1,0,0,0,0,18819,9.842622276764853,0.9660980923534725,1,0
15789.0,9.667068774021889,Washington Capitals,Montreal Canadiens,17.0,30.0,82.0,40.0,31.0,11.0,91.0,0.555,216.0,252.0,4.0,5.0,-0.41,0.04,2.63,3.07,47.0,228.0,20.61,49.0,233.0,78.97,3.0,5.0,7.7,7.4,2172.0,9.9,2503.0,0.899,7.0,0,28.0,26.7,82.0,30.0,36.0,16.0,76.0,0.463,232.0,281.0,4.0,8.0,-0.59,0.05,2.83,3.43,44.0,252.0,17.46,65.0,277.0,76.53,7.0,12.0,10.2,10.0,2269.0,10.2,2738.0,0.897,2.0,1,0,0,0,1,0,0,0,0,18506,9.825850282808975,0.8531827515400411,0,0
17074.0,9.745312117570252,Buffalo Sabres,New York Islanders,22.0,25.7,82.0,39.0,37.0,6.0,84.0,0.512,244.0,243.0,2.0,1.0,0.03,0.01,2.98,2.96,37.0,223.0,16.59,49.0,243.0,79.84,7.0,10.0,9.8,9.2,2534.0,9.6,2402.0,0.899,5.0,0,15.0,29.6,82.0,39.0,27.0,16.0,94.0,0.573,245.0,258.0,1.0,5.0,-0.18,0.03,2.99,3.15,47.0,231.0,20.35,63.0,221.0,71.49,10.0,3.0,7.1,7.4,2470.0,9.9,2686.0,0.904,5.0,0,0,0,0,0,1,0,0,0,19029,9.853719410302007,0.8972620736770193,0,0
15823.0,9.669219856718984,Columbus Blue Jackets,Winnipeg Jets,29.0,26.8,82.0,27.0,43.0,12.0,66.0,0.402,234.0,298.0,3.0,2.0,-0.72,0.05,2.85,3.63,32.0,212.0,15.09,56.0,236.0,76.27,5.0,6.0,8.2,7.6,2458.0,9.5,2822.0,0.894,1.0,0,4.0,29.4,82.0,52.0,24.0,6.0,110.0,0.671,259.0,198.0,0.0,1.0,0.69,-0.04,3.16,2.41,45.0,240.0,18.75,51.0,223.0,77.13,3.0,5.0,8.2,8.9,2488.0,10.4,2429.0,0.918,8.0,1,0,0,0,0,1,0,0,0,20556,9.93090814811212,0.7697509243043393,0,0
16275.0,9.69738546707677,Calgary Flames,New Jersey Devils,25.0,29.2,82.0,38.0,39.0,5.0,81.0,0.494,253.0,267.0,0.0,4.0,-0.2,0.02,3.09,3.26,45.0,252.0,17.86,47.0,245.0,80.82,11.0,11.0,9.4,9.2,2572.0,9.8,2438.0,0.89,2.0,1,23.0,26.8,82.0,38.0,39.0,5.0,81.0,0.494,264.0,281.0,0.0,2.0,-0.22,0.01,3.22,3.43,55.0,245.0,22.45,47.0,243.0,80.66,3.0,9.0,9.1,9.6,2516.0,10.5,2458.0,0.886,1.0,0,0,0,0,0,1,0,0,0,19289,9.86729026422424,0.8437451397169371,0,0
18104.0,9.803888187313373,Minnesota Wild,Tampa Bay Lightning,20.0,29.3,82.0,39.0,34.0,9.0,87.0,0.53,248.0,260.0,3.0,3.0,-0.14,0.01,3.02,3.17,62.0,273.0,22.71,67.0,263.0,74.52,3.0,11.0,11.4,11.3,2471.0,10.0,2437.0,0.893,6.0,0,13.0,29.1,82.0,45.0,29.0,8.0,98.0,0.598,288.0,267.0,3.0,1.0,0.28,0.0,3.51,3.26,71.0,248.0,28.63,39.0,234.0,83.33,5.0,6.0,11.0,11.0,2401.0,12.0,2430.0,0.89,4.0,0,0,0,0,0,1,0,0,0,17954,9.795568210316635,1.0083546841929376,1,1
18006.0,9.798460314668421,New York Rangers,Ottawa Senators,1.0,29.1,82.0,55.0,23.0,4.0,114.0,0.695,278.0,226.0,4.0,3.0,0.61,-0.03,3.39,2.76,65.0,246.0,26.42,36.0,232.0,84.48,8.0,6.0,9.4,10.4,2582.0,10.8,2418.0,0.907,6.0,0,26.0,27.0,82.0,37.0,41.0,4.0,78.0,0.476,250.0,281.0,5.0,0.0,-0.28,0.04,3.05,3.43,51.0,283.0,18.02,61.0,245.0,75.1,7.0,6.0,10.4,11.1,2602.0,9.6,2432.0,0.884,2.0,1,0,0,0,0,1,0,0,0,18006,9.798460314668421,1.0,1,0
19515.0,9.878938679614715,Detroit Red Wings,Buffalo Sabres,18.0,29.3,82.0,41.0,32.0,9.0,91.0,0.555,275.0,273.0,3.0,1.0,0.06,0.02,3.35,3.33,63.0,273.0,23.08,49.0,240.0,79.58,7.0,10.0,8.7,9.9,2375.0,11.6,2657.0,0.897,4.0,0,22.0,25.7,82.0,39.0,37.0,6.0,84.0,0.512,244.0,243.0,2.0,1.0,0.03,0.01,2.98,2.96,37.0,223.0,16.59,49.0,243.0,79.84,7.0,10.0,9.8,9.2,2534.0,9.6,2402.0,0.899,5.0,0,0,0,0,0,0,1,0,1,20000,9.903487552536127,0.97575,0,0
17314.0,9.75927070177572,Los Angeles Kings,Chicago Blackhawks,12.0,29.5,82.0,44.0,27.0,11.0,99.0,0.604,254.0,210.0,2.0,5.0,0.45,-0.05,3.1,2.56,56.0,248.0,22.58,39.0,253.0,84.58,11.0,7.0,8.7,9.5,2616.0,9.7,2296.0,0.909,7.0,0,31.0,27.4,82.0,23.0,53.0,6.0,52.0,0.317,178.0,289.0,1.0,1.0,-1.29,0.06,2.17,3.52,39.0,235.0,16.6,56.0,231.0,75.76,3.0,8.0,8.7,9.3,2153.0,8.3,2681.0,0.892,1.0,0,0,0,0,0,0,1,0,0,18118,9.804661198229233,0.9556242410862126,0,0
17213.0,9.753420191271506,Nashville Predators,Colorado Avalanche,11.0,29.5,82.0,47.0,30.0,5.0,99.0,0.604,266.0,248.0,3.0,0.0,0.23,-0.02,3.24,3.02,58.0,269.0,21.56,57.0,247.0,76.92,7.0,5.0,9.7,9.5,2642.0,10.1,2507.0,0.901,4.0,0,8.0,28.8,82.0,50.0,25.0,7.0,107.0,0.652,302.0,252.0,2.0,2.0,0.57,-0.05,3.68,3.07,68.0,278.0,24.46,53.0,264.0,79.92,7.0,6.0,8.9,9.7,2705.0,11.2,2444.0,0.897,4.0,0,0,0,0,0,0,1,0,1,17113,9.747593687577451,1.0058435107812773,1,1
17274.0,9.756957759840232,Ottawa Senators,Seattle Kraken,26.0,27.0,82.0,37.0,41.0,4.0,78.0,0.476,250.0,281.0,5.0,0.0,-0.28,0.04,3.05,3.43,51.0,283.0,18.02,61.0,245.0,75.1,7.0,6.0,10.4,11.1,2602.0,9.6,2432.0,0.884,2.0,1,24.0,29.4,82.0,34.0,35.0,13.0,81.0,0.494,214.0,232.0,3.0,4.0,-0.26,-0.03,2.61,2.83,50.0,242.0,20.66,47.0,222.0,78.83,6.0,9.0,8.0,8.1,2347.0,9.1,2391.0,0.903,5.0,0,0,0,0,0,0,1,0,0,18652,9.833708657928211,0.9261205232682822,0,0
17429.0,9.765890764521682,Philadelphia Flyers,Boston Bruins,21.0,27.1,82.0,38.0,33.0,11.0,87.0,0.53,231.0,258.0,4.0,3.0,-0.29,0.03,2.82,3.15,31.0,254.0,12.2,40.0,241.0,83.4,16.0,4.0,10.1,9.7,2708.0,8.5,2225.0,0.884,5.0,0,6.0,28.6,82.0,47.0,20.0,15.0,109.0,0.665,263.0,221.0,4.0,3.0,0.53,0.01,3.21,2.7,54.0,243.0,22.22,47.0,268.0,82.46,7.0,6.0,9.5,8.8,2399.0,11.0,2504.0,0.912,5.0,0,0,0,0,0,0,1,0,0,19537,9.880065382591635,0.8921021651225879,0,1
17362.0,9.762039188951753,Pittsburgh Penguins,Montreal Canadiens,19.0,31.3,82.0,38.0,32.0,12.0,88.0,0.537,253.0,248.0,2.0,3.0,0.05,0.0,3.09,3.02,40.0,262.0,15.27,47.0,243.0,80.66,5.0,12.0,7.4,7.9,2685.0,9.4,2479.0,0.9,8.0,0,28.0,26.7,82.0,30.0,36.0,16.0,76.0,0.463,232.0,281.0,4.0,8.0,-0.59,0.05,2.83,3.43,44.0,252.0,17.46,65.0,277.0,76.53,7.0,12.0,10.2,10.0,2269.0,10.2,2738.0,0.897,2.0,1,0,0,0,0,0,1,0,0,18387,9.819399172153842,0.9442540925653995,1,0
17435.0,9.766234959109752,San Jose Sharks,Vancouver Canucks,32.0,27.7,82.0,19.0,54.0,9.0,47.0,0.287,180.0,326.0,1.0,5.0,-1.78,0.05,2.2,3.98,42.0,208.0,20.19,62.0,252.0,75.4,3.0,8.0,9.5,8.2,2069.0,8.7,2881.0,0.887,2.0,0,7.0,28.6,82.0,50.0,23.0,9.0,109.0,0.665,279.0,221.0,0.0,2.0,0.64,-0.04,3.4,2.7,58.0,257.0,22.57,53.0,254.0,79.13,7.0,7.0,9.6,9.7,2328.0,12.0,2343.0,0.906,7.0,1,0,0,0,0,0,1,0,1,17435,9.766234959109752,1.0,0,1
18096.0,9.803446198355902,St. Louis Blues,Toronto Maple Leafs,16.0,29.0,82.0,43.0,33.0,6.0,92.0,0.561,234.0,248.0,5.0,2.0,-0.14,-0.01,2.85,3.02,45.0,250.0,18.0,46.0,215.0,78.6,11.0,7.0,7.4,8.6,2370.0,9.9,2636.0,0.906,4.0,0,10.0,28.9,82.0,46.0,26.0,10.0,102.0,0.622,298.0,261.0,5.0,2.0,0.5,0.01,3.63,3.18,57.0,238.0,23.95,55.0,238.0,76.89,6.0,9.0,9.9,10.2,2671.0,11.2,2446.0,0.893,5.0,1,0,0,0,0,0,1,0,0,18400,9.820105943597078,0.9834782608695652,0,1
17666.0,9.779397167305078,Washington Capitals,Columbus Blue Jackets,17.0,30.0,82.0,40.0,31.0,11.0,91.0,0.555,216.0,252.0,4.0,5.0,-0.41,0.04,2.63,3.07,47.0,228.0,20.61,49.0,233.0,78.97,3.0,5.0,7.7,7.4,2172.0,9.9,2503.0,0.899,7.0,0,29.0,26.8,82.0,27.0,43.0,12.0,66.0,0.402,234.0,298.0,3.0,2.0,-0.72,0.05,2.85,3.63,32.0,212.0,15.09,56.0,236.0,76.27,5.0,6.0,8.2,7.6,2458.0,9.5,2822.0,0.894,1.0,0,0,0,0,0,0,1,0,1,18506,9.825850282808975,0.9546093158975467,0,0
16352.0,9.702105493003431,Anaheim Ducks,Chicago Blackhawks,30.0,27.7,82.0,27.0,50.0,5.0,59.0,0.36,203.0,293.0,1.0,2.0,-1.09,0.02,2.48,3.57,43.0,235.0,18.3,91.0,330.0,72.42,12.0,5.0,13.5,10.9,2194.0,9.3,2666.0,0.89,1.0,0,31.0,27.4,82.0,23.0,53.0,6.0,52.0,0.317,178.0,289.0,1.0,1.0,-1.29,0.06,2.17,3.52,39.0,235.0,16.6,56.0,231.0,75.76,3.0,8.0,8.7,9.3,2153.0,8.3,2681.0,0.892,1.0,0,0,0,0,0,0,0,1,0,17174,9.75115189123243,0.9521369512053104,0,0
17850.0,9.789758787207784,Boston Bruins,Seattle Kraken,6.0,28.6,82.0,47.0,20.0,15.0,109.0,0.665,263.0,221.0,4.0,3.0,0.53,0.01,3.21,2.7,54.0,243.0,22.22,47.0,268.0,82.46,7.0,6.0,9.5,8.8,2399.0,11.0,2504.0,0.912,5.0,0,24.0,29.4,82.0,34.0,35.0,13.0,81.0,0.494,214.0,232.0,3.0,4.0,-0.26,-0.03,2.61,2.83,50.0,242.0,20.66,47.0,222.0,78.83,6.0,9.0,8.0,8.1,2347.0,9.1,2391.0,0.903,5.0,0,0,0,0,0,0,0,1,0,17565,9.773663564699927,1.0162254483347566,1,0
18796.0,9.841399360222706,Carolina Hurricanes,Washington Capitals,3.0,29.4,82.0,52.0,23.0,7.0,111.0,0.677,277.0,211.0,2.0,5.0,0.73,-0.04,3.38,2.57,67.0,249.0,26.91,35.0,258.0,86.43,11.0,8.0,8.5,8.0,2733.0,10.1,2101.0,0.9,8.0,0,17.0,30.0,82.0,40.0,31.0,11.0,91.0,0.555,216.0,252.0,4.0,5.0,-0.41,0.04,2.63,3.07,47.0,228.0,20.61,49.0,233.0,78.97,3.0,5.0,7.7,7.4,2172.0,9.9,2503.0,0.899,7.0,0,0,0,0,0,0,0,1,1,18680,9.835208711782833,1.0062098501070664,0,0
19289.0,9.86729026422424,Calgary Flames,Edmonton Oilers,25.0,29.2,82.0,38.0,39.0,5.0,81.0,0.494,253.0,267.0,0.0,4.0,-0.2,0.02,3.09,3.26,45.0,252.0,17.86,47.0,245.0,80.82,11.0,11.0,9.4,9.2,2572.0,9.8,2438.0,0.89,2.0,1,9.0,29.4,82.0,49.0,27.0,6.0,104.0,0.634,292.0,236.0,2.0,1.0,0.65,-0.04,3.56,2.88,64.0,243.0,26.34,53.0,258.0,79.46,7.0,5.0,9.5,8.5,2768.0,10.5,2307.0,0.898,4.0,1,0,0,0,0,0,0,1,1,19289,9.86729026422424,1.0,0,1
18096.0,9.803446198355902,Minnesota Wild,Toronto Maple Leafs,20.0,29.3,82.0,39.0,34.0,9.0,87.0,0.53,248.0,260.0,3.0,3.0,-0.14,0.01,3.02,3.17,62.0,273.0,22.71,67.0,263.0,74.52,3.0,11.0,11.4,11.3,2471.0,10.0,2437.0,0.893,6.0,0,10.0,28.9,82.0,46.0,26.0,10.0,102.0,0.622,298.0,261.0,5.0,2.0,0.5,0.01,3.63,3.18,57.0,238.0,23.95,55.0,238.0,76.89,6.0,9.0,9.9,10.2,2671.0,11.2,2446.0,0.893,5.0,1,0,0,0,0,0,0,1,0,17954,9.795568210316635,1.0079091010359809,1,1
18006.0,9.798460314668421,New York Rangers,New York Islanders,1.0,29.1,82.0,55.0,23.0,4.0,114.0,0.695,278.0,226.0,4.0,3.0,0.61,-0.03,3.39,2.76,65.0,246.0,26.42,36.0,232.0,84.48,8.0,6.0,9.4,10.4,2582.0,10.8,2418.0,0.907,6.0,0,15.0,29.6,82.0,39.0,27.0,16.0,94.0,0.573,245.0,258.0,1.0,5.0,-0.18,0.03,2.99,3.15,47.0,231.0,20.35,63.0,221.0,71.49,10.0,3.0,7.1,7.4,2470.0,9.9,2686.0,0.904,5.0,0,0,0,0,0,0,0,1,1,18006,9.798460314668421,1.0,1,0
12912.0,9.46591239050973,Winnipeg Jets,Tampa Bay Lightning,4.0,29.4,82.0,52.0,24.0,6.0,110.0,0.671,259.0,198.0,0.0,1.0,0.69,-0.04,3.16,2.41,45.0,240.0,18.75,51.0,223.0,77.13,3.0,5.0,8.2,8.9,2488.0,10.4,2429.0,0.918,8.0,1,13.0,29.1,82.0,45.0,29.0,8.0,98.0,0.598,288.0,267.0,3.0,1.0,0.28,0.0,3.51,3.26,71.0,248.0,28.63,39.0,234.0,83.33,5.0,6.0,11.0,11.0,2401.0,12.0,2430.0,0.89,4.0,0,0,0,0,0,0,0,1,0,15225,9.630694092578098,0.8480788177339902,0,1
18347.0,9.81722135237872,Edmonton Oilers,New Jersey Devils,9.0,29.4,82.0,49.0,27.0,6.0,104.0,0.634,292.0,236.0,2.0,1.0,0.65,-0.04,3.56,2.88,64.0,243.0,26.34,53.0,258.0,79.46,7.0,5.0,9.5,8.5,2768.0,10.5,2307.0,0.898,4.0,1,23.0,26.8,82.0,38.0,39.0,5.0,81.0,0.494,264.0,281.0,0.0,2.0,-0.22,0.01,3.22,3.43,55.0,245.0,22.45,47.0,243.0,80.66,3.0,9.0,9.1,9.6,2516.0,10.5,2458.0,0.886,1.0,0,1,0,0,0,0,0,0,0,18347,9.81722135237872,1.0,1,0
17168.0,9.75080246487048,Nashville Predators,Los Angeles Kings,11.0,29.5,82.0,47.0,30.0,5.0,99.0,0.604,266.0,248.0,3.0,0.0,0.23,-0.02,3.24,3.02,58.0,269.0,21.56,57.0,247.0,76.92,7.0,5.0,9.7,9.5,2642.0,10.1,2507.0,0.901,4.0,0,12.0,29.5,82.0,44.0,27.0,11.0,99.0,0.604,254.0,210.0,2.0,5.0,0.45,-0.05,3.1,2.56,56.0,248.0,22.58,39.0,253.0,84.58,11.0,7.0,8.7,9.5,2616.0,9.7,2296.0,0.909,7.0,0,1,0,0,0,0,0,0,0,17113,9.747593687577451,1.0032139309297026,1,0
13538.0,9.513255825068553,Anaheim Ducks,Vancouver Canucks,30.0,27.7,82.0,27.0,50.0,5.0,59.0,0.36,203.0,293.0,1.0,2.0,-1.09,0.02,2.48,3.57,43.0,235.0,18.3,91.0,330.0,72.42,12.0,5.0,13.5,10.9,2194.0,9.3,2666.0,0.89,1.0,0,7.0,28.6,82.0,50.0,23.0,9.0,109.0,0.665,279.0,221.0,0.0,2.0,0.64,-0.04,3.4,2.7,58.0,257.0,22.57,53.0,254.0,79.13,7.0,7.0,9.6,9.7,2328.0,12.0,2343.0,0.906,7.0,1,0,1,0,0,0,0,0,1,17174,9.75115189123243,0.7882846162804239,0,1
18700.0,9.836278802842678,Carolina Hurricanes,Philadelphia Flyers,3.0,29.4,82.0,52.0,23.0,7.0,111.0,0.677,277.0,211.0,2.0,5.0,0.73,-0.04,3.38,2.57,67.0,249.0,26.91,35.0,258.0,86.43,11.0,8.0,8.5,8.0,2733.0,10.1,2101.0,0.9,8.0,0,21.0,27.1,82.0,38.0,33.0,11.0,87.0,0.53,231.0,258.0,4.0,3.0,-0.29,0.03,2.82,3.15,31.0,254.0,12.2,40.0,241.0,83.4,16.0,4.0,10.1,9.7,2708.0,8.5,2225.0,0.884,5.0,0,0,1,0,0,0,0,0,1,18680,9.835208711782833,1.0010706638115632,0,0
18014.0,9.798904512343688,Colorado Avalanche,Seattle Kraken,8.0,28.8,82.0,50.0,25.0,7.0,107.0,0.652,302.0,252.0,2.0,2.0,0.57,-0.05,3.68,3.07,68.0,278.0,24.46,53.0,264.0,79.92,7.0,6.0,8.9,9.7,2705.0,11.2,2444.0,0.897,4.0,0,24.0,29.4,82.0,34.0,35.0,13.0,81.0,0.494,214.0,232.0,3.0,4.0,-0.26,-0.03,2.61,2.83,50.0,242.0,20.66,47.0,222.0,78.83,6.0,9.0,8.0,8.1,2347.0,9.1,2391.0,0.903,5.0,0,0,1,0,0,0,0,0,0,18007,9.798515850169505,1.0003887377131115,1,0
17617.0,9.77661962392714,Minnesota Wild,Los Angeles Kings,20.0,29.3,82.0,39.0,34.0,9.0,87.0,0.53,248.0,260.0,3.0,3.0,-0.14,0.01,3.02,3.17,62.0,273.0,22.71,67.0,263.0,74.52,3.0,11.0,11.4,11.3,2471.0,10.0,2437.0,0.893,6.0,0,12.0,29.5,82.0,44.0,27.0,11.0,99.0,0.604,254.0,210.0,2.0,5.0,0.45,-0.05,3.1,2.56,56.0,248.0,22.58,39.0,253.0,84.58,11.0,7.0,8.7,9.5,2616.0,9.7,2296.0,0.909,7.0,0,0,1,0,0,0,0,0,0,17954,9.795568210316635,0.9812298095132004,1,0
21105.0,9.9572652582166,Montreal Canadiens,Calgary Flames,28.0,26.7,82.0,30.0,36.0,16.0,76.0,0.463,232.0,281.0,4.0,8.0,-0.59,0.05,2.83,3.43,44.0,252.0,17.46,65.0,277.0,76.53,7.0,12.0,10.2,10.0,2269.0,10.2,2738.0,0.897,2.0,1,25.0,29.2,82.0,38.0,39.0,5.0,81.0,0.494,253.0,267.0,0.0,4.0,-0.2,0.02,3.09,3.26,45.0,252.0,17.86,47.0,245.0,80.82,11.0,11.0,9.4,9.2,2572.0,9.8,2438.0,0.89,2.0,1,0,1,0,0,0,0,0,0,21105,9.9572652582166,1.0,0,0
14025.0,9.548596730390898,New York Islanders,Pittsburgh Penguins,15.0,29.6,82.0,39.0,27.0,16.0,94.0,0.573,245.0,258.0,1.0,5.0,-0.18,0.03,2.99,3.15,47.0,231.0,20.35,63.0,221.0,71.49,10.0,3.0,7.1,7.4,2470.0,9.9,2686.0,0.904,5.0,0,19.0,31.3,82.0,38.0,32.0,12.0,88.0,0.537,253.0,248.0,2.0,3.0,0.05,0.0,3.09,3.02,40.0,262.0,15.27,47.0,243.0,80.66,5.0,12.0,7.4,7.9,2685.0,9.4,2479.0,0.9,8.0,0,0,1,0,0,0,0,0,1,17113,9.747593687577451,0.8195523870741541,0,1
17161.0,9.750394646402302,St. Louis Blues,Tampa Bay Lightning,16.0,29.0,82.0,43.0,33.0,6.0,92.0,0.561,234.0,248.0,5.0,2.0,-0.14,-0.01,2.85,3.02,45.0,250.0,18.0,46.0,215.0,78.6,11.0,7.0,7.4,8.6,2370.0,9.9,2636.0,0.906,4.0,0,13.0,29.1,82.0,45.0,29.0,8.0,98.0,0.598,288.0,267.0,3.0,1.0,0.28,0.0,3.51,3.26,71.0,248.0,28.63,39.0,234.0,83.33,5.0,6.0,11.0,11.0,2401.0,12.0,2430.0,0.89,4.0,0,0,1,0,0,0,0,0,0,18400,9.820105943597078,0.9326630434782609,0,1
18730.0,9.837881795438134,Toronto Maple Leafs,Boston Bruins,10.0,28.9,82.0,46.0,26.0,10.0,102.0,0.622,298.0,261.0,5.0,2.0,0.5,0.01,3.63,3.18,57.0,238.0,23.95,55.0,238.0,76.89,6.0,9.0,9.9,10.2,2671.0,11.2,2446.0,0.893,5.0,1,6.0,28.6,82.0,47.0,20.0,15.0,109.0,0.665,263.0,221.0,4.0,3.0,0.53,0.01,3.21,2.7,54.0,243.0,22.22,47.0,268.0,82.46,7.0,6.0,9.5,8.8,2399.0,11.0,2504.0,0.912,5.0,0,0,1,0,0,0,0,0,1,18819,9.842622276764853,0.9952707370210957,1,1
19984.0,9.90268723236536,Chicago Blackhawks,Detroit Red Wings,31.0,27.4,82.0,23.0,53.0,6.0,52.0,0.317,178.0,289.0,1.0,1.0,-1.29,0.06,2.17,3.52,39.0,235.0,16.6,56.0,231.0,75.76,3.0,8.0,8.7,9.3,2153.0,8.3,2681.0,0.892,1.0,0,18.0,29.3,82.0,41.0,32.0,9.0,91.0,0.555,275.0,273.0,3.0,1.0,0.06,0.02,3.35,3.33,63.0,273.0,23.08,49.0,240.0,79.58,7.0,10.0,8.7,9.9,2375.0,11.6,2657.0,0.897,4.0,0,0,0,1,0,0,0,0,0,20243,9.915564333761576,0.9872054537370943,0,0
18347.0,9.81722135237872,Edmonton Oilers,Vegas Golden Knights,9.0,29.4,82.0,49.0,27.0,6.0,104.0,0.634,292.0,236.0,2.0,1.0,0.65,-0.04,3.56,2.88,64.0,243.0,26.34,53.0,258.0,79.46,7.0,5.0,9.5,8.5,2768.0,10.5,2307.0,0.898,4.0,1,14.0,29.0,82.0,45.0,29.0,8.0,98.0,0.598,263.0,243.0,4.0,2.0,0.22,-0.05,3.21,2.96,51.0,252.0,20.24,44.0,213.0,79.34,9.0,8.0,7.4,8.5,2548.0,10.3,2487.0,0.902,3.0,0,0,0,1,0,0,0,0,1,18347,9.81722135237872,1.0,1,0
17177.0,9.751326558637025,Washington Capitals,Nashville Predators,17.0,30.0,82.0,40.0,31.0,11.0,91.0,0.555,216.0,252.0,4.0,5.0,-0.41,0.04,2.63,3.07,47.0,228.0,20.61,49.0,233.0,78.97,3.0,5.0,7.7,7.4,2172.0,9.9,2503.0,0.899,7.0,0,11.0,29.5,82.0,47.0,30.0,5.0,99.0,0.604,266.0,248.0,3.0,0.0,0.23,-0.02,3.24,3.02,58.0,269.0,21.56,57.0,247.0,76.92,7.0,5.0,9.7,9.5,2642.0,10.1,2507.0,0.901,4.0,0,0,0,1,0,0,0,0,0,18506,9.825850282808975,0.9281854533664757,0,1
17850.0,9.789758787207784,Boston Bruins,Calgary Flames,6.0,28.6,82.0,47.0,20.0,15.0,109.0,0.665,263.0,221.0,4.0,3.0,0.53,0.01,3.21,2.7,54.0,243.0,22.22,47.0,268.0,82.46,7.0,6.0,9.5,8.8,2399.0,11.0,2504.0,0.912,5.0,0,25.0,29.2,82.0,38.0,39.0,5.0,81.0,0.494,253.0,267.0,0.0,4.0,-0.2,0.02,3.09,3.26,45.0,252.0,17.86,47.0,245.0,80.82,11.0,11.0,9.4,9.2,2572.0,9.8,2438.0,0.89,2.0,1,0,0,0,1,0,0,0,0,17565,9.773663564699927,1.0162254483347566,1,0
18700.0,9.836278802842678,Carolina Hurricanes,Pittsburgh Penguins,3.0,29.4,82.0,52.0,23.0,7.0,111.0,0.677,277.0,211.0,2.0,5.0,0.73,-0.04,3.38,2.57,67.0,249.0,26.91,35.0,258.0,86.43,11.0,8.0,8.5,8.0,2733.0,10.1,2101.0,0.9,8.0,0,19.0,31.3,82.0,38.0,32.0,12.0,88.0,0.537,253.0,248.0,2.0,3.0,0.05,0.0,3.09,3.02,40.0,262.0,15.27,47.0,243.0,80.66,5.0,12.0,7.4,7.9,2685.0,9.4,2479.0,0.9,8.0,0,0,0,0,1,0,0,0,1,18680,9.835208711782833,1.0010706638115632,0,1
18532.0,9.827254246536539,Dallas Stars,Chicago Blackhawks,2.0,29.3,82.0,52.0,21.0,9.0,113.0,0.689,294.0,232.0,4.0,2.0,0.74,-0.04,3.59,2.83,58.0,240.0,24.17,43.0,239.0,82.01,12.0,4.0,6.8,7.5,2588.0,11.4,2350.0,0.901,4.0,0,31.0,27.4,82.0,23.0,53.0,6.0,52.0,0.317,178.0,289.0,1.0,1.0,-1.29,0.06,2.17,3.52,39.0,235.0,16.6,56.0,231.0,75.76,3.0,8.0,8.7,9.3,2153.0,8.3,2681.0,0.892,1.0,0,0,0,0,1,0,0,0,1,18408,9.820540631715202,1.0067362016514558,0,0
18264.0,9.812687188209631,Florida Panthers,Nashville Predators,5.0,29.5,82.0,52.0,24.0,6.0,110.0,0.671,265.0,198.0,3.0,2.0,0.81,-0.02,3.23,2.41,63.0,268.0,23.51,51.0,291.0,82.47,8.0,9.0,13.6,13.5,2764.0,9.6,2279.0,0.913,8.0,0,11.0,29.5,82.0,47.0,30.0,5.0,99.0,0.604,266.0,248.0,3.0,0.0,0.23,-0.02,3.24,3.02,58.0,269.0,21.56,57.0,247.0,76.92,7.0,5.0,9.7,9.5,2642.0,10.1,2507.0,0.901,4.0,0,0,0,0,1,0,0,0,0,19109,9.857914707241372,0.9557799989533727,1,1
17855.0,9.790038860028549,Los Angeles Kings,Vancouver Canucks,12.0,29.5,82.0,44.0,27.0,11.0,99.0,0.604,254.0,210.0,2.0,5.0,0.45,-0.05,3.1,2.56,56.0,248.0,22.58,39.0,253.0,84.58,11.0,7.0,8.7,9.5,2616.0,9.7,2296.0,0.909,7.0,0,7.0,28.6,82.0,50.0,23.0,9.0,109.0,0.665,279.0,221.0,0.0,2.0,0.64,-0.04,3.4,2.7,58.0,257.0,22.57,53.0,254.0,79.13,7.0,7.0,9.6,9.7,2328.0,12.0,2343.0,0.906,7.0,1,0,0,0,1,0,0,0,1,18118,9.804661198229233,0.9854840490120322,0,1
16514.0,9.711963784977375,New Jersey Devils,Montreal Canadiens,23.0,26.8,82.0,38.0,39.0,5.0,81.0,0.494,264.0,281.0,0.0,2.0,-0.22,0.01,3.22,3.43,55.0,245.0,22.45,47.0,243.0,80.66,3.0,9.0,9.1,9.6,2516.0,10.5,2458.0,0.886,1.0,0,28.0,26.7,82.0,30.0,36.0,16.0,76.0,0.463,232.0,281.0,4.0,8.0,-0.59,0.05,2.83,3.43,44.0,252.0,17.46,65.0,277.0,76.53,7.0,12.0,10.2,10.0,2269.0,10.2,2738.0,0.897,2.0,1,0,0,0,1,0,0,0,0,16535,9.713234625415893,0.998729966737224,0,0
18006.0,9.798460314668421,New York Rangers,Buffalo Sabres,1.0,29.1,82.0,55.0,23.0,4.0,114.0,0.695,278.0,226.0,4.0,3.0,0.61,-0.03,3.39,2.76,65.0,246.0,26.42,36.0,232.0,84.48,8.0,6.0,9.4,10.4,2582.0,10.8,2418.0,0.907,6.0,0,22.0,25.7,82.0,39.0,37.0,6.0,84.0,0.512,244.0,243.0,2.0,1.0,0.03,0.01,2.98,2.96,37.0,223.0,16.59,49.0,243.0,79.84,7.0,10.0,9.8,9.2,2534.0,9.6,2402.0,0.899,5.0,0,0,0,0,1,0,0,0,0,18006,9.798460314668421,1.0,1,0
15677.0,9.659949949068531,Ottawa Senators,New York Islanders,26.0,27.0,82.0,37.0,41.0,4.0,78.0,0.476,250.0,281.0,5.0,0.0,-0.28,0.04,3.05,3.43,51.0,283.0,18.02,61.0,245.0,75.1,7.0,6.0,10.4,11.1,2602.0,9.6,2432.0,0.884,2.0,1,15.0,29.6,82.0,39.0,27.0,16.0,94.0,0.573,245.0,258.0,1.0,5.0,-0.18,0.03,2.99,3.15,47.0,231.0,20.35,63.0,221.0,71.49,10.0,3.0,7.1,7.4,2470.0,9.9,2686.0,0.904,5.0,0,0,0,0,1,0,0,0,0,18652,9.833708657928211,0.840499678318679,0,0
19092.0,9.857024678125788,Tampa Bay Lightning,Philadelphia Flyers,13.0,29.1,82.0,45.0,29.0,8.0,98.0,0.598,288.0,267.0,3.0,1.0,0.28,0.0,3.51,3.26,71.0,248.0,28.63,39.0,234.0,83.33,5.0,6.0,11.0,11.0,2401.0,12.0,2430.0,0.89,4.0,0,21.0,27.1,82.0,38.0,33.0,11.0,87.0,0.53,231.0,258.0,4.0,3.0,-0.29,0.03,2.82,3.15,31.0,254.0,12.2,40.0,241.0,83.4,16.0,4.0,10.1,9.7,2708.0,8.5,2225.0,0.884,5.0,0,0,0,0,1,0,0,0,0,19204,9.862873869650832,0.9941678816913143,1,0
12918.0,9.466376966592419,Winnipeg Jets,Colorado Avalanche,4.0,29.4,82.0,52.0,24.0,6.0,110.0,0.671,259.0,198.0,0.0,1.0,0.69,-0.04,3.16,2.41,45.0,240.0,18.75,51.0,223.0,77.13,3.0,5.0,8.2,8.9,2488.0,10.4,2429.0,0.918,8.0,1,8.0,28.8,82.0,50.0,25.0,7.0,107.0,0.652,302.0,252.0,2.0,2.0,0.57,-0.05,3.68,3.07,68.0,278.0,24.46,53.0,264.0,79.92,7.0,6.0,8.9,9.7,2705.0,11.2,2444.0,0.897,4.0,0,0,0,0,1,0,0,0,1,15225,9.630694092578098,0.8484729064039409,0,1
14706.0,9.596010852756168,Anaheim Ducks,Minnesota Wild,30.0,27.7,82.0,27.0,50.0,5.0,59.0,0.36,203.0,293.0,1.0,2.0,-1.09,0.02,2.48,3.57,43.0,235.0,18.3,91.0,330.0,72.42,12.0,5.0,13.5,10.9,2194.0,9.3,2666.0,0.89,1.0,0,20.0,29.3,82.0,39.0,34.0,9.0,87.0,0.53,248.0,260.0,3.0,3.0,-0.14,0.01,3.02,3.17,62.0,273.0,22.71,67.0,263.0,74.52,3.0,11.0,11.4,11.3,2471.0,10.0,2437.0,0.893,6.0,0,0,0,0,0,1,0,0,0,17174,9.75115189123243,0.8562943985093746,0,1
17151.0,9.749811759932081,Seattle Kraken,Vegas Golden Knights,24.0,29.4,82.0,34.0,35.0,13.0,81.0,0.494,214.0,232.0,3.0,4.0,-0.26,-0.03,2.61,2.83,50.0,242.0,20.66,47.0,222.0,78.83,6.0,9.0,8.0,8.1,2347.0,9.1,2391.0,0.903,5.0,0,14.0,29.0,82.0,45.0,29.0,8.0,98.0,0.598,263.0,243.0,4.0,2.0,0.22,-0.05,3.21,2.96,51.0,252.0,20.24,44.0,213.0,79.34,9.0,8.0,7.4,8.5,2548.0,10.3,2487.0,0.902,3.0,0,0,0,0,0,1,0,0,1,17100,9.746833742490752,1.0029824561403509,0,0
19152.0,9.860162427797754,Toronto Maple Leafs,Detroit Red Wings,10.0,28.9,82.0,46.0,26.0,10.0,102.0,0.622,298.0,261.0,5.0,2.0,0.5,0.01,3.63,3.18,57.0,238.0,23.95,55.0,238.0,76.89,6.0,9.0,9.9,10.2,2671.0,11.2,2446.0,0.893,5.0,1,18.0,29.3,82.0,41.0,32.0,9.0,91.0,0.555,275.0,273.0,3.0,1.0,0.06,0.02,3.35,3.33,63.0,273.0,23.08,49.0,240.0,79.58,7.0,10.0,8.7,9.9,2375.0,11.6,2657.0,0.897,4.0,0,0,0,0,0,1,0,0,1,18819,9.842622276764853,1.0176948828311811,1,0
18573.0,9.829464192187341,Washington Capitals,Pittsburgh Penguins,17.0,30.0,82.0,40.0,31.0,11.0,91.0,0.555,216.0,252.0,4.0,5.0,-0.41,0.04,2.63,3.07,47.0,228.0,20.61,49.0,233.0,78.97,3.0,5.0,7.7,7.4,2172.0,9.9,2503.0,0.899,7.0,0,19.0,31.3,82.0,38.0,32.0,12.0,88.0,0.537,253.0,248.0,2.0,3.0,0.05,0.0,3.09,3.02,40.0,262.0,15.27,47.0,243.0,80.66,5.0,12.0,7.4,7.9,2685.0,9.4,2479.0,0.9,8.0,0,0,0,0,0,1,0,0,1,18506,9.825850282808975,1.0036204474224575,0,1
17850.0,9.789758787207784,Boston Bruins,Ottawa Senators,6.0,28.6,82.0,47.0,20.0,15.0,109.0,0.665,263.0,221.0,4.0,3.0,0.53,0.01,3.21,2.7,54.0,243.0,22.22,47.0,268.0,82.46,7.0,6.0,9.5,8.8,2399.0,11.0,2504.0,0.912,5.0,0,26.0,27.0,82.0,37.0,41.0,4.0,78.0,0.476,250.0,281.0,5.0,0.0,-0.28,0.04,3.05,3.43,51.0,283.0,18.02,61.0,245.0,75.1,7.0,6.0,10.4,11.1,2602.0,9.6,2432.0,0.884,2.0,1,0,0,0,0,0,1,0,1,17565,9.773663564699927,1.0162254483347566,1,0
16442.0,9.707594315712079,Buffalo Sabres,Calgary Flames,22.0,25.7,82.0,39.0,37.0,6.0,84.0,0.512,244.0,243.0,2.0,1.0,0.03,0.01,2.98,2.96,37.0,223.0,16.59,49.0,243.0,79.84,7.0,10.0,9.8,9.2,2534.0,9.6,2402.0,0.899,5.0,0,25.0,29.2,82.0,38.0,39.0,5.0,81.0,0.494,253.0,267.0,0.0,4.0,-0.2,0.02,3.09,3.26,45.0,252.0,17.86,47.0,245.0,80.82,11.0,11.0,9.4,9.2,2572.0,9.8,2438.0,0.89,2.0,1,0,0,0,0,0,1,0,0,19029,9.853719410302007,0.8640496084923013,0,0
18089.0,9.803059297701635,Colorado Avalanche,Carolina Hurricanes,8.0,28.8,82.0,50.0,25.0,7.0,107.0,0.652,302.0,252.0,2.0,2.0,0.57,-0.05,3.68,3.07,68.0,278.0,24.46,53.0,264.0,79.92,7.0,6.0,8.9,9.7,2705.0,11.2,2444.0,0.897,4.0,0,3.0,29.4,82.0,52.0,23.0,7.0,111.0,0.677,277.0,211.0,2.0,5.0,0.73,-0.04,3.38,2.57,67.0,249.0,26.91,35.0,258.0,86.43,11.0,8.0,8.5,8.0,2733.0,10.1,2101.0,0.9,8.0,0,0,0,0,0,0,1,0,0,18007,9.798515850169505,1.004553784639307,1,0
19515.0,9.878938679614715,Detroit Red Wings,New York Rangers,18.0,29.3,82.0,41.0,32.0,9.0,91.0,0.555,275.0,273.0,3.0,1.0,0.06,0.02,3.35,3.33,63.0,273.0,23.08,49.0,240.0,79.58,7.0,10.0,8.7,9.9,2375.0,11.6,2657.0,0.897,4.0,0,1.0,29.1,82.0,55.0,23.0,4.0,114.0,0.695,278.0,226.0,4.0,3.0,0.61,-0.03,3.39,2.76,65.0,246.0,26.42,36.0,232.0,84.48,8.0,6.0,9.4,10.4,2582.0,10.8,2418.0,0.907,6.0,0,0,0,0,0,0,1,0,0,20000,9.903487552536127,0.97575,0,1
19547.0,9.880577100953023,Florida Panthers,Philadelphia Flyers,5.0,29.5,82.0,52.0,24.0,6.0,110.0,0.671,265.0,198.0,3.0,2.0,0.81,-0.02,3.23,2.41,63.0,268.0,23.51,51.0,291.0,82.47,8.0,9.0,13.6,13.5,2764.0,9.6,2279.0,0.913,8.0,0,21.0,27.1,82.0,38.0,33.0,11.0,87.0,0.53,231.0,258.0,4.0,3.0,-0.29,0.03,2.82,3.15,31.0,254.0,12.2,40.0,241.0,83.4,16.0,4.0,10.1,9.7,2708.0,8.5,2225.0,0.884,5.0,0,0,0,0,0,0,1,0,0,19109,9.857914707241372,1.0229211366371866,1,0
18145.0,9.806150319647172,Los Angeles Kings,Columbus Blue Jackets,12.0,29.5,82.0,44.0,27.0,11.0,99.0,0.604,254.0,210.0,2.0,5.0,0.45,-0.05,3.1,2.56,56.0,248.0,22.58,39.0,253.0,84.58,11.0,7.0,8.7,9.5,2616.0,9.7,2296.0,0.909,7.0,0,29.0,26.8,82.0,27.0,43.0,12.0,66.0,0.402,234.0,298.0,3.0,2.0,-0.72,0.05,2.85,3.63,32.0,212.0,15.09,56.0,236.0,76.27,5.0,6.0,8.2,7.6,2458.0,9.5,2822.0,0.894,1.0,0,0,0,0,0,0,1,0,0,18118,9.804661198229233,1.0014902307097913,0,0
17255.0,9.755857235532103,New York Islanders,New Jersey Devils,15.0,29.6,82.0,39.0,27.0,16.0,94.0,0.573,245.0,258.0,1.0,5.0,-0.18,0.03,2.99,3.15,47.0,231.0,20.35,63.0,221.0,71.49,10.0,3.0,7.1,7.4,2470.0,9.9,2686.0,0.904,5.0,0,23.0,26.8,82.0,38.0,39.0,5.0,81.0,0.494,264.0,281.0,0.0,2.0,-0.22,0.01,3.22,3.43,55.0,245.0,22.45,47.0,243.0,80.66,3.0,9.0,9.1,9.6,2516.0,10.5,2458.0,0.886,1.0,0,0,0,0,0,0,1,0,1,17113,9.747593687577451,1.008297785309414,0,0
18096.0,9.803446198355902,St. Louis Blues,Washington Capitals,16.0,29.0,82.0,43.0,33.0,6.0,92.0,0.561,234.0,248.0,5.0,2.0,-0.14,-0.01,2.85,3.02,45.0,250.0,18.0,46.0,215.0,78.6,11.0,7.0,7.4,8.6,2370.0,9.9,2636.0,0.906,4.0,0,17.0,30.0,82.0,40.0,31.0,11.0,91.0,0.555,216.0,252.0,4.0,5.0,-0.41,0.04,2.63,3.07,47.0,228.0,20.61,49.0,233.0,78.97,3.0,5.0,7.7,7.4,2172.0,9.9,2503.0,0.899,7.0,0,0,0,0,0,0,1,0,0,18400,9.820105943597078,0.9834782608695652,0,0
19277.0,9.866667954397592,Toronto Maple Leafs,Montreal Canadiens,10.0,28.9,82.0,46.0,26.0,10.0,102.0,0.622,298.0,261.0,5.0,2.0,0.5,0.01,3.63,3.18,57.0,238.0,23.95,55.0,238.0,76.89,6.0,9.0,9.9,10.2,2671.0,11.2,2446.0,0.893,5.0,1,28.0,26.7,82.0,30.0,36.0,16.0,76.0,0.463,232.0,281.0,4.0,8.0,-0.59,0.05,2.83,3.43,44.0,252.0,17.46,65.0,277.0,76.53,7.0,12.0,10.2,10.0,2269.0,10.2,2738.0,0.897,2.0,1,0,0,0,0,0,1,0,1,18819,9.842622276764853,1.0243371061161592,1,0
18714.0,9.837027185835858,Vancouver Canucks,Edmonton Oilers,7.0,28.6,82.0,50.0,23.0,9.0,109.0,0.665,279.0,221.0,0.0,2.0,0.64,-0.04,3.4,2.7,58.0,257.0,22.57,53.0,254.0,79.13,7.0,7.0,9.6,9.7,2328.0,12.0,2343.0,0.906,7.0,1,9.0,29.4,82.0,49.0,27.0,6.0,104.0,0.634,292.0,236.0,2.0,1.0,0.65,-0.04,3.56,2.88,64.0,243.0,26.34,53.0,258.0,79.46,7.0,5.0,9.5,8.5,2768.0,10.5,2307.0,0.898,4.0,1,0,0,0,0,0,1,0,1,18910,9.847446161652503,0.9896351136964568,1,1
15225.0,9.630694092578098,Winnipeg Jets,Dallas Stars,4.0,29.4,82.0,52.0,24.0,6.0,110.0,0.671,259.0,198.0,0.0,1.0,0.69,-0.04,3.16,2.41,45.0,240.0,18.75,51.0,223.0,77.13,3.0,5.0,8.2,8.9,2488.0,10.4,2429.0,0.918,8.0,1,2.0,29.3,82.0,52.0,21.0,9.0,113.0,0.689,294.0,232.0,4.0,2.0,0.74,-0.04,3.59,2.83,58.0,240.0,24.17,43.0,239.0,82.01,12.0,4.0,6.8,7.5,2588.0,11.4,2350.0,0.901,4.0,0,0,0,0,0,0,1,0,1,15225,9.630694092578098,1.0,0,0
16153.0,9.689861069913759,Anaheim Ducks,Columbus Blue Jackets,30.0,27.7,82.0,27.0,50.0,5.0,59.0,0.36,203.0,293.0,1.0,2.0,-1.09,0.02,2.48,3.57,43.0,235.0,18.3,91.0,330.0,72.42,12.0,5.0,13.5,10.9,2194.0,9.3,2666.0,0.89,1.0,0,29.0,26.8,82.0,27.0,43.0,12.0,66.0,0.402,234.0,298.0,3.0,2.0,-0.72,0.05,2.85,3.63,32.0,212.0,15.09,56.0,236.0,76.27,5.0,6.0,8.2,7.6,2458.0,9.5,2822.0,0.894,1.0,0,0,0,0,0,0,0,1,0,17174,9.75115189123243,0.9405496681029463,0,0
19657.0,9.8861887879578,Chicago Blackhawks,Minnesota Wild,31.0,27.4,82.0,23.0,53.0,6.0,52.0,0.317,178.0,289.0,1.0,1.0,-1.29,0.06,2.17,3.52,39.0,235.0,16.6,56.0,231.0,75.76,3.0,8.0,8.7,9.3,2153.0,8.3,2681.0,0.892,1.0,0,20.0,29.3,82.0,39.0,34.0,9.0,87.0,0.53,248.0,260.0,3.0,3.0,-0.14,0.01,3.02,3.17,62.0,273.0,22.71,67.0,263.0,74.52,3.0,11.0,11.4,11.3,2471.0,10.0,2437.0,0.893,6.0,0,0,0,0,0,0,0,1,1,20243,9.915564333761576,0.9710517215827693,0,1
16514.0,9.711963784977375,New Jersey Devils,San Jose Sharks,23.0,26.8,82.0,38.0,39.0,5.0,81.0,0.494,264.0,281.0,0.0,2.0,-0.22,0.01,3.22,3.43,55.0,245.0,22.45,47.0,243.0,80.66,3.0,9.0,9.1,9.6,2516.0,10.5,2458.0,0.886,1.0,0,32.0,27.7,82.0,19.0,54.0,9.0,47.0,0.287,180.0,326.0,1.0,5.0,-1.78,0.05,2.2,3.98,42.0,208.0,20.19,62.0,252.0,75.4,3.0,8.0,9.5,8.2,2069.0,8.7,2881.0,0.887,2.0,0,0,0,0,0,0,0,1,0,16535,9.713234625415893,0.998729966737224,0,0
15687.0,9.66058762285624,Buffalo Sabres,Montreal Canadiens,22.0,25.7,82.0,39.0,37.0,6.0,84.0,0.512,244.0,243.0,2.0,1.0,0.03,0.01,2.98,2.96,37.0,223.0,16.59,49.0,243.0,79.84,7.0,10.0,9.8,9.2,2534.0,9.6,2402.0,0.899,5.0,0,28.0,26.7,82.0,30.0,36.0,16.0,76.0,0.463,232.0,281.0,4.0,8.0,-0.59,0.05,2.83,3.43,44.0,252.0,17.46,65.0,277.0,76.53,7.0,12.0,10.2,10.0,2269.0,10.2,2738.0,0.897,2.0,1,1,0,0,0,0,0,0,1,19029,9.853719410302007,0.8243733249251143,0,0
16920.0,9.736251633160215,Calgary Flames,Los Angeles Kings,25.0,29.2,82.0,38.0,39.0,5.0,81.0,0.494,253.0,267.0,0.0,4.0,-0.2,0.02,3.09,3.26,45.0,252.0,17.86,47.0,245.0,80.82,11.0,11.0,9.4,9.2,2572.0,9.8,2438.0,0.89,2.0,1,12.0,29.5,82.0,44.0,27.0,11.0,99.0,0.604,254.0,210.0,2.0,5.0,0.45,-0.05,3.1,2.56,56.0,248.0,22.58,39.0,253.0,84.58,11.0,7.0,8.7,9.5,2616.0,9.7,2296.0,0.909,7.0,0,1,0,0,0,0,0,0,1,19289,9.86729026422424,0.87718388718959,0,0
18016.0,9.799015530939418,Colorado Avalanche,Nashville Predators,8.0,28.8,82.0,50.0,25.0,7.0,107.0,0.652,302.0,252.0,2.0,2.0,0.57,-0.05,3.68,3.07,68.0,278.0,24.46,53.0,264.0,79.92,7.0,6.0,8.9,9.7,2705.0,11.2,2444.0,0.897,4.0,0,11.0,29.5,82.0,47.0,30.0,5.0,99.0,0.604,266.0,248.0,3.0,0.0,0.23,-0.02,3.24,3.02,58.0,269.0,21.56,57.0,247.0,76.92,7.0,5.0,9.7,9.5,2642.0,10.1,2507.0,0.901,4.0,0,1,0,0,0,0,0,0,1,18007,9.798515850169505,1.0004998056311434,1,1
18706.0,9.836599606994497,Philadelphia Flyers,San Jose Sharks,21.0,27.1,82.0,38.0,33.0,11.0,87.0,0.53,231.0,258.0,4.0,3.0,-0.29,0.03,2.82,3.15,31.0,254.0,12.2,40.0,241.0,83.4,16.0,4.0,10.1,9.7,2708.0,8.5,2225.0,0.884,5.0,0,32.0,27.7,82.0,19.0,54.0,9.0,47.0,0.287,180.0,326.0,1.0,5.0,-1.78,0.05,2.2,3.98,42.0,208.0,20.19,62.0,252.0,75.4,3.0,8.0,9.5,8.2,2069.0,8.7,2881.0,0.887,2.0,0,1,0,0,0,0,0,0,0,19537,9.880065382591635,0.9574653222091416,0,0
16526.0,9.71269017726113,Pittsburgh Penguins,Dallas Stars,19.0,31.3,82.0,38.0,32.0,12.0,88.0,0.537,253.0,248.0,2.0,3.0,0.05,0.0,3.09,3.02,40.0,262.0,15.27,47.0,243.0,80.66,5.0,12.0,7.4,7.9,2685.0,9.4,2479.0,0.9,8.0,0,2.0,29.3,82.0,52.0,21.0,9.0,113.0,0.689,294.0,232.0,4.0,2.0,0.74,-0.04,3.59,2.83,58.0,240.0,24.17,43.0,239.0,82.01,12.0,4.0,6.8,7.5,2588.0,11.4,2350.0,0.901,4.0,0,1,0,0,0,0,0,0,0,18387,9.819399172153842,0.8987871865992277,1,0
17908.0,9.793002819360856,Vegas Golden Knights,Carolina Hurricanes,14.0,29.0,82.0,45.0,29.0,8.0,98.0,0.598,263.0,243.0,4.0,2.0,0.22,-0.05,3.21,2.96,51.0,252.0,20.24,44.0,213.0,79.34,9.0,8.0,7.4,8.5,2548.0,10.3,2487.0,0.902,3.0,0,3.0,29.4,82.0,52.0,23.0,7.0,111.0,0.677,277.0,211.0,2.0,5.0,0.73,-0.04,3.38,2.57,67.0,249.0,26.91,35.0,258.0,86.43,11.0,8.0,8.5,8.0,2733.0,10.1,2101.0,0.9,8.0,0,1,0,0,0,0,0,0,0,17500,9.769956159911606,1.0233142857142856,0,0
18347.0,9.81722135237872,Edmonton Oilers,New York Islanders,9.0,29.4,82.0,49.0,27.0,6.0,104.0,0.634,292.0,236.0,2.0,1.0,0.65,-0.04,3.56,2.88,64.0,243.0,26.34,53.0,258.0,79.46,7.0,5.0,9.5,8.5,2768.0,10.5,2307.0,0.898,4.0,1,15.0,29.6,82.0,39.0,27.0,16.0,94.0,0.573,245.0,258.0,1.0,5.0,-0.18,0.03,2.99,3.15,47.0,231.0,20.35,63.0,221.0,71.49,10.0,3.0,7.1,7.4,2470.0,9.9,2686.0,0.904,5.0,0,0,1,0,0,0,0,0,0,18347,9.81722135237872,1.0,1,0
18677.0,9.835048099313607,Florida Panthers,New Jersey Devils,5.0,29.5,82.0,52.0,24.0,6.0,110.0,0.671,265.0,198.0,3.0,2.0,0.81,-0.02,3.23,2.41,63.0,268.0,23.51,51.0,291.0,82.47,8.0,9.0,13.6,13.5,2764.0,9.6,2279.0,0.913,8.0,0,23.0,26.8,82.0,38.0,39.0,5.0,81.0,0.494,264.0,281.0,0.0,2.0,-0.22,0.01,3.22,3.43,55.0,245.0,22.45,47.0,243.0,80.66,3.0,9.0,9.1,9.6,2516.0,10.5,2458.0,0.886,1.0,0,0,1,0,0,0,0,0,0,19109,9.857914707241372,0.9773928515359255,1,0
18006.0,9.798460314668421,New York Rangers,Winnipeg Jets,1.0,29.1,82.0,55.0,23.0,4.0,114.0,0.695,278.0,226.0,4.0,3.0,0.61,-0.03,3.39,2.76,65.0,246.0,26.42,36.0,232.0,84.48,8.0,6.0,9.4,10.4,2582.0,10.8,2418.0,0.907,6.0,0,4.0,29.4,82.0,52.0,24.0,6.0,110.0,0.671,259.0,198.0,0.0,1.0,0.69,-0.04,3.16,2.41,45.0,240.0,18.75,51.0,223.0,77.13,3.0,5.0,8.2,8.9,2488.0,10.4,2429.0,0.918,8.0,1,0,1,0,0,0,0,0,0,18006,9.798460314668421,1.0,1,0
17151.0,9.749811759932081,Seattle Kraken,Columbus Blue Jackets,24.0,29.4,82.0,34.0,35.0,13.0,81.0,0.494,214.0,232.0,3.0,4.0,-0.26,-0.03,2.61,2.83,50.0,242.0,20.66,47.0,222.0,78.83,6.0,9.0,8.0,8.1,2347.0,9.1,2391.0,0.903,5.0,0,29.0,26.8,82.0,27.0,43.0,12.0,66.0,0.402,234.0,298.0,3.0,2.0,-0.72,0.05,2.85,3.63,32.0,212.0,15.09,56.0,236.0,76.27,5.0,6.0,8.2,7.6,2458.0,9.5,2822.0,0.894,1.0,0,0,1,0,0,0,0,0,0,17100,9.746833742490752,1.0029824561403509,0,0
18096.0,9.803446198355902,St. Louis Blues,Boston Bruins,16.0,29.0,82.0,43.0,33.0,6.0,92.0,0.561,234.0,248.0,5.0,2.0,-0.14,-0.01,2.85,3.02,45.0,250.0,18.0,46.0,215.0,78.6,11.0,7.0,7.4,8.6,2370.0,9.9,2636.0,0.906,4.0,0,6.0,28.6,82.0,47.0,20.0,15.0,109.0,0.665,263.0,221.0,4.0,3.0,0.53,0.01,3.21,2.7,54.0,243.0,22.22,47.0,268.0,82.46,7.0,6.0,9.5,8.8,2399.0,11.0,2504.0,0.912,5.0,0,0,1,0,0,0,0,0,0,18400,9.820105943597078,0.9834782608695652,0,1
18648.0,9.833494180715594,Toronto Maple Leafs,Ottawa Senators,10.0,28.9,82.0,46.0,26.0,10.0,102.0,0.622,298.0,261.0,5.0,2.0,0.5,0.01,3.63,3.18,57.0,238.0,23.95,55.0,238.0,76.89,6.0,9.0,9.9,10.2,2671.0,11.2,2446.0,0.893,5.0,1,26.0,27.0,82.0,37.0,41.0,4.0,78.0,0.476,250.0,281.0,5.0,0.0,-0.28,0.04,3.05,3.43,51.0,283.0,18.02,61.0,245.0,75.1,7.0,6.0,10.4,11.1,2602.0,9.6,2432.0,0.884,2.0,1,0,1,0,0,0,0,0,1,18819,9.842622276764853,0.9909134385461502,1,0
18781.0,9.840600999480937,Vancouver Canucks,Calgary Flames,7.0,28.6,82.0,50.0,23.0,9.0,109.0,0.665,279.0,221.0,0.0,2.0,0.64,-0.04,3.4,2.7,58.0,257.0,22.57,53.0,254.0,79.13,7.0,7.0,9.6,9.7,2328.0,12.0,2343.0,0.906,7.0,1,25.0,29.2,82.0,38.0,39.0,5.0,81.0,0.494,253.0,267.0,0.0,4.0,-0.2,0.02,3.09,3.26,45.0,252.0,17.86,47.0,245.0,80.82,11.0,11.0,9.4,9.2,2572.0,9.8,2438.0,0.89,2.0,1,0,1,0,0,0,0,0,1,18910,9.847446161652503,0.9931782125859334,1,0
13153.0,9.48440514846878,Anaheim Ducks,Vegas Golden Knights,30.0,27.7,82.0,27.0,50.0,5.0,59.0,0.36,203.0,293.0,1.0,2.0,-1.09,0.02,2.48,3.57,43.0,235.0,18.3,91.0,330.0,72.42,12.0,5.0,13.5,10.9,2194.0,9.3,2666.0,0.89,1.0,0,14.0,29.0,82.0,45.0,29.0,8.0,98.0,0.598,263.0,243.0,4.0,2.0,0.22,-0.05,3.21,2.96,51.0,252.0,20.24,44.0,213.0,79.34,9.0,8.0,7.4,8.5,2548.0,10.3,2487.0,0.902,3.0,0,0,0,1,0,0,0,0,1,17174,9.75115189123243,0.7658670082683126,0,0
18059.0,9.801399454452342,Colorado Avalanche,Los Angeles Kings,8.0,28.8,82.0,50.0,25.0,7.0,107.0,0.652,302.0,252.0,2.0,2.0,0.57,-0.05,3.68,3.07,68.0,278.0,24.46,53.0,264.0,79.92,7.0,6.0,8.9,9.7,2705.0,11.2,2444.0,0.897,4.0,0,12.0,29.5,82.0,44.0,27.0,11.0,99.0,0.604,254.0,210.0,2.0,5.0,0.45,-0.05,3.1,2.56,56.0,248.0,22.58,39.0,253.0,84.58,11.0,7.0,8.7,9.5,2616.0,9.7,2296.0,0.909,7.0,0,0,0,1,0,0,0,0,0,18007,9.798515850169505,1.0028877658688289,1,0
15191.0,9.628458426207663,Pittsburgh Penguins,Detroit Red Wings,19.0,31.3,82.0,38.0,32.0,12.0,88.0,0.537,253.0,248.0,2.0,3.0,0.05,0.0,3.09,3.02,40.0,262.0,15.27,47.0,243.0,80.66,5.0,12.0,7.4,7.9,2685.0,9.4,2479.0,0.9,8.0,0,18.0,29.3,82.0,41.0,32.0,9.0,91.0,0.555,275.0,273.0,3.0,1.0,0.06,0.02,3.35,3.33,63.0,273.0,23.08,49.0,240.0,79.58,7.0,10.0,8.7,9.9,2375.0,11.6,2657.0,0.897,4.0,0,0,0,1,0,0,0,0,0,18387,9.819399172153842,0.8261815413063578,1,0
18573.0,9.829464192187341,Washington Capitals,Toronto Maple Leafs,17.0,30.0,82.0,40.0,31.0,11.0,91.0,0.555,216.0,252.0,4.0,5.0,-0.41,0.04,2.63,3.07,47.0,228.0,20.61,49.0,233.0,78.97,3.0,5.0,7.7,7.4,2172.0,9.9,2503.0,0.899,7.0,0,10.0,28.9,82.0,46.0,26.0,10.0,102.0,0.622,298.0,261.0,5.0,2.0,0.5,0.01,3.63,3.18,57.0,238.0,23.95,55.0,238.0,76.89,6.0,9.0,9.9,10.2,2671.0,11.2,2446.0,0.893,5.0,1,0,0,1,0,0,0,0,0,18506,9.825850282808975,1.0036204474224575,0,1
13943.0,9.54273286919502,Buffalo Sabres,St. Louis Blues,22.0,25.7,82.0,39.0,37.0,6.0,84.0,0.512,244.0,243.0,2.0,1.0,0.03,0.01,2.98,2.96,37.0,223.0,16.59,49.0,243.0,79.84,7.0,10.0,9.8,9.2,2534.0,9.6,2402.0,0.899,5.0,0,16.0,29.0,82.0,43.0,33.0,6.0,92.0,0.561,234.0,248.0,5.0,2.0,-0.14,-0.01,2.85,3.02,45.0,250.0,18.0,46.0,215.0,78.6,11.0,7.0,7.4,8.6,2370.0,9.9,2636.0,0.906,4.0,0,0,0,0,1,0,0,0,0,19029,9.853719410302007,0.7327237374533606,0,0
18532.0,9.827254246536539,Dallas Stars,Boston Bruins,2.0,29.3,82.0,52.0,21.0,9.0,113.0,0.689,294.0,232.0,4.0,2.0,0.74,-0.04,3.59,2.83,58.0,240.0,24.17,43.0,239.0,82.01,12.0,4.0,6.8,7.5,2588.0,11.4,2350.0,0.901,4.0,0,6.0,28.6,82.0,47.0,20.0,15.0,109.0,0.665,263.0,221.0,4.0,3.0,0.53,0.01,3.21,2.7,54.0,243.0,22.22,47.0,268.0,82.46,7.0,6.0,9.5,8.8,2399.0,11.0,2504.0,0.912,5.0,0,0,0,0,1,0,0,0,0,18408,9.820540631715202,1.0067362016514558,0,1
18347.0,9.81722135237872,Edmonton Oilers,Nashville Predators,9.0,29.4,82.0,49.0,27.0,6.0,104.0,0.634,292.0,236.0,2.0,1.0,0.65,-0.04,3.56,2.88,64.0,243.0,26.34,53.0,258.0,79.46,7.0,5.0,9.5,8.5,2768.0,10.5,2307.0,0.898,4.0,1,11.0,29.5,82.0,47.0,30.0,5.0,99.0,0.604,266.0,248.0,3.0,0.0,0.23,-0.02,3.24,3.02,58.0,269.0,21.56,57.0,247.0,76.92,7.0,5.0,9.7,9.5,2642.0,10.1,2507.0,0.901,4.0,0,0,0,0,1,0,0,0,0,18347,9.81722135237872,1.0,1,1
18573.0,9.829464192187341,Florida Panthers,New Jersey Devils,5.0,29.5,82.0,52.0,24.0,6.0,110.0,0.671,265.0,198.0,3.0,2.0,0.81,-0.02,3.23,2.41,63.0,268.0,23.51,51.0,291.0,82.47,8.0,9.0,13.6,13.5,2764.0,9.6,2279.0,0.913,8.0,0,23.0,26.8,82.0,38.0,39.0,5.0,81.0,0.494,264.0,281.0,0.0,2.0,-0.22,0.01,3.22,3.43,55.0,245.0,22.45,47.0,243.0,80.66,3.0,9.0,9.1,9.6,2516.0,10.5,2458.0,0.886,1.0,0,0,0,0,1,0,0,0,0,19109,9.857914707241372,0.9719503898686482,1,0
17012.0,9.741674256373525,Minnesota Wild,Montreal Canadiens,20.0,29.3,82.0,39.0,34.0,9.0,87.0,0.53,248.0,260.0,3.0,3.0,-0.14,0.01,3.02,3.17,62.0,273.0,22.71,67.0,263.0,74.52,3.0,11.0,11.4,11.3,2471.0,10.0,2437.0,0.893,6.0,0,28.0,26.7,82.0,30.0,36.0,16.0,76.0,0.463,232.0,281.0,4.0,8.0,-0.59,0.05,2.83,3.43,44.0,252.0,17.46,65.0,277.0,76.53,7.0,12.0,10.2,10.0,2269.0,10.2,2738.0,0.897,2.0,1,0,0,0,1,0,0,0,0,17954,9.795568210316635,0.9475325832683524,1,0
18006.0,9.798460314668421,New York Rangers,San Jose Sharks,1.0,29.1,82.0,55.0,23.0,4.0,114.0,0.695,278.0,226.0,4.0,3.0,0.61,-0.03,3.39,2.76,65.0,246.0,26.42,36.0,232.0,84.48,8.0,6.0,9.4,10.4,2582.0,10.8,2418.0,0.907,6.0,0,32.0,27.7,82.0,19.0,54.0,9.0,47.0,0.287,180.0,326.0,1.0,5.0,-1.78,0.05,2.2,3.98,42.0,208.0,20.19,62.0,252.0,75.4,3.0,8.0,9.5,8.2,2069.0,8.7,2881.0,0.887,2.0,0,0,0,0,1,0,0,0,0,18006,9.798460314668421,1.0,1,0
17162.0,9.750452916367067,Ottawa Senators,Philadelphia Flyers,26.0,27.0,82.0,37.0,41.0,4.0,78.0,0.476,250.0,281.0,5.0,0.0,-0.28,0.04,3.05,3.43,51.0,283.0,18.02,61.0,245.0,75.1,7.0,6.0,10.4,11.1,2602.0,9.6,2432.0,0.884,2.0,1,21.0,27.1,82.0,38.0,33.0,11.0,87.0,0.53,231.0,258.0,4.0,3.0,-0.29,0.03,2.82,3.15,31.0,254.0,12.2,40.0,241.0,83.4,16.0,4.0,10.1,9.7,2708.0,8.5,2225.0,0.884,5.0,0,0,0,0,1,0,0,0,0,18652,9.833708657928211,0.9201158052755737,0,0
17151.0,9.749811759932081,Seattle Kraken,Chicago Blackhawks,24.0,29.4,82.0,34.0,35.0,13.0,81.0,0.494,214.0,232.0,3.0,4.0,-0.26,-0.03,2.61,2.83,50.0,242.0,20.66,47.0,222.0,78.83,6.0,9.0,8.0,8.1,2347.0,9.1,2391.0,0.903,5.0,0,31.0,27.4,82.0,23.0,53.0,6.0,52.0,0.317,178.0,289.0,1.0,1.0,-1.29,0.06,2.17,3.52,39.0,235.0,16.6,56.0,231.0,75.76,3.0,8.0,8.7,9.3,2153.0,8.3,2681.0,0.892,1.0,0,0,0,0,1,0,0,0,0,17100,9.746833742490752,1.0029824561403509,0,0
19092.0,9.857024678125788,Tampa Bay Lightning,Winnipeg Jets,13.0,29.1,82.0,45.0,29.0,8.0,98.0,0.598,288.0,267.0,3.0,1.0,0.28,0.0,3.51,3.26,71.0,248.0,28.63,39.0,234.0,83.33,5.0,6.0,11.0,11.0,2401.0,12.0,2430.0,0.89,4.0,0,4.0,29.4,82.0,52.0,24.0,6.0,110.0,0.671,259.0,198.0,0.0,1.0,0.69,-0.04,3.16,2.41,45.0,240.0,18.75,51.0,223.0,77.13,3.0,5.0,8.2,8.9,2488.0,10.4,2429.0,0.918,8.0,1,0,0,0,1,0,0,0,0,19204,9.862873869650832,0.9941678816913143,1,0
18728.0,9.837775009170747,Vancouver Canucks,New York Islanders,7.0,28.6,82.0,50.0,23.0,9.0,109.0,0.665,279.0,221.0,0.0,2.0,0.64,-0.04,3.4,2.7,58.0,257.0,22.57,53.0,254.0,79.13,7.0,7.0,9.6,9.7,2328.0,12.0,2343.0,0.906,7.0,1,15.0,29.6,82.0,39.0,27.0,16.0,94.0,0.573,245.0,258.0,1.0,5.0,-0.18,0.03,2.99,3.15,47.0,231.0,20.35,63.0,221.0,71.49,10.0,3.0,7.1,7.4,2470.0,9.9,2686.0,0.904,5.0,0,0,0,0,1,0,0,0,0,18910,9.847446161652503,0.9903754627181386,1,0
14154.0,9.55775254863573,Anaheim Ducks,Detroit Red Wings,30.0,27.7,82.0,27.0,50.0,5.0,59.0,0.36,203.0,293.0,1.0,2.0,-1.09,0.02,2.48,3.57,43.0,235.0,18.3,91.0,330.0,72.42,12.0,5.0,13.5,10.9,2194.0,9.3,2666.0,0.89,1.0,0,18.0,29.3,82.0,41.0,32.0,9.0,91.0,0.555,275.0,273.0,3.0,1.0,0.06,0.02,3.35,3.33,63.0,273.0,23.08,49.0,240.0,79.58,7.0,10.0,8.7,9.9,2375.0,11.6,2657.0,0.897,4.0,0,0,0,0,0,1,0,0,0,17174,9.75115189123243,0.824152789099802,0,0
18348.0,9.817275855717062,Columbus Blue Jackets,Pittsburgh Penguins,29.0,26.8,82.0,27.0,43.0,12.0,66.0,0.402,234.0,298.0,3.0,2.0,-0.72,0.05,2.85,3.63,32.0,212.0,15.09,56.0,236.0,76.27,5.0,6.0,8.2,7.6,2458.0,9.5,2822.0,0.894,1.0,0,19.0,31.3,82.0,38.0,32.0,12.0,88.0,0.537,253.0,248.0,2.0,3.0,0.05,0.0,3.09,3.02,40.0,262.0,15.27,47.0,243.0,80.66,5.0,12.0,7.4,7.9,2685.0,9.4,2479.0,0.9,8.0,0,0,0,0,0,1,0,0,1,20556,9.93090814811212,0.8925861062463515,0,1
17900.0,9.792555991828847,Calgary Flames,Nashville Predators,25.0,29.2,82.0,38.0,39.0,5.0,81.0,0.494,253.0,267.0,0.0,4.0,-0.2,0.02,3.09,3.26,45.0,252.0,17.86,47.0,245.0,80.82,11.0,11.0,9.4,9.2,2572.0,9.8,2438.0,0.89,2.0,1,11.0,29.5,82.0,47.0,30.0,5.0,99.0,0.604,266.0,248.0,3.0,0.0,0.23,-0.02,3.24,3.02,58.0,269.0,21.56,57.0,247.0,76.92,7.0,5.0,9.7,9.5,2642.0,10.1,2507.0,0.901,4.0,0,0,0,0,0,1,0,0,0,19289,9.86729026422424,0.9279900461402872,0,1
18083.0,9.80272754938498,Colorado Avalanche,Washington Capitals,8.0,28.8,82.0,50.0,25.0,7.0,107.0,0.652,302.0,252.0,2.0,2.0,0.57,-0.05,3.68,3.07,68.0,278.0,24.46,53.0,264.0,79.92,7.0,6.0,8.9,9.7,2705.0,11.2,2444.0,0.897,4.0,0,17.0,30.0,82.0,40.0,31.0,11.0,91.0,0.555,216.0,252.0,4.0,5.0,-0.41,0.04,2.63,3.07,47.0,228.0,20.61,49.0,233.0,78.97,3.0,5.0,7.7,7.4,2172.0,9.9,2503.0,0.899,7.0,0,0,0,0,0,1,0,0,0,18007,9.798515850169505,1.0042205808852114,1,0
17850.0,9.789758787207784,Boston Bruins,St. Louis Blues,6.0,28.6,82.0,47.0,20.0,15.0,109.0,0.665,263.0,221.0,4.0,3.0,0.53,0.01,3.21,2.7,54.0,243.0,22.22,47.0,268.0,82.46,7.0,6.0,9.5,8.8,2399.0,11.0,2504.0,0.912,5.0,0,16.0,29.0,82.0,43.0,33.0,6.0,92.0,0.561,234.0,248.0,5.0,2.0,-0.14,-0.01,2.85,3.02,45.0,250.0,18.0,46.0,215.0,78.6,11.0,7.0,7.4,8.6,2370.0,9.9,2636.0,0.906,4.0,0,0,0,0,0,0,1,0,0,17565,9.773663564699927,1.0162254483347566,1,0
18808.0,9.842037590219906,Carolina Hurricanes,Ottawa Senators,3.0,29.4,82.0,52.0,23.0,7.0,111.0,0.677,277.0,211.0,2.0,5.0,0.73,-0.04,3.38,2.57,67.0,249.0,26.91,35.0,258.0,86.43,11.0,8.0,8.5,8.0,2733.0,10.1,2101.0,0.9,8.0,0,26.0,27.0,82.0,37.0,41.0,4.0,78.0,0.476,250.0,281.0,5.0,0.0,-0.28,0.04,3.05,3.43,51.0,283.0,18.02,61.0,245.0,75.1,7.0,6.0,10.4,11.1,2602.0,9.6,2432.0,0.884,2.0,1,0,0,0,0,0,1,0,0,18680,9.835208711782833,1.0068522483940043,0,0
19157.0,9.860423463065102,Florida Panthers,Winnipeg Jets,5.0,29.5,82.0,52.0,24.0,6.0,110.0,0.671,265.0,198.0,3.0,2.0,0.81,-0.02,3.23,2.41,63.0,268.0,23.51,51.0,291.0,82.47,8.0,9.0,13.6,13.5,2764.0,9.6,2279.0,0.913,8.0,0,4.0,29.4,82.0,52.0,24.0,6.0,110.0,0.671,259.0,198.0,0.0,1.0,0.69,-0.04,3.16,2.41,45.0,240.0,18.75,51.0,223.0,77.13,3.0,5.0,8.2,8.9,2488.0,10.4,2429.0,0.918,8.0,1,0,0,0,0,0,1,0,0,19109,9.857914707241372,1.0025119053848972,1,0
18145.0,9.806150319647172,Los Angeles Kings,Detroit Red Wings,12.0,29.5,82.0,44.0,27.0,11.0,99.0,0.604,254.0,210.0,2.0,5.0,0.45,-0.05,3.1,2.56,56.0,248.0,22.58,39.0,253.0,84.58,11.0,7.0,8.7,9.5,2616.0,9.7,2296.0,0.909,7.0,0,18.0,29.3,82.0,41.0,32.0,9.0,91.0,0.555,275.0,273.0,3.0,1.0,0.06,0.02,3.35,3.33,63.0,273.0,23.08,49.0,240.0,79.58,7.0,10.0,8.7,9.9,2375.0,11.6,2657.0,0.897,4.0,0,0,0,0,0,0,1,0,0,18118,9.804661198229233,1.0014902307097913,0,0
18143.0,9.806040090370162,Minnesota Wild,Dallas Stars,20.0,29.3,82.0,39.0,34.0,9.0,87.0,0.53,248.0,260.0,3.0,3.0,-0.14,0.01,3.02,3.17,62.0,273.0,22.71,67.0,263.0,74.52,3.0,11.0,11.4,11.3,2471.0,10.0,2437.0,0.893,6.0,0,2.0,29.3,82.0,52.0,21.0,9.0,113.0,0.689,294.0,232.0,4.0,2.0,0.74,-0.04,3.59,2.83,58.0,240.0,24.17,43.0,239.0,82.01,12.0,4.0,6.8,7.5,2588.0,11.4,2350.0,0.901,4.0,0,0,0,0,0,0,1,0,1,17954,9.795568210316635,1.0105269020831014,1,0
21105.0,9.9572652582166,Montreal Canadiens,Columbus Blue Jackets,28.0,26.7,82.0,30.0,36.0,16.0,76.0,0.463,232.0,281.0,4.0,8.0,-0.59,0.05,2.83,3.43,44.0,252.0,17.46,65.0,277.0,76.53,7.0,12.0,10.2,10.0,2269.0,10.2,2738.0,0.897,2.0,1,29.0,26.8,82.0,27.0,43.0,12.0,66.0,0.402,234.0,298.0,3.0,2.0,-0.72,0.05,2.85,3.63,32.0,212.0,15.09,56.0,236.0,76.27,5.0,6.0,8.2,7.6,2458.0,9.5,2822.0,0.894,1.0,0,0,0,0,0,0,1,0,0,21105,9.9572652582166,1.0,0,0
18793.0,9.8412397390566,Philadelphia Flyers,Buffalo Sabres,21.0,27.1,82.0,38.0,33.0,11.0,87.0,0.53,231.0,258.0,4.0,3.0,-0.29,0.03,2.82,3.15,31.0,254.0,12.2,40.0,241.0,83.4,16.0,4.0,10.1,9.7,2708.0,8.5,2225.0,0.884,5.0,0,22.0,25.7,82.0,39.0,37.0,6.0,84.0,0.512,244.0,243.0,2.0,1.0,0.03,0.01,2.98,2.96,37.0,223.0,16.59,49.0,243.0,79.84,7.0,10.0,9.8,9.2,2534.0,9.6,2402.0,0.899,5.0,0,0,0,0,0,0,1,0,0,19537,9.880065382591635,0.9619184112197369,0,0
18194.0,9.808847148382007,Pittsburgh Penguins,San Jose Sharks,19.0,31.3,82.0,38.0,32.0,12.0,88.0,0.537,253.0,248.0,2.0,3.0,0.05,0.0,3.09,3.02,40.0,262.0,15.27,47.0,243.0,80.66,5.0,12.0,7.4,7.9,2685.0,9.4,2479.0,0.9,8.0,0,32.0,27.7,82.0,19.0,54.0,9.0,47.0,0.287,180.0,326.0,1.0,5.0,-1.78,0.05,2.2,3.98,42.0,208.0,20.19,62.0,252.0,75.4,3.0,8.0,9.5,8.2,2069.0,8.7,2881.0,0.887,2.0,0,0,0,0,0,0,1,0,0,18387,9.819399172153842,0.9895034535269484,1,0
17151.0,9.749811759932081,Seattle Kraken,New York Islanders,24.0,29.4,82.0,34.0,35.0,13.0,81.0,0.494,214.0,232.0,3.0,4.0,-0.26,-0.03,2.61,2.83,50.0,242.0,20.66,47.0,222.0,78.83,6.0,9.0,8.0,8.1,2347.0,9.1,2391.0,0.903,5.0,0,15.0,29.6,82.0,39.0,27.0,16.0,94.0,0.573,245.0,258.0,1.0,5.0,-0.18,0.03,2.99,3.15,47.0,231.0,20.35,63.0,221.0,71.49,10.0,3.0,7.1,7.4,2470.0,9.9,2686.0,0.904,5.0,0,0,0,0,0,0,1,0,0,17100,9.746833742490752,1.0029824561403509,0,0
19092.0,9.857024678125788,Tampa Bay Lightning,New Jersey Devils,13.0,29.1,82.0,45.0,29.0,8.0,98.0,0.598,288.0,267.0,3.0,1.0,0.28,0.0,3.51,3.26,71.0,248.0,28.63,39.0,234.0,83.33,5.0,6.0,11.0,11.0,2401.0,12.0,2430.0,0.89,4.0,0,23.0,26.8,82.0,38.0,39.0,5.0,81.0,0.494,264.0,281.0,0.0,2.0,-0.22,0.01,3.22,3.43,55.0,245.0,22.45,47.0,243.0,80.66,3.0,9.0,9.1,9.6,2516.0,10.5,2458.0,0.886,1.0,0,0,0,0,0,0,1,0,0,19204,9.862873869650832,0.9941678816913143,1,0
19301.0,9.867912187022208,Toronto Maple Leafs,Edmonton Oilers,10.0,28.9,82.0,46.0,26.0,10.0,102.0,0.622,298.0,261.0,5.0,2.0,0.5,0.01,3.63,3.18,57.0,238.0,23.95,55.0,238.0,76.89,6.0,9.0,9.9,10.2,2671.0,11.2,2446.0,0.893,5.0,1,9.0,29.4,82.0,49.0,27.0,6.0,104.0,0.634,292.0,236.0,2.0,1.0,0.65,-0.04,3.56,2.88,64.0,243.0,26.34,53.0,258.0,79.46,7.0,5.0,9.5,8.5,2768.0,10.5,2307.0,0.898,4.0,1,0,0,0,0,0,1,0,0,18819,9.842622276764853,1.0256124129868749,1,1
18620.0,9.831991550831058,Vancouver Canucks,Chicago Blackhawks,7.0,28.6,82.0,50.0,23.0,9.0,109.0,0.665,279.0,221.0,0.0,2.0,0.64,-0.04,3.4,2.7,58.0,257.0,22.57,53.0,254.0,79.13,7.0,7.0,9.6,9.7,2328.0,12.0,2343.0,0.906,7.0,1,31.0,27.4,82.0,23.0,53.0,6.0,52.0,0.317,178.0,289.0,1.0,1.0,-1.29,0.06,2.17,3.52,39.0,235.0,16.6,56.0,231.0,75.76,3.0,8.0,8.7,9.3,2153.0,8.3,2681.0,0.892,1.0,0,0,0,0,0,0,1,0,0,18910,9.847446161652503,0.9846641988365944,1,0
18797.0,9.841452561616595,Carolina Hurricanes,St. Louis Blues,3.0,29.4,82.0,52.0,23.0,7.0,111.0,0.677,277.0,211.0,2.0,5.0,0.73,-0.04,3.38,2.57,67.0,249.0,26.91,35.0,258.0,86.43,11.0,8.0,8.5,8.0,2733.0,10.1,2101.0,0.9,8.0,0,16.0,29.0,82.0,43.0,33.0,6.0,92.0,0.561,234.0,248.0,5.0,2.0,-0.14,-0.01,2.85,3.02,45.0,250.0,18.0,46.0,215.0,78.6,11.0,7.0,7.4,8.6,2370.0,9.9,2636.0,0.906,4.0,0,0,0,0,0,0,0,1,0,18680,9.835208711782833,1.0062633832976446,0,0
17151.0,9.749811759932081,Seattle Kraken,New York Rangers,24.0,29.4,82.0,34.0,35.0,13.0,81.0,0.494,214.0,232.0,3.0,4.0,-0.26,-0.03,2.61,2.83,50.0,242.0,20.66,47.0,222.0,78.83,6.0,9.0,8.0,8.1,2347.0,9.1,2391.0,0.903,5.0,0,1.0,29.1,82.0,55.0,23.0,4.0,114.0,0.695,278.0,226.0,4.0,3.0,0.61,-0.03,3.39,2.76,65.0,246.0,26.42,36.0,232.0,84.48,8.0,6.0,9.4,10.4,2582.0,10.8,2418.0,0.907,6.0,0,0,0,0,0,0,0,1,0,17100,9.746833742490752,1.0029824561403509,0,1
18587.0,9.830217690608354,Vancouver Canucks,Nashville Predators,7.0,28.6,82.0,50.0,23.0,9.0,109.0,0.665,279.0,221.0,0.0,2.0,0.64,-0.04,3.4,2.7,58.0,257.0,22.57,53.0,254.0,79.13,7.0,7.0,9.6,9.7,2328.0,12.0,2343.0,0.906,7.0,1,11.0,29.5,82.0,47.0,30.0,5.0,99.0,0.604,266.0,248.0,3.0,0.0,0.23,-0.02,3.24,3.02,58.0,269.0,21.56,57.0,247.0,76.92,7.0,5.0,9.7,9.5,2642.0,10.1,2507.0,0.901,4.0,0,0,0,0,0,0,0,1,0,18910,9.847446161652503,0.9829190904283448,1,1
17877.0,9.791270249415089,Vegas Golden Knights,Washington Capitals,14.0,29.0,82.0,45.0,29.0,8.0,98.0,0.598,263.0,243.0,4.0,2.0,0.22,-0.05,3.21,2.96,51.0,252.0,20.24,44.0,213.0,79.34,9.0,8.0,7.4,8.5,2548.0,10.3,2487.0,0.902,3.0,0,17.0,30.0,82.0,40.0,31.0,11.0,91.0,0.555,216.0,252.0,4.0,5.0,-0.41,0.04,2.63,3.07,47.0,228.0,20.61,49.0,233.0,78.97,3.0,5.0,7.7,7.4,2172.0,9.9,2503.0,0.899,7.0,0,0,0,0,0,0,0,1,0,17500,9.769956159911606,1.021542857142857,0,0
17850.0,9.789758787207784,Boston Bruins,Columbus Blue Jackets,6.0,28.6,82.0,47.0,20.0,15.0,109.0,0.665,263.0,221.0,4.0,3.0,0.53,0.01,3.21,2.7,54.0,243.0,22.22,47.0,268.0,82.46,7.0,6.0,9.5,8.8,2399.0,11.0,2504.0,0.912,5.0,0,29.0,26.8,82.0,27.0,43.0,12.0,66.0,0.402,234.0,298.0,3.0,2.0,-0.72,0.05,2.85,3.63,32.0,212.0,15.09,56.0,236.0,76.27,5.0,6.0,8.2,7.6,2458.0,9.5,2822.0,0.894,1.0,0,1,0,0,0,0,0,0,0,17565,9.773663564699927,1.0162254483347566,1,0
18532.0,9.827254246536539,Dallas Stars,Anaheim Ducks,2.0,29.3,82.0,52.0,21.0,9.0,113.0,0.689,294.0,232.0,4.0,2.0,0.74,-0.04,3.59,2.83,58.0,240.0,24.17,43.0,239.0,82.01,12.0,4.0,6.8,7.5,2588.0,11.4,2350.0,0.901,4.0,0,30.0,27.7,82.0,27.0,50.0,5.0,59.0,0.36,203.0,293.0,1.0,2.0,-1.09,0.02,2.48,3.57,43.0,235.0,18.3,91.0,330.0,72.42,12.0,5.0,13.5,10.9,2194.0,9.3,2666.0,0.89,1.0,0,1,0,0,0,0,0,0,0,18408,9.820540631715202,1.0067362016514558,0,0
21105.0,9.9572652582166,Montreal Canadiens,Edmonton Oilers,28.0,26.7,82.0,30.0,36.0,16.0,76.0,0.463,232.0,281.0,4.0,8.0,-0.59,0.05,2.83,3.43,44.0,252.0,17.46,65.0,277.0,76.53,7.0,12.0,10.2,10.0,2269.0,10.2,2738.0,0.897,2.0,1,9.0,29.4,82.0,49.0,27.0,6.0,104.0,0.634,292.0,236.0,2.0,1.0,0.65,-0.04,3.56,2.88,64.0,243.0,26.34,53.0,258.0,79.46,7.0,5.0,9.5,8.5,2768.0,10.5,2307.0,0.898,4.0,1,1,0,0,0,0,0,0,0,21105,9.9572652582166,1.0,0,1
18930.0,9.848503244203368,Philadelphia Flyers,Colorado Avalanche,21.0,27.1,82.0,38.0,33.0,11.0,87.0,0.53,231.0,258.0,4.0,3.0,-0.29,0.03,2.82,3.15,31.0,254.0,12.2,40.0,241.0,83.4,16.0,4.0,10.1,9.7,2708.0,8.5,2225.0,0.884,5.0,0,8.0,28.8,82.0,50.0,25.0,7.0,107.0,0.652,302.0,252.0,2.0,2.0,0.57,-0.05,3.68,3.07,68.0,278.0,24.46,53.0,264.0,79.92,7.0,6.0,8.9,9.7,2705.0,11.2,2444.0,0.897,4.0,0,1,0,0,0,0,0,0,0,19537,9.880065382591635,0.9689307467881456,0,1
16565.0,9.715047314733996,Calgary Flames,New York Islanders,25.0,29.2,82.0,38.0,39.0,5.0,81.0,0.494,253.0,267.0,0.0,4.0,-0.2,0.02,3.09,3.26,45.0,252.0,17.86,47.0,245.0,80.82,11.0,11.0,9.4,9.2,2572.0,9.8,2438.0,0.89,2.0,1,15.0,29.6,82.0,39.0,27.0,16.0,94.0,0.573,245.0,258.0,1.0,5.0,-0.18,0.03,2.99,3.15,47.0,231.0,20.35,63.0,221.0,71.49,10.0,3.0,7.1,7.4,2470.0,9.9,2686.0,0.904,5.0,0,0,1,0,0,0,0,0,0,19289,9.86729026422424,0.8587796153247965,0,0
17712.0,9.781997654948418,Chicago Blackhawks,Anaheim Ducks,31.0,27.4,82.0,23.0,53.0,6.0,52.0,0.317,178.0,289.0,1.0,1.0,-1.29,0.06,2.17,3.52,39.0,235.0,16.6,56.0,231.0,75.76,3.0,8.0,8.7,9.3,2153.0,8.3,2681.0,0.892,1.0,0,30.0,27.7,82.0,27.0,50.0,5.0,59.0,0.36,203.0,293.0,1.0,2.0,-1.09,0.02,2.48,3.57,43.0,235.0,18.3,91.0,330.0,72.42,12.0,5.0,13.5,10.9,2194.0,9.3,2666.0,0.89,1.0,0,0,1,0,0,0,0,0,0,20243,9.915564333761576,0.8749691251296745,0,0
18676.0,9.834994556090829,Ottawa Senators,Edmonton Oilers,26.0,27.0,82.0,37.0,41.0,4.0,78.0,0.476,250.0,281.0,5.0,0.0,-0.28,0.04,3.05,3.43,51.0,283.0,18.02,61.0,245.0,75.1,7.0,6.0,10.4,11.1,2602.0,9.6,2432.0,0.884,2.0,1,9.0,29.4,82.0,49.0,27.0,6.0,104.0,0.634,292.0,236.0,2.0,1.0,0.65,-0.04,3.56,2.88,64.0,243.0,26.34,53.0,258.0,79.46,7.0,5.0,9.5,8.5,2768.0,10.5,2307.0,0.898,4.0,1,0,1,0,0,0,0,0,0,18652,9.833708657928211,1.0012867252841517,0,1
16065.0,9.68439827154996,Pittsburgh Penguins,Tampa Bay Lightning,19.0,31.3,82.0,38.0,32.0,12.0,88.0,0.537,253.0,248.0,2.0,3.0,0.05,0.0,3.09,3.02,40.0,262.0,15.27,47.0,243.0,80.66,5.0,12.0,7.4,7.9,2685.0,9.4,2479.0,0.9,8.0,0,13.0,29.1,82.0,45.0,29.0,8.0,98.0,0.598,288.0,267.0,3.0,1.0,0.28,0.0,3.51,3.26,71.0,248.0,28.63,39.0,234.0,83.33,5.0,6.0,11.0,11.0,2401.0,12.0,2430.0,0.89,4.0,0,0,1,0,0,0,0,0,0,18387,9.819399172153842,0.8737151248164464,1,1
16463.0,9.708870717648022,St. Louis Blues,Minnesota Wild,16.0,29.0,82.0,43.0,33.0,6.0,92.0,0.561,234.0,248.0,5.0,2.0,-0.14,-0.01,2.85,3.02,45.0,250.0,18.0,46.0,215.0,78.6,11.0,7.0,7.4,8.6,2370.0,9.9,2636.0,0.906,4.0,0,20.0,29.3,82.0,39.0,34.0,9.0,87.0,0.53,248.0,260.0,3.0,3.0,-0.14,0.01,3.02,3.17,62.0,273.0,22.71,67.0,263.0,74.52,3.0,11.0,11.4,11.3,2471.0,10.0,2437.0,0.893,6.0,0,0,1,0,0,0,0,0,1,18400,9.820105943597078,0.8947282608695653,0,1
18688.0,9.835636885627954,Vancouver Canucks,New York Rangers,7.0,28.6,82.0,50.0,23.0,9.0,109.0,0.665,279.0,221.0,0.0,2.0,0.64,-0.04,3.4,2.7,58.0,257.0,22.57,53.0,254.0,79.13,7.0,7.0,9.6,9.7,2328.0,12.0,2343.0,0.906,7.0,1,1.0,29.1,82.0,55.0,23.0,4.0,114.0,0.695,278.0,226.0,4.0,3.0,0.61,-0.03,3.39,2.76,65.0,246.0,26.42,36.0,232.0,84.48,8.0,6.0,9.4,10.4,2582.0,10.8,2418.0,0.907,6.0,0,0,1,0,0,0,0,0,0,18910,9.847446161652503,0.9882601797990481,1,1
15225.0,9.630694092578098,Winnipeg Jets,Florida Panthers,4.0,29.4,82.0,52.0,24.0,6.0,110.0,0.671,259.0,198.0,0.0,1.0,0.69,-0.04,3.16,2.41,45.0,240.0,18.75,51.0,223.0,77.13,3.0,5.0,8.2,8.9,2488.0,10.4,2429.0,0.918,8.0,1,5.0,29.5,82.0,52.0,24.0,6.0,110.0,0.671,265.0,198.0,3.0,2.0,0.81,-0.02,3.23,2.41,63.0,268.0,23.51,51.0,291.0,82.47,8.0,9.0,13.6,13.5,2764.0,9.6,2279.0,0.913,8.0,0,0,1,0,0,0,0,0,0,15225,9.630694092578098,1.0,0,1
18532.0,9.827254246536539,Dallas Stars,San Jose Sharks,2.0,29.3,82.0,52.0,21.0,9.0,113.0,0.689,294.0,232.0,4.0,2.0,0.74,-0.04,3.59,2.83,58.0,240.0,24.17,43.0,239.0,82.01,12.0,4.0,6.8,7.5,2588.0,11.4,2350.0,0.901,4.0,0,32.0,27.7,82.0,19.0,54.0,9.0,47.0,0.287,180.0,326.0,1.0,5.0,-1.78,0.05,2.2,3.98,42.0,208.0,20.19,62.0,252.0,75.4,3.0,8.0,9.5,8.2,2069.0,8.7,2881.0,0.887,2.0,0,0,0,1,0,0,0,0,0,18408,9.820540631715202,1.0067362016514558,0,0
16778.0,9.72782378340624,Los Angeles Kings,Buffalo Sabres,12.0,29.5,82.0,44.0,27.0,11.0,99.0,0.604,254.0,210.0,2.0,5.0,0.45,-0.05,3.1,2.56,56.0,248.0,22.58,39.0,253.0,84.58,11.0,7.0,8.7,9.5,2616.0,9.7,2296.0,0.909,7.0,0,22.0,25.7,82.0,39.0,37.0,6.0,84.0,0.512,244.0,243.0,2.0,1.0,0.03,0.01,2.98,2.96,37.0,223.0,16.59,49.0,243.0,79.84,7.0,10.0,9.8,9.2,2534.0,9.6,2402.0,0.899,5.0,0,0,0,1,0,0,0,0,0,18118,9.804661198229233,0.9260404018103543,0,0
17535.0,9.771954162574279,Philadelphia Flyers,Carolina Hurricanes,21.0,27.1,82.0,38.0,33.0,11.0,87.0,0.53,231.0,258.0,4.0,3.0,-0.29,0.03,2.82,3.15,31.0,254.0,12.2,40.0,241.0,83.4,16.0,4.0,10.1,9.7,2708.0,8.5,2225.0,0.884,5.0,0,3.0,29.4,82.0,52.0,23.0,7.0,111.0,0.677,277.0,211.0,2.0,5.0,0.73,-0.04,3.38,2.57,67.0,249.0,26.91,35.0,258.0,86.43,11.0,8.0,8.5,8.0,2733.0,10.1,2101.0,0.9,8.0,0,0,0,1,0,0,0,0,1,19537,9.880065382591635,0.8975277678251523,0,0
17151.0,9.749811759932081,Seattle Kraken,Nashville Predators,24.0,29.4,82.0,34.0,35.0,13.0,81.0,0.494,214.0,232.0,3.0,4.0,-0.26,-0.03,2.61,2.83,50.0,242.0,20.66,47.0,222.0,78.83,6.0,9.0,8.0,8.1,2347.0,9.1,2391.0,0.903,5.0,0,11.0,29.5,82.0,47.0,30.0,5.0,99.0,0.604,266.0,248.0,3.0,0.0,0.23,-0.02,3.24,3.02,58.0,269.0,21.56,57.0,247.0,76.92,7.0,5.0,9.7,9.5,2642.0,10.1,2507.0,0.901,4.0,0,0,0,1,0,0,0,0,0,17100,9.746833742490752,1.0029824561403509,0,1
18853.0,9.844427331406584,Toronto Maple Leafs,Vegas Golden Knights,10.0,28.9,82.0,46.0,26.0,10.0,102.0,0.622,298.0,261.0,5.0,2.0,0.5,0.01,3.63,3.18,57.0,238.0,23.95,55.0,238.0,76.89,6.0,9.0,9.9,10.2,2671.0,11.2,2446.0,0.893,5.0,1,14.0,29.0,82.0,45.0,29.0,8.0,98.0,0.598,263.0,243.0,4.0,2.0,0.22,-0.05,3.21,2.96,51.0,252.0,20.24,44.0,213.0,79.34,9.0,8.0,7.4,8.5,2548.0,10.3,2487.0,0.902,3.0,0,0,0,1,0,0,0,0,0,18819,9.842622276764853,1.001806684733514,1,0
16260.0,9.696463383101802,Columbus Blue Jackets,Tampa Bay Lightning,29.0,26.8,82.0,27.0,43.0,12.0,66.0,0.402,234.0,298.0,3.0,2.0,-0.72,0.05,2.85,3.63,32.0,212.0,15.09,56.0,236.0,76.27,5.0,6.0,8.2,7.6,2458.0,9.5,2822.0,0.894,1.0,0,13.0,29.1,82.0,45.0,29.0,8.0,98.0,0.598,288.0,267.0,3.0,1.0,0.28,0.0,3.51,3.26,71.0,248.0,28.63,39.0,234.0,83.33,5.0,6.0,11.0,11.0,2401.0,12.0,2430.0,0.89,4.0,0,0,0,0,1,0,0,0,0,20556,9.93090814811212,0.791009924109749,0,1
17033.0,9.742907917860578,Calgary Flames,New York Rangers,25.0,29.2,82.0,38.0,39.0,5.0,81.0,0.494,253.0,267.0,0.0,4.0,-0.2,0.02,3.09,3.26,45.0,252.0,17.86,47.0,245.0,80.82,11.0,11.0,9.4,9.2,2572.0,9.8,2438.0,0.89,2.0,1,1.0,29.1,82.0,55.0,23.0,4.0,114.0,0.695,278.0,226.0,4.0,3.0,0.61,-0.03,3.39,2.76,65.0,246.0,26.42,36.0,232.0,84.48,8.0,6.0,9.4,10.4,2582.0,10.8,2418.0,0.907,6.0,0,0,0,0,1,0,0,0,0,19289,9.86729026422424,0.8830421483747214,0,1
19107.0,9.857810039039476,Chicago Blackhawks,Florida Panthers,31.0,27.4,82.0,23.0,53.0,6.0,52.0,0.317,178.0,289.0,1.0,1.0,-1.29,0.06,2.17,3.52,39.0,235.0,16.6,56.0,231.0,75.76,3.0,8.0,8.7,9.3,2153.0,8.3,2681.0,0.892,1.0,0,5.0,29.5,82.0,52.0,24.0,6.0,110.0,0.671,265.0,198.0,3.0,2.0,0.81,-0.02,3.23,2.41,63.0,268.0,23.51,51.0,291.0,82.47,8.0,9.0,13.6,13.5,2764.0,9.6,2279.0,0.913,8.0,0,0,0,0,1,0,0,0,0,20243,9.915564333761576,0.94388183569629,0,1
19013.0,9.852878234709586,Detroit Red Wings,New York Islanders,18.0,29.3,82.0,41.0,32.0,9.0,91.0,0.555,275.0,273.0,3.0,1.0,0.06,0.02,3.35,3.33,63.0,273.0,23.08,49.0,240.0,79.58,7.0,10.0,8.7,9.9,2375.0,11.6,2657.0,0.897,4.0,0,15.0,29.6,82.0,39.0,27.0,16.0,94.0,0.573,245.0,258.0,1.0,5.0,-0.18,0.03,2.99,3.15,47.0,231.0,20.35,63.0,221.0,71.49,10.0,3.0,7.1,7.4,2470.0,9.9,2686.0,0.904,5.0,0,0,0,0,1,0,0,0,0,20000,9.903487552536127,0.95065,0,0
18347.0,9.81722135237872,Edmonton Oilers,Minnesota Wild,9.0,29.4,82.0,49.0,27.0,6.0,104.0,0.634,292.0,236.0,2.0,1.0,0.65,-0.04,3.56,2.88,64.0,243.0,26.34,53.0,258.0,79.46,7.0,5.0,9.5,8.5,2768.0,10.5,2307.0,0.898,4.0,1,20.0,29.3,82.0,39.0,34.0,9.0,87.0,0.53,248.0,260.0,3.0,3.0,-0.14,0.01,3.02,3.17,62.0,273.0,22.71,67.0,263.0,74.52,3.0,11.0,11.4,11.3,2471.0,10.0,2437.0,0.893,6.0,0,0,0,0,1,0,0,0,0,18347,9.81722135237872,1.0,1,1
16086.0,9.685704607464015,New Jersey Devils,Carolina Hurricanes,23.0,26.8,82.0,38.0,39.0,5.0,81.0,0.494,264.0,281.0,0.0,2.0,-0.22,0.01,3.22,3.43,55.0,245.0,22.45,47.0,243.0,80.66,3.0,9.0,9.1,9.6,2516.0,10.5,2458.0,0.886,1.0,0,3.0,29.4,82.0,52.0,23.0,7.0,111.0,0.677,277.0,211.0,2.0,5.0,0.73,-0.04,3.38,2.57,67.0,249.0,26.91,35.0,258.0,86.43,11.0,8.0,8.5,8.0,2733.0,10.1,2101.0,0.9,8.0,0,0,0,0,1,0,0,0,1,16535,9.713234625415893,0.9728454792863622,0,0
16822.0,9.730442832522382,Ottawa Senators,Vegas Golden Knights,26.0,27.0,82.0,37.0,41.0,4.0,78.0,0.476,250.0,281.0,5.0,0.0,-0.28,0.04,3.05,3.43,51.0,283.0,18.02,61.0,245.0,75.1,7.0,6.0,10.4,11.1,2602.0,9.6,2432.0,0.884,2.0,1,14.0,29.0,82.0,45.0,29.0,8.0,98.0,0.598,263.0,243.0,4.0,2.0,0.22,-0.05,3.21,2.96,51.0,252.0,20.24,44.0,213.0,79.34,9.0,8.0,7.4,8.5,2548.0,10.3,2487.0,0.902,3.0,0,0,0,0,1,0,0,0,0,18652,9.833708657928211,0.9018871970834227,0,0
17273.0,9.756899867693285,St. Louis Blues,San Jose Sharks,16.0,29.0,82.0,43.0,33.0,6.0,92.0,0.561,234.0,248.0,5.0,2.0,-0.14,-0.01,2.85,3.02,45.0,250.0,18.0,46.0,215.0,78.6,11.0,7.0,7.4,8.6,2370.0,9.9,2636.0,0.906,4.0,0,32.0,27.7,82.0,19.0,54.0,9.0,47.0,0.287,180.0,326.0,1.0,5.0,-1.78,0.05,2.2,3.98,42.0,208.0,20.19,62.0,252.0,75.4,3.0,8.0,9.5,8.2,2069.0,8.7,2881.0,0.887,2.0,0,0,0,0,1,0,0,0,0,18400,9.820105943597078,0.93875,0,0
17414.0,9.765029759388561,Washington Capitals,Colorado Avalanche,17.0,30.0,82.0,40.0,31.0,11.0,91.0,0.555,216.0,252.0,4.0,5.0,-0.41,0.04,2.63,3.07,47.0,228.0,20.61,49.0,233.0,78.97,3.0,5.0,7.7,7.4,2172.0,9.9,2503.0,0.899,7.0,0,8.0,28.8,82.0,50.0,25.0,7.0,107.0,0.652,302.0,252.0,2.0,2.0,0.57,-0.05,3.68,3.07,68.0,278.0,24.46,53.0,264.0,79.92,7.0,6.0,8.9,9.7,2705.0,11.2,2444.0,0.897,4.0,0,0,0,0,1,0,0,0,0,18506,9.825850282808975,0.9409921106668108,0,1
13776.0,9.530683226667511,Anaheim Ducks,Buffalo Sabres,30.0,27.7,82.0,27.0,50.0,5.0,59.0,0.36,203.0,293.0,1.0,2.0,-1.09,0.02,2.48,3.57,43.0,235.0,18.3,91.0,330.0,72.42,12.0,5.0,13.5,10.9,2194.0,9.3,2666.0,0.89,1.0,0,22.0,25.7,82.0,39.0,37.0,6.0,84.0,0.512,244.0,243.0,2.0,1.0,0.03,0.01,2.98,2.96,37.0,223.0,16.59,49.0,243.0,79.84,7.0,10.0,9.8,9.2,2534.0,9.6,2402.0,0.899,5.0,0,0,0,0,0,1,0,0,0,17174,9.75115189123243,0.8021427739606382,0,0
15232.0,9.631153757031147,Pittsburgh Penguins,Winnipeg Jets,19.0,31.3,82.0,38.0,32.0,12.0,88.0,0.537,253.0,248.0,2.0,3.0,0.05,0.0,3.09,3.02,40.0,262.0,15.27,47.0,243.0,80.66,5.0,12.0,7.4,7.9,2685.0,9.4,2479.0,0.9,8.0,0,4.0,29.4,82.0,52.0,24.0,6.0,110.0,0.671,259.0,198.0,0.0,1.0,0.69,-0.04,3.16,2.41,45.0,240.0,18.75,51.0,223.0,77.13,3.0,5.0,8.2,8.9,2488.0,10.4,2429.0,0.918,8.0,1,0,0,0,0,1,0,0,0,18387,9.819399172153842,0.8284113776037417,1,0
16013.0,9.681156171322476,Columbus Blue Jackets,Carolina Hurricanes,29.0,26.8,82.0,27.0,43.0,12.0,66.0,0.402,234.0,298.0,3.0,2.0,-0.72,0.05,2.85,3.63,32.0,212.0,15.09,56.0,236.0,76.27,5.0,6.0,8.2,7.6,2458.0,9.5,2822.0,0.894,1.0,0,3.0,29.4,82.0,52.0,23.0,7.0,111.0,0.677,277.0,211.0,2.0,5.0,0.73,-0.04,3.38,2.57,67.0,249.0,26.91,35.0,258.0,86.43,11.0,8.0,8.5,8.0,2733.0,10.1,2101.0,0.9,8.0,0,0,0,0,0,0,1,0,1,20556,9.93090814811212,0.7789939676979957,0,0
17116.0,9.747768977536708,Calgary Flames,Minnesota Wild,25.0,29.2,82.0,38.0,39.0,5.0,81.0,0.494,253.0,267.0,0.0,4.0,-0.2,0.02,3.09,3.26,45.0,252.0,17.86,47.0,245.0,80.82,11.0,11.0,9.4,9.2,2572.0,9.8,2438.0,0.89,2.0,1,20.0,29.3,82.0,39.0,34.0,9.0,87.0,0.53,248.0,260.0,3.0,3.0,-0.14,0.01,3.02,3.17,62.0,273.0,22.71,67.0,263.0,74.52,3.0,11.0,11.4,11.3,2471.0,10.0,2437.0,0.893,6.0,0,0,0,0,0,0,1,0,0,19289,9.86729026422424,0.8873451189797293,0,1
19515.0,9.878938679614715,Detroit Red Wings,Boston Bruins,18.0,29.3,82.0,41.0,32.0,9.0,91.0,0.555,275.0,273.0,3.0,1.0,0.06,0.02,3.35,3.33,63.0,273.0,23.08,49.0,240.0,79.58,7.0,10.0,8.7,9.9,2375.0,11.6,2657.0,0.897,4.0,0,6.0,28.6,82.0,47.0,20.0,15.0,109.0,0.665,263.0,221.0,4.0,3.0,0.53,0.01,3.21,2.7,54.0,243.0,22.22,47.0,268.0,82.46,7.0,6.0,9.5,8.8,2399.0,11.0,2504.0,0.912,5.0,0,0,0,0,0,0,1,0,1,20000,9.903487552536127,0.97575,0,1
18347.0,9.81722135237872,Edmonton Oilers,New York Rangers,9.0,29.4,82.0,49.0,27.0,6.0,104.0,0.634,292.0,236.0,2.0,1.0,0.65,-0.04,3.56,2.88,64.0,243.0,26.34,53.0,258.0,79.46,7.0,5.0,9.5,8.5,2768.0,10.5,2307.0,0.898,4.0,1,1.0,29.1,82.0,55.0,23.0,4.0,114.0,0.695,278.0,226.0,4.0,3.0,0.61,-0.03,3.39,2.76,65.0,246.0,26.42,36.0,232.0,84.48,8.0,6.0,9.4,10.4,2582.0,10.8,2418.0,0.907,6.0,0,0,0,0,0,0,1,0,0,18347,9.81722135237872,1.0,1,1
18638.0,9.8329577863456,Florida Panthers,Colorado Avalanche,5.0,29.5,82.0,52.0,24.0,6.0,110.0,0.671,265.0,198.0,3.0,2.0,0.81,-0.02,3.23,2.41,63.0,268.0,23.51,51.0,291.0,82.47,8.0,9.0,13.6,13.5,2764.0,9.6,2279.0,0.913,8.0,0,8.0,28.8,82.0,50.0,25.0,7.0,107.0,0.652,302.0,252.0,2.0,2.0,0.57,-0.05,3.68,3.07,68.0,278.0,24.46,53.0,264.0,79.92,7.0,6.0,8.9,9.7,2705.0,11.2,2444.0,0.897,4.0,0,0,0,0,0,0,1,0,0,19109,9.857914707241372,0.9753519284106965,1,1
18145.0,9.806150319647172,Los Angeles Kings,Seattle Kraken,12.0,29.5,82.0,44.0,27.0,11.0,99.0,0.604,254.0,210.0,2.0,5.0,0.45,-0.05,3.1,2.56,56.0,248.0,22.58,39.0,253.0,84.58,11.0,7.0,8.7,9.5,2616.0,9.7,2296.0,0.909,7.0,0,24.0,29.4,82.0,34.0,35.0,13.0,81.0,0.494,214.0,232.0,3.0,4.0,-0.26,-0.03,2.61,2.83,50.0,242.0,20.66,47.0,222.0,78.83,6.0,9.0,8.0,8.1,2347.0,9.1,2391.0,0.903,5.0,0,0,0,0,0,0,1,0,1,18118,9.804661198229233,1.0014902307097913,0,0
21105.0,9.9572652582166,Montreal Canadiens,Vegas Golden Knights,28.0,26.7,82.0,30.0,36.0,16.0,76.0,0.463,232.0,281.0,4.0,8.0,-0.59,0.05,2.83,3.43,44.0,252.0,17.46,65.0,277.0,76.53,7.0,12.0,10.2,10.0,2269.0,10.2,2738.0,0.897,2.0,1,14.0,29.0,82.0,45.0,29.0,8.0,98.0,0.598,263.0,243.0,4.0,2.0,0.22,-0.05,3.21,2.96,51.0,252.0,20.24,44.0,213.0,79.34,9.0,8.0,7.4,8.5,2548.0,10.3,2487.0,0.902,3.0,0,0,0,0,0,0,1,0,0,21105,9.9572652582166,1.0,0,0
17159.0,9.750278096285621,Nashville Predators,Winnipeg Jets,11.0,29.5,82.0,47.0,30.0,5.0,99.0,0.604,266.0,248.0,3.0,0.0,0.23,-0.02,3.24,3.02,58.0,269.0,21.56,57.0,247.0,76.92,7.0,5.0,9.7,9.5,2642.0,10.1,2507.0,0.901,4.0,0,4.0,29.4,82.0,52.0,24.0,6.0,110.0,0.671,259.0,198.0,0.0,1.0,0.69,-0.04,3.16,2.41,45.0,240.0,18.75,51.0,223.0,77.13,3.0,5.0,8.2,8.9,2488.0,10.4,2429.0,0.918,8.0,1,0,0,0,0,0,1,0,1,17113,9.747593687577451,1.0026880149593875,1,0
17255.0,9.755857235532103,New York Islanders,St. Louis Blues,15.0,29.6,82.0,39.0,27.0,16.0,94.0,0.573,245.0,258.0,1.0,5.0,-0.18,0.03,2.99,3.15,47.0,231.0,20.35,63.0,221.0,71.49,10.0,3.0,7.1,7.4,2470.0,9.9,2686.0,0.904,5.0,0,16.0,29.0,82.0,43.0,33.0,6.0,92.0,0.561,234.0,248.0,5.0,2.0,-0.14,-0.01,2.85,3.02,45.0,250.0,18.0,46.0,215.0,78.6,11.0,7.0,7.4,8.6,2370.0,9.9,2636.0,0.906,4.0,0,0,0,0,0,0,1,0,0,17113,9.747593687577451,1.008297785309414,0,0
18995.0,9.851931065621725,Ottawa Senators,Vancouver Canucks,26.0,27.0,82.0,37.0,41.0,4.0,78.0,0.476,250.0,281.0,5.0,0.0,-0.28,0.04,3.05,3.43,51.0,283.0,18.02,61.0,245.0,75.1,7.0,6.0,10.4,11.1,2602.0,9.6,2432.0,0.884,2.0,1,7.0,28.6,82.0,50.0,23.0,9.0,109.0,0.665,279.0,221.0,0.0,2.0,0.64,-0.04,3.4,2.7,58.0,257.0,22.57,53.0,254.0,79.13,7.0,7.0,9.6,9.7,2328.0,12.0,2343.0,0.906,7.0,1,0,0,0,0,0,1,0,0,18652,9.833708657928211,1.01838944885267,0,1
18714.0,9.837027185835858,Philadelphia Flyers,Chicago Blackhawks,21.0,27.1,82.0,38.0,33.0,11.0,87.0,0.53,231.0,258.0,4.0,3.0,-0.29,0.03,2.82,3.15,31.0,254.0,12.2,40.0,241.0,83.4,16.0,4.0,10.1,9.7,2708.0,8.5,2225.0,0.884,5.0,0,31.0,27.4,82.0,23.0,53.0,6.0,52.0,0.317,178.0,289.0,1.0,1.0,-1.29,0.06,2.17,3.52,39.0,235.0,16.6,56.0,231.0,75.76,3.0,8.0,8.7,9.3,2153.0,8.3,2681.0,0.892,1.0,0,0,0,0,0,0,1,0,0,19537,9.880065382591635,0.9578748016583918,0,0
17435.0,9.766234959109752,San Jose Sharks,Buffalo Sabres,32.0,27.7,82.0,19.0,54.0,9.0,47.0,0.287,180.0,326.0,1.0,5.0,-1.78,0.05,2.2,3.98,42.0,208.0,20.19,62.0,252.0,75.4,3.0,8.0,9.5,8.2,2069.0,8.7,2881.0,0.887,2.0,0,22.0,25.7,82.0,39.0,37.0,6.0,84.0,0.512,244.0,243.0,2.0,1.0,0.03,0.01,2.98,2.96,37.0,223.0,16.59,49.0,243.0,79.84,7.0,10.0,9.8,9.2,2534.0,9.6,2402.0,0.899,5.0,0,0,0,0,0,0,1,0,0,17435,9.766234959109752,1.0,0,0
19092.0,9.857024678125788,Tampa Bay Lightning,Dallas Stars,13.0,29.1,82.0,45.0,29.0,8.0,98.0,0.598,288.0,267.0,3.0,1.0,0.28,0.0,3.51,3.26,71.0,248.0,28.63,39.0,234.0,83.33,5.0,6.0,11.0,11.0,2401.0,12.0,2430.0,0.89,4.0,0,2.0,29.3,82.0,52.0,21.0,9.0,113.0,0.689,294.0,232.0,4.0,2.0,0.74,-0.04,3.59,2.83,58.0,240.0,24.17,43.0,239.0,82.01,12.0,4.0,6.8,7.5,2588.0,11.4,2350.0,0.901,4.0,0,0,0,0,0,0,1,0,0,19204,9.862873869650832,0.9941678816913143,1,0
18573.0,9.829464192187341,Washington Capitals,New Jersey Devils,17.0,30.0,82.0,40.0,31.0,11.0,91.0,0.555,216.0,252.0,4.0,5.0,-0.41,0.04,2.63,3.07,47.0,228.0,20.61,49.0,233.0,78.97,3.0,5.0,7.7,7.4,2172.0,9.9,2503.0,0.899,7.0,0,23.0,26.8,82.0,38.0,39.0,5.0,81.0,0.494,264.0,281.0,0.0,2.0,-0.22,0.01,3.22,3.43,55.0,245.0,22.45,47.0,243.0,80.66,3.0,9.0,9.1,9.6,2516.0,10.5,2458.0,0.886,1.0,0,0,0,0,0,0,1,0,1,18506,9.825850282808975,1.0036204474224575,0,0
15331.0,9.637632201310455,Anaheim Ducks,Seattle Kraken,30.0,27.7,82.0,27.0,50.0,5.0,59.0,0.36,203.0,293.0,1.0,2.0,-1.09,0.02,2.48,3.57,43.0,235.0,18.3,91.0,330.0,72.42,12.0,5.0,13.5,10.9,2194.0,9.3,2666.0,0.89,1.0,0,24.0,29.4,82.0,34.0,35.0,13.0,81.0,0.494,214.0,232.0,3.0,4.0,-0.26,-0.03,2.61,2.83,50.0,242.0,20.66,47.0,222.0,78.83,6.0,9.0,8.0,8.1,2347.0,9.1,2391.0,0.903,5.0,0,1,0,0,0,0,0,0,1,17174,9.75115189123243,0.8926866193082567,0,0
18812.0,9.842250243064939,Carolina Hurricanes,Dallas Stars,3.0,29.4,82.0,52.0,23.0,7.0,111.0,0.677,277.0,211.0,2.0,5.0,0.73,-0.04,3.38,2.57,67.0,249.0,26.91,35.0,258.0,86.43,11.0,8.0,8.5,8.0,2733.0,10.1,2101.0,0.9,8.0,0,2.0,29.3,82.0,52.0,21.0,9.0,113.0,0.689,294.0,232.0,4.0,2.0,0.74,-0.04,3.59,2.83,58.0,240.0,24.17,43.0,239.0,82.01,12.0,4.0,6.8,7.5,2588.0,11.4,2350.0,0.901,4.0,0,1,0,0,0,0,0,0,0,18680,9.835208711782833,1.007066381156317,0,0
18504.0,9.825742203911275,Florida Panthers,Washington Capitals,5.0,29.5,82.0,52.0,24.0,6.0,110.0,0.671,265.0,198.0,3.0,2.0,0.81,-0.02,3.23,2.41,63.0,268.0,23.51,51.0,291.0,82.47,8.0,9.0,13.6,13.5,2764.0,9.6,2279.0,0.913,8.0,0,17.0,30.0,82.0,40.0,31.0,11.0,91.0,0.555,216.0,252.0,4.0,5.0,-0.41,0.04,2.63,3.07,47.0,228.0,20.61,49.0,233.0,78.97,3.0,5.0,7.7,7.4,2172.0,9.9,2503.0,0.899,7.0,0,1,0,0,0,0,0,0,0,19109,9.857914707241372,0.9683395258778587,1,0
17686.0,9.78052864513568,Minnesota Wild,Winnipeg Jets,20.0,29.3,82.0,39.0,34.0,9.0,87.0,0.53,248.0,260.0,3.0,3.0,-0.14,0.01,3.02,3.17,62.0,273.0,22.71,67.0,263.0,74.52,3.0,11.0,11.4,11.3,2471.0,10.0,2437.0,0.893,6.0,0,4.0,29.4,82.0,52.0,24.0,6.0,110.0,0.671,259.0,198.0,0.0,1.0,0.69,-0.04,3.16,2.41,45.0,240.0,18.75,51.0,223.0,77.13,3.0,5.0,8.2,8.9,2488.0,10.4,2429.0,0.918,8.0,1,1,0,0,0,0,0,0,1,17954,9.795568210316635,0.9850729642419517,1,0
16514.0,9.711963784977375,New Jersey Devils,Nashville Predators,23.0,26.8,82.0,38.0,39.0,5.0,81.0,0.494,264.0,281.0,0.0,2.0,-0.22,0.01,3.22,3.43,55.0,245.0,22.45,47.0,243.0,80.66,3.0,9.0,9.1,9.6,2516.0,10.5,2458.0,0.886,1.0,0,11.0,29.5,82.0,47.0,30.0,5.0,99.0,0.604,266.0,248.0,3.0,0.0,0.23,-0.02,3.24,3.02,58.0,269.0,21.56,57.0,247.0,76.92,7.0,5.0,9.7,9.5,2642.0,10.1,2507.0,0.901,4.0,0,1,0,0,0,0,0,0,0,16535,9.713234625415893,0.998729966737224,0,1
14900.0,9.60911649193355,New York Islanders,Detroit Red Wings,15.0,29.6,82.0,39.0,27.0,16.0,94.0,0.573,245.0,258.0,1.0,5.0,-0.18,0.03,2.99,3.15,47.0,231.0,20.35,63.0,221.0,71.49,10.0,3.0,7.1,7.4,2470.0,9.9,2686.0,0.904,5.0,0,18.0,29.3,82.0,41.0,32.0,9.0,91.0,0.555,275.0,273.0,3.0,1.0,0.06,0.02,3.35,3.33,63.0,273.0,23.08,49.0,240.0,79.58,7.0,10.0,8.7,9.9,2375.0,11.6,2657.0,0.897,4.0,0,1,0,0,0,0,0,0,0,17113,9.747593687577451,0.8706831064103313,0,0
18006.0,9.798460314668421,New York Rangers,St. Louis Blues,1.0,29.1,82.0,55.0,23.0,4.0,114.0,0.695,278.0,226.0,4.0,3.0,0.61,-0.03,3.39,2.76,65.0,246.0,26.42,36.0,232.0,84.48,8.0,6.0,9.4,10.4,2582.0,10.8,2418.0,0.907,6.0,0,16.0,29.0,82.0,43.0,33.0,6.0,92.0,0.561,234.0,248.0,5.0,2.0,-0.14,-0.01,2.85,3.02,45.0,250.0,18.0,46.0,215.0,78.6,11.0,7.0,7.4,8.6,2370.0,9.9,2636.0,0.906,4.0,0,1,0,0,0,0,0,0,0,18006,9.798460314668421,1.0,1,0
17196.0,9.752432077616172,Ottawa Senators,Calgary Flames,26.0,27.0,82.0,37.0,41.0,4.0,78.0,0.476,250.0,281.0,5.0,0.0,-0.28,0.04,3.05,3.43,51.0,283.0,18.02,61.0,245.0,75.1,7.0,6.0,10.4,11.1,2602.0,9.6,2432.0,0.884,2.0,1,25.0,29.2,82.0,38.0,39.0,5.0,81.0,0.494,253.0,267.0,0.0,4.0,-0.2,0.02,3.09,3.26,45.0,252.0,17.86,47.0,245.0,80.82,11.0,11.0,9.4,9.2,2572.0,9.8,2438.0,0.89,2.0,1,1,0,0,0,0,0,0,0,18652,9.833708657928211,0.9219386660947888,0,0
18050.0,9.800900963761027,Philadelphia Flyers,Vegas Golden Knights,21.0,27.1,82.0,38.0,33.0,11.0,87.0,0.53,231.0,258.0,4.0,3.0,-0.29,0.03,2.82,3.15,31.0,254.0,12.2,40.0,241.0,83.4,16.0,4.0,10.1,9.7,2708.0,8.5,2225.0,0.884,5.0,0,14.0,29.0,82.0,45.0,29.0,8.0,98.0,0.598,263.0,243.0,4.0,2.0,0.22,-0.05,3.21,2.96,51.0,252.0,20.24,44.0,213.0,79.34,9.0,8.0,7.4,8.5,2548.0,10.3,2487.0,0.902,3.0,0,1,0,0,0,0,0,0,0,19537,9.880065382591635,0.92388800737063,0,0
19092.0,9.857024678125788,Tampa Bay Lightning,Colorado Avalanche,13.0,29.1,82.0,45.0,29.0,8.0,98.0,0.598,288.0,267.0,3.0,1.0,0.28,0.0,3.51,3.26,71.0,248.0,28.63,39.0,234.0,83.33,5.0,6.0,11.0,11.0,2401.0,12.0,2430.0,0.89,4.0,0,8.0,28.8,82.0,50.0,25.0,7.0,107.0,0.652,302.0,252.0,2.0,2.0,0.57,-0.05,3.68,3.07,68.0,278.0,24.46,53.0,264.0,79.92,7.0,6.0,8.9,9.7,2705.0,11.2,2444.0,0.897,4.0,0,1,0,0,0,0,0,0,0,19204,9.862873869650832,0.9941678816913143,1,1
17850.0,9.789758787207784,Boston Bruins,Vancouver Canucks,6.0,28.6,82.0,47.0,20.0,15.0,109.0,0.665,263.0,221.0,4.0,3.0,0.53,0.01,3.21,2.7,54.0,243.0,22.22,47.0,268.0,82.46,7.0,6.0,9.5,8.8,2399.0,11.0,2504.0,0.912,5.0,0,7.0,28.6,82.0,50.0,23.0,9.0,109.0,0.665,279.0,221.0,0.0,2.0,0.64,-0.04,3.4,2.7,58.0,257.0,22.57,53.0,254.0,79.13,7.0,7.0,9.6,9.7,2328.0,12.0,2343.0,0.906,7.0,1,0,1,0,0,0,0,0,0,17565,9.773663564699927,1.0162254483347566,1,1
17326.0,9.759963542450086,Buffalo Sabres,Minnesota Wild,22.0,25.7,82.0,39.0,37.0,6.0,84.0,0.512,244.0,243.0,2.0,1.0,0.03,0.01,2.98,2.96,37.0,223.0,16.59,49.0,243.0,79.84,7.0,10.0,9.8,9.2,2534.0,9.6,2402.0,0.899,5.0,0,20.0,29.3,82.0,39.0,34.0,9.0,87.0,0.53,248.0,260.0,3.0,3.0,-0.14,0.01,3.02,3.17,62.0,273.0,22.71,67.0,263.0,74.52,3.0,11.0,11.4,11.3,2471.0,10.0,2437.0,0.893,6.0,0,0,0,1,0,0,0,0,0,19029,9.853719410302007,0.910505018655736,0,1
18905.0,9.847181716325034,Carolina Hurricanes,New York Rangers,3.0,29.4,82.0,52.0,23.0,7.0,111.0,0.677,277.0,211.0,2.0,5.0,0.73,-0.04,3.38,2.57,67.0,249.0,26.91,35.0,258.0,86.43,11.0,8.0,8.5,8.0,2733.0,10.1,2101.0,0.9,8.0,0,1.0,29.1,82.0,55.0,23.0,4.0,114.0,0.695,278.0,226.0,4.0,3.0,0.61,-0.03,3.39,2.76,65.0,246.0,26.42,36.0,232.0,84.48,8.0,6.0,9.4,10.4,2582.0,10.8,2418.0,0.907,6.0,0,0,0,1,0,0,0,0,1,18680,9.835208711782833,1.0120449678800856,0,1
15485.0,9.647627092407303,Columbus Blue Jackets,Montreal Canadiens,29.0,26.8,82.0,27.0,43.0,12.0,66.0,0.402,234.0,298.0,3.0,2.0,-0.72,0.05,2.85,3.63,32.0,212.0,15.09,56.0,236.0,76.27,5.0,6.0,8.2,7.6,2458.0,9.5,2822.0,0.894,1.0,0,28.0,26.7,82.0,30.0,36.0,16.0,76.0,0.463,232.0,281.0,4.0,8.0,-0.59,0.05,2.83,3.43,44.0,252.0,17.46,65.0,277.0,76.53,7.0,12.0,10.2,10.0,2269.0,10.2,2738.0,0.897,2.0,1,0,0,1,0,0,0,0,0,20556,9.93090814811212,0.7533080365829928,0,0
19144.0,9.85974462958821,Chicago Blackhawks,Dallas Stars,31.0,27.4,82.0,23.0,53.0,6.0,52.0,0.317,178.0,289.0,1.0,1.0,-1.29,0.06,2.17,3.52,39.0,235.0,16.6,56.0,231.0,75.76,3.0,8.0,8.7,9.3,2153.0,8.3,2681.0,0.892,1.0,0,2.0,29.3,82.0,52.0,21.0,9.0,113.0,0.689,294.0,232.0,4.0,2.0,0.74,-0.04,3.59,2.83,58.0,240.0,24.17,43.0,239.0,82.01,12.0,4.0,6.8,7.5,2588.0,11.4,2350.0,0.901,4.0,0,0,0,1,0,0,0,0,1,20243,9.915564333761576,0.9457096280195623,0,0
18078.0,9.802451008358355,Colorado Avalanche,Vegas Golden Knights,8.0,28.8,82.0,50.0,25.0,7.0,107.0,0.652,302.0,252.0,2.0,2.0,0.57,-0.05,3.68,3.07,68.0,278.0,24.46,53.0,264.0,79.92,7.0,6.0,8.9,9.7,2705.0,11.2,2444.0,0.897,4.0,0,14.0,29.0,82.0,45.0,29.0,8.0,98.0,0.598,263.0,243.0,4.0,2.0,0.22,-0.05,3.21,2.96,51.0,252.0,20.24,44.0,213.0,79.34,9.0,8.0,7.4,8.5,2548.0,10.3,2487.0,0.902,3.0,0,0,0,1,0,0,0,0,0,18007,9.798515850169505,1.0039429110901317,1,0
19515.0,9.878938679614715,Detroit Red Wings,Calgary Flames,18.0,29.3,82.0,41.0,32.0,9.0,91.0,0.555,275.0,273.0,3.0,1.0,0.06,0.02,3.35,3.33,63.0,273.0,23.08,49.0,240.0,79.58,7.0,10.0,8.7,9.9,2375.0,11.6,2657.0,0.897,4.0,0,25.0,29.2,82.0,38.0,39.0,5.0,81.0,0.494,253.0,267.0,0.0,4.0,-0.2,0.02,3.09,3.26,45.0,252.0,17.86,47.0,245.0,80.82,11.0,11.0,9.4,9.2,2572.0,9.8,2438.0,0.89,2.0,1,0,0,1,0,0,0,0,0,20000,9.903487552536127,0.97575,0,0
18563.0,9.828925631209223,Florida Panthers,Toronto Maple Leafs,5.0,29.5,82.0,52.0,24.0,6.0,110.0,0.671,265.0,198.0,3.0,2.0,0.81,-0.02,3.23,2.41,63.0,268.0,23.51,51.0,291.0,82.47,8.0,9.0,13.6,13.5,2764.0,9.6,2279.0,0.913,8.0,0,10.0,28.9,82.0,46.0,26.0,10.0,102.0,0.622,298.0,261.0,5.0,2.0,0.5,0.01,3.63,3.18,57.0,238.0,23.95,55.0,238.0,76.89,6.0,9.0,9.9,10.2,2671.0,11.2,2446.0,0.893,5.0,1,0,0,1,0,0,0,0,1,19109,9.857914707241372,0.9714270762467947,1,1
17395.0,9.763938087586043,Los Angeles Kings,Winnipeg Jets,12.0,29.5,82.0,44.0,27.0,11.0,99.0,0.604,254.0,210.0,2.0,5.0,0.45,-0.05,3.1,2.56,56.0,248.0,22.58,39.0,253.0,84.58,11.0,7.0,8.7,9.5,2616.0,9.7,2296.0,0.909,7.0,0,4.0,29.4,82.0,52.0,24.0,6.0,110.0,0.671,259.0,198.0,0.0,1.0,0.69,-0.04,3.16,2.41,45.0,240.0,18.75,51.0,223.0,77.13,3.0,5.0,8.2,8.9,2488.0,10.4,2429.0,0.918,8.0,1,0,0,1,0,0,0,0,0,18118,9.804661198229233,0.9600949332155867,0,0
16043.0,9.683027896351076,New Jersey Devils,St. Louis Blues,23.0,26.8,82.0,38.0,39.0,5.0,81.0,0.494,264.0,281.0,0.0,2.0,-0.22,0.01,3.22,3.43,55.0,245.0,22.45,47.0,243.0,80.66,3.0,9.0,9.1,9.6,2516.0,10.5,2458.0,0.886,1.0,0,16.0,29.0,82.0,43.0,33.0,6.0,92.0,0.561,234.0,248.0,5.0,2.0,-0.14,-0.01,2.85,3.02,45.0,250.0,18.0,46.0,215.0,78.6,11.0,7.0,7.4,8.6,2370.0,9.9,2636.0,0.906,4.0,0,0,0,1,0,0,0,0,0,16535,9.713234625415893,0.9702449349863925,0,0
17159.0,9.750278096285621,Nashville Predators,Philadelphia Flyers,11.0,29.5,82.0,47.0,30.0,5.0,99.0,0.604,266.0,248.0,3.0,0.0,0.23,-0.02,3.24,3.02,58.0,269.0,21.56,57.0,247.0,76.92,7.0,5.0,9.7,9.5,2642.0,10.1,2507.0,0.901,4.0,0,21.0,27.1,82.0,38.0,33.0,11.0,87.0,0.53,231.0,258.0,4.0,3.0,-0.29,0.03,2.82,3.15,31.0,254.0,12.2,40.0,241.0,83.4,16.0,4.0,10.1,9.7,2708.0,8.5,2225.0,0.884,5.0,0,0,0,1,0,0,0,0,0,17113,9.747593687577451,1.0026880149593875,1,0
16145.0,9.689365683192376,New York Islanders,Boston Bruins,15.0,29.6,82.0,39.0,27.0,16.0,94.0,0.573,245.0,258.0,1.0,5.0,-0.18,0.03,2.99,3.15,47.0,231.0,20.35,63.0,221.0,71.49,10.0,3.0,7.1,7.4,2470.0,9.9,2686.0,0.904,5.0,0,6.0,28.6,82.0,47.0,20.0,15.0,109.0,0.665,263.0,221.0,4.0,3.0,0.53,0.01,3.21,2.7,54.0,243.0,22.22,47.0,268.0,82.46,7.0,6.0,9.5,8.8,2399.0,11.0,2504.0,0.912,5.0,0,0,0,1,0,0,0,0,0,17113,9.747593687577451,0.9434348156372349,0,1
16016.0,9.681343501555002,Pittsburgh Penguins,Vancouver Canucks,19.0,31.3,82.0,38.0,32.0,12.0,88.0,0.537,253.0,248.0,2.0,3.0,0.05,0.0,3.09,3.02,40.0,262.0,15.27,47.0,243.0,80.66,5.0,12.0,7.4,7.9,2685.0,9.4,2479.0,0.9,8.0,0,7.0,28.6,82.0,50.0,23.0,9.0,109.0,0.665,279.0,221.0,0.0,2.0,0.64,-0.04,3.4,2.7,58.0,257.0,22.57,53.0,254.0,79.13,7.0,7.0,9.6,9.7,2328.0,12.0,2343.0,0.906,7.0,1,0,0,1,0,0,0,0,0,18387,9.819399172153842,0.8710501985098167,1,1
17151.0,9.749811759932081,Seattle Kraken,Anaheim Ducks,24.0,29.4,82.0,34.0,35.0,13.0,81.0,0.494,214.0,232.0,3.0,4.0,-0.26,-0.03,2.61,2.83,50.0,242.0,20.66,47.0,222.0,78.83,6.0,9.0,8.0,8.1,2347.0,9.1,2391.0,0.903,5.0,0,30.0,27.7,82.0,27.0,50.0,5.0,59.0,0.36,203.0,293.0,1.0,2.0,-1.09,0.02,2.48,3.57,43.0,235.0,18.3,91.0,330.0,72.42,12.0,5.0,13.5,10.9,2194.0,9.3,2666.0,0.89,1.0,0,0,0,1,0,0,0,0,1,17100,9.746833742490752,1.0029824561403509,0,0
19092.0,9.857024678125788,Tampa Bay Lightning,Washington Capitals,13.0,29.1,82.0,45.0,29.0,8.0,98.0,0.598,288.0,267.0,3.0,1.0,0.28,0.0,3.51,3.26,71.0,248.0,28.63,39.0,234.0,83.33,5.0,6.0,11.0,11.0,2401.0,12.0,2430.0,0.89,4.0,0,17.0,30.0,82.0,40.0,31.0,11.0,91.0,0.555,216.0,252.0,4.0,5.0,-0.41,0.04,2.63,3.07,47.0,228.0,20.61,49.0,233.0,78.97,3.0,5.0,7.7,7.4,2172.0,9.9,2503.0,0.899,7.0,0,0,0,1,0,0,0,0,0,19204,9.862873869650832,0.9941678816913143,1,0
17174.0,9.75115189123243,Anaheim Ducks,Los Angeles Kings,30.0,27.7,82.0,27.0,50.0,5.0,59.0,0.36,203.0,293.0,1.0,2.0,-1.09,0.02,2.48,3.57,43.0,235.0,18.3,91.0,330.0,72.42,12.0,5.0,13.5,10.9,2194.0,9.3,2666.0,0.89,1.0,0,12.0,29.5,82.0,44.0,27.0,11.0,99.0,0.604,254.0,210.0,2.0,5.0,0.45,-0.05,3.1,2.56,56.0,248.0,22.58,39.0,253.0,84.58,11.0,7.0,8.7,9.5,2616.0,9.7,2296.0,0.909,7.0,0,0,0,0,0,1,0,0,1,17174,9.75115189123243,1.0,0,0
17850.0,9.789758787207784,Boston Bruins,Pittsburgh Penguins,6.0,28.6,82.0,47.0,20.0,15.0,109.0,0.665,263.0,221.0,4.0,3.0,0.53,0.01,3.21,2.7,54.0,243.0,22.22,47.0,268.0,82.46,7.0,6.0,9.5,8.8,2399.0,11.0,2504.0,0.912,5.0,0,19.0,31.3,82.0,38.0,32.0,12.0,88.0,0.537,253.0,248.0,2.0,3.0,0.05,0.0,3.09,3.02,40.0,262.0,15.27,47.0,243.0,80.66,5.0,12.0,7.4,7.9,2685.0,9.4,2479.0,0.9,8.0,0,0,0,0,0,1,0,0,0,17565,9.773663564699927,1.0162254483347566,1,1
18059.0,9.801399454452342,Buffalo Sabres,Vancouver Canucks,22.0,25.7,82.0,39.0,37.0,6.0,84.0,0.512,244.0,243.0,2.0,1.0,0.03,0.01,2.98,2.96,37.0,223.0,16.59,49.0,243.0,79.84,7.0,10.0,9.8,9.2,2534.0,9.6,2402.0,0.899,5.0,0,7.0,28.6,82.0,50.0,23.0,9.0,109.0,0.665,279.0,221.0,0.0,2.0,0.64,-0.04,3.4,2.7,58.0,257.0,22.57,53.0,254.0,79.13,7.0,7.0,9.6,9.7,2328.0,12.0,2343.0,0.906,7.0,1,0,0,0,0,1,0,0,0,19029,9.853719410302007,0.9490251721057333,0,1
18920.0,9.847974842605868,Carolina Hurricanes,Florida Panthers,3.0,29.4,82.0,52.0,23.0,7.0,111.0,0.677,277.0,211.0,2.0,5.0,0.73,-0.04,3.38,2.57,67.0,249.0,26.91,35.0,258.0,86.43,11.0,8.0,8.5,8.0,2733.0,10.1,2101.0,0.9,8.0,0,5.0,29.5,82.0,52.0,24.0,6.0,110.0,0.671,265.0,198.0,3.0,2.0,0.81,-0.02,3.23,2.41,63.0,268.0,23.51,51.0,291.0,82.47,8.0,9.0,13.6,13.5,2764.0,9.6,2279.0,0.913,8.0,0,0,0,0,0,1,0,0,0,18680,9.835208711782833,1.0128479657387581,0,1
17035.0,9.743025330095067,Columbus Blue Jackets,Calgary Flames,29.0,26.8,82.0,27.0,43.0,12.0,66.0,0.402,234.0,298.0,3.0,2.0,-0.72,0.05,2.85,3.63,32.0,212.0,15.09,56.0,236.0,76.27,5.0,6.0,8.2,7.6,2458.0,9.5,2822.0,0.894,1.0,0,25.0,29.2,82.0,38.0,39.0,5.0,81.0,0.494,253.0,267.0,0.0,4.0,-0.2,0.02,3.09,3.26,45.0,252.0,17.86,47.0,245.0,80.82,11.0,11.0,9.4,9.2,2572.0,9.8,2438.0,0.89,2.0,1,0,0,0,0,1,0,0,0,20556,9.93090814811212,0.8287118116365052,0,0
18532.0,9.827254246536539,Dallas Stars,Colorado Avalanche,2.0,29.3,82.0,52.0,21.0,9.0,113.0,0.689,294.0,232.0,4.0,2.0,0.74,-0.04,3.59,2.83,58.0,240.0,24.17,43.0,239.0,82.01,12.0,4.0,6.8,7.5,2588.0,11.4,2350.0,0.901,4.0,0,8.0,28.8,82.0,50.0,25.0,7.0,107.0,0.652,302.0,252.0,2.0,2.0,0.57,-0.05,3.68,3.07,68.0,278.0,24.46,53.0,264.0,79.92,7.0,6.0,8.9,9.7,2705.0,11.2,2444.0,0.897,4.0,0,0,0,0,0,1,0,0,1,18408,9.820540631715202,1.0067362016514558,0,1
19515.0,9.878938679614715,Detroit Red Wings,New Jersey Devils,18.0,29.3,82.0,41.0,32.0,9.0,91.0,0.555,275.0,273.0,3.0,1.0,0.06,0.02,3.35,3.33,63.0,273.0,23.08,49.0,240.0,79.58,7.0,10.0,8.7,9.9,2375.0,11.6,2657.0,0.897,4.0,0,23.0,26.8,82.0,38.0,39.0,5.0,81.0,0.494,264.0,281.0,0.0,2.0,-0.22,0.01,3.22,3.43,55.0,245.0,22.45,47.0,243.0,80.66,3.0,9.0,9.1,9.6,2516.0,10.5,2458.0,0.886,1.0,0,0,0,0,0,1,0,0,0,20000,9.903487552536127,0.97575,0,0
18532.0,9.827254246536539,Minnesota Wild,Chicago Blackhawks,20.0,29.3,82.0,39.0,34.0,9.0,87.0,0.53,248.0,260.0,3.0,3.0,-0.14,0.01,3.02,3.17,62.0,273.0,22.71,67.0,263.0,74.52,3.0,11.0,11.4,11.3,2471.0,10.0,2437.0,0.893,6.0,0,31.0,27.4,82.0,23.0,53.0,6.0,52.0,0.317,178.0,289.0,1.0,1.0,-1.29,0.06,2.17,3.52,39.0,235.0,16.6,56.0,231.0,75.76,3.0,8.0,8.7,9.3,2153.0,8.3,2681.0,0.892,1.0,0,0,0,0,0,1,0,0,1,17954,9.795568210316635,1.032193383090119,1,0
18228.0,9.810714152383774,Nashville Predators,Tampa Bay Lightning,11.0,29.5,82.0,47.0,30.0,5.0,99.0,0.604,266.0,248.0,3.0,0.0,0.23,-0.02,3.24,3.02,58.0,269.0,21.56,57.0,247.0,76.92,7.0,5.0,9.7,9.5,2642.0,10.1,2507.0,0.901,4.0,0,13.0,29.1,82.0,45.0,29.0,8.0,98.0,0.598,288.0,267.0,3.0,1.0,0.28,0.0,3.51,3.26,71.0,248.0,28.63,39.0,234.0,83.33,5.0,6.0,11.0,11.0,2401.0,12.0,2430.0,0.89,4.0,0,0,0,0,0,1,0,0,0,17113,9.747593687577451,1.0651551452112429,1,1
19346.0,9.870240958742492,Philadelphia Flyers,New York Rangers,21.0,27.1,82.0,38.0,33.0,11.0,87.0,0.53,231.0,258.0,4.0,3.0,-0.29,0.03,2.82,3.15,31.0,254.0,12.2,40.0,241.0,83.4,16.0,4.0,10.1,9.7,2708.0,8.5,2225.0,0.884,5.0,0,1.0,29.1,82.0,55.0,23.0,4.0,114.0,0.695,278.0,226.0,4.0,3.0,0.61,-0.03,3.39,2.76,65.0,246.0,26.42,36.0,232.0,84.48,8.0,6.0,9.4,10.4,2582.0,10.8,2418.0,0.907,6.0,0,0,0,0,0,1,0,0,1,19537,9.880065382591635,0.9902236781491529,0,1
14795.0,9.60204456483431,San Jose Sharks,Seattle Kraken,32.0,27.7,82.0,19.0,54.0,9.0,47.0,0.287,180.0,326.0,1.0,5.0,-1.78,0.05,2.2,3.98,42.0,208.0,20.19,62.0,252.0,75.4,3.0,8.0,9.5,8.2,2069.0,8.7,2881.0,0.887,2.0,0,24.0,29.4,82.0,34.0,35.0,13.0,81.0,0.494,214.0,232.0,3.0,4.0,-0.26,-0.03,2.61,2.83,50.0,242.0,20.66,47.0,222.0,78.83,6.0,9.0,8.0,8.1,2347.0,9.1,2391.0,0.903,5.0,0,0,0,0,0,1,0,0,1,17435,9.766234959109752,0.8485804416403786,0,0
18044.0,9.800568498528287,Vegas Golden Knights,Winnipeg Jets,14.0,29.0,82.0,45.0,29.0,8.0,98.0,0.598,263.0,243.0,4.0,2.0,0.22,-0.05,3.21,2.96,51.0,252.0,20.24,44.0,213.0,79.34,9.0,8.0,7.4,8.5,2548.0,10.3,2487.0,0.902,3.0,0,4.0,29.4,82.0,52.0,24.0,6.0,110.0,0.671,259.0,198.0,0.0,1.0,0.69,-0.04,3.16,2.41,45.0,240.0,18.75,51.0,223.0,77.13,3.0,5.0,8.2,8.9,2488.0,10.4,2429.0,0.918,8.0,1,0,0,0,0,1,0,0,0,17500,9.769956159911606,1.0310857142857144,0,0
18573.0,9.829464192187341,Washington Capitals,New York Islanders,17.0,30.0,82.0,40.0,31.0,11.0,91.0,0.555,216.0,252.0,4.0,5.0,-0.41,0.04,2.63,3.07,47.0,228.0,20.61,49.0,233.0,78.97,3.0,5.0,7.7,7.4,2172.0,9.9,2503.0,0.899,7.0,0,15.0,29.6,82.0,39.0,27.0,16.0,94.0,0.573,245.0,258.0,1.0,5.0,-0.18,0.03,2.99,3.15,47.0,231.0,20.35,63.0,221.0,71.49,10.0,3.0,7.1,7.4,2470.0,9.9,2686.0,0.904,5.0,0,0,0,0,0,1,0,0,1,18506,9.825850282808975,1.0036204474224575,0,0
18080.0,9.802561633946167,Colorado Avalanche,Edmonton Oilers,8.0,28.8,82.0,50.0,25.0,7.0,107.0,0.652,302.0,252.0,2.0,2.0,0.57,-0.05,3.68,3.07,68.0,278.0,24.46,53.0,264.0,79.92,7.0,6.0,8.9,9.7,2705.0,11.2,2444.0,0.897,4.0,0,9.0,29.4,82.0,49.0,27.0,6.0,104.0,0.634,292.0,236.0,2.0,1.0,0.65,-0.04,3.56,2.88,64.0,243.0,26.34,53.0,258.0,79.46,7.0,5.0,9.5,8.5,2768.0,10.5,2307.0,0.898,4.0,1,0,0,0,0,0,1,0,0,18007,9.798515850169505,1.0040539790081635,1,1
18648.0,9.833494180715594,Florida Panthers,Carolina Hurricanes,5.0,29.5,82.0,52.0,24.0,6.0,110.0,0.671,265.0,198.0,3.0,2.0,0.81,-0.02,3.23,2.41,63.0,268.0,23.51,51.0,291.0,82.47,8.0,9.0,13.6,13.5,2764.0,9.6,2279.0,0.913,8.0,0,3.0,29.4,82.0,52.0,23.0,7.0,111.0,0.677,277.0,211.0,2.0,5.0,0.73,-0.04,3.38,2.57,67.0,249.0,26.91,35.0,258.0,86.43,11.0,8.0,8.5,8.0,2733.0,10.1,2101.0,0.9,8.0,0,0,0,0,0,0,1,0,0,19109,9.857914707241372,0.9758752420325502,1,0
16808.0,9.729610242524837,Los Angeles Kings,Ottawa Senators,12.0,29.5,82.0,44.0,27.0,11.0,99.0,0.604,254.0,210.0,2.0,5.0,0.45,-0.05,3.1,2.56,56.0,248.0,22.58,39.0,253.0,84.58,11.0,7.0,8.7,9.5,2616.0,9.7,2296.0,0.909,7.0,0,26.0,27.0,82.0,37.0,41.0,4.0,78.0,0.476,250.0,281.0,5.0,0.0,-0.28,0.04,3.05,3.43,51.0,283.0,18.02,61.0,245.0,75.1,7.0,6.0,10.4,11.1,2602.0,9.6,2432.0,0.884,2.0,1,0,0,0,0,0,1,0,0,18118,9.804661198229233,0.9276962137101226,0,0
19064.0,9.855557018778578,Minnesota Wild,Nashville Predators,20.0,29.3,82.0,39.0,34.0,9.0,87.0,0.53,248.0,260.0,3.0,3.0,-0.14,0.01,3.02,3.17,62.0,273.0,22.71,67.0,263.0,74.52,3.0,11.0,11.4,11.3,2471.0,10.0,2437.0,0.893,6.0,0,11.0,29.5,82.0,47.0,30.0,5.0,99.0,0.604,266.0,248.0,3.0,0.0,0.23,-0.02,3.24,3.02,58.0,269.0,21.56,57.0,247.0,76.92,7.0,5.0,9.7,9.5,2642.0,10.1,2507.0,0.901,4.0,0,0,0,0,0,0,1,0,1,17954,9.795568210316635,1.0618246630277375,1,1
16514.0,9.711963784977375,New Jersey Devils,Washington Capitals,23.0,26.8,82.0,38.0,39.0,5.0,81.0,0.494,264.0,281.0,0.0,2.0,-0.22,0.01,3.22,3.43,55.0,245.0,22.45,47.0,243.0,80.66,3.0,9.0,9.1,9.6,2516.0,10.5,2458.0,0.886,1.0,0,17.0,30.0,82.0,40.0,31.0,11.0,91.0,0.555,216.0,252.0,4.0,5.0,-0.41,0.04,2.63,3.07,47.0,228.0,20.61,49.0,233.0,78.97,3.0,5.0,7.7,7.4,2172.0,9.9,2503.0,0.899,7.0,0,0,0,0,0,0,1,0,1,16535,9.713234625415893,0.998729966737224,0,0
16299.0,9.698859035219632,New York Islanders,Buffalo Sabres,15.0,29.6,82.0,39.0,27.0,16.0,94.0,0.573,245.0,258.0,1.0,5.0,-0.18,0.03,2.99,3.15,47.0,231.0,20.35,63.0,221.0,71.49,10.0,3.0,7.1,7.4,2470.0,9.9,2686.0,0.904,5.0,0,22.0,25.7,82.0,39.0,37.0,6.0,84.0,0.512,244.0,243.0,2.0,1.0,0.03,0.01,2.98,2.96,37.0,223.0,16.59,49.0,243.0,79.84,7.0,10.0,9.8,9.2,2534.0,9.6,2402.0,0.899,5.0,0,0,0,0,0,0,1,0,0,17113,9.747593687577451,0.9524338222404021,0,0
18006.0,9.798460314668421,New York Rangers,Montreal Canadiens,1.0,29.1,82.0,55.0,23.0,4.0,114.0,0.695,278.0,226.0,4.0,3.0,0.61,-0.03,3.39,2.76,65.0,246.0,26.42,36.0,232.0,84.48,8.0,6.0,9.4,10.4,2582.0,10.8,2418.0,0.907,6.0,0,28.0,26.7,82.0,30.0,36.0,16.0,76.0,0.463,232.0,281.0,4.0,8.0,-0.59,0.05,2.83,3.43,44.0,252.0,17.46,65.0,277.0,76.53,7.0,12.0,10.2,10.0,2269.0,10.2,2738.0,0.897,2.0,1,0,0,0,0,0,1,0,0,18006,9.798460314668421,1.0,1,0
16060.0,9.684086987500752,Pittsburgh Penguins,Calgary Flames,19.0,31.3,82.0,38.0,32.0,12.0,88.0,0.537,253.0,248.0,2.0,3.0,0.05,0.0,3.09,3.02,40.0,262.0,15.27,47.0,243.0,80.66,5.0,12.0,7.4,7.9,2685.0,9.4,2479.0,0.9,8.0,0,25.0,29.2,82.0,38.0,39.0,5.0,81.0,0.494,253.0,267.0,0.0,4.0,-0.2,0.02,3.09,3.26,45.0,252.0,17.86,47.0,245.0,80.82,11.0,11.0,9.4,9.2,2572.0,9.8,2438.0,0.89,2.0,1,0,0,0,0,0,1,0,0,18387,9.819399172153842,0.8734431935606679,1,0
17151.0,9.749811759932081,Seattle Kraken,San Jose Sharks,24.0,29.4,82.0,34.0,35.0,13.0,81.0,0.494,214.0,232.0,3.0,4.0,-0.26,-0.03,2.61,2.83,50.0,242.0,20.66,47.0,222.0,78.83,6.0,9.0,8.0,8.1,2347.0,9.1,2391.0,0.903,5.0,0,32.0,27.7,82.0,19.0,54.0,9.0,47.0,0.287,180.0,326.0,1.0,5.0,-1.78,0.05,2.2,3.98,42.0,208.0,20.19,62.0,252.0,75.4,3.0,8.0,9.5,8.2,2069.0,8.7,2881.0,0.887,2.0,0,0,0,0,0,0,1,0,1,17100,9.746833742490752,1.0029824561403509,0,0
16863.0,9.732877151670184,St. Louis Blues,Philadelphia Flyers,16.0,29.0,82.0,43.0,33.0,6.0,92.0,0.561,234.0,248.0,5.0,2.0,-0.14,-0.01,2.85,3.02,45.0,250.0,18.0,46.0,215.0,78.6,11.0,7.0,7.4,8.6,2370.0,9.9,2636.0,0.906,4.0,0,21.0,27.1,82.0,38.0,33.0,11.0,87.0,0.53,231.0,258.0,4.0,3.0,-0.29,0.03,2.82,3.15,31.0,254.0,12.2,40.0,241.0,83.4,16.0,4.0,10.1,9.7,2708.0,8.5,2225.0,0.884,5.0,0,0,0,0,0,0,1,0,0,18400,9.820105943597078,0.9164673913043478,0,0
19092.0,9.857024678125788,Tampa Bay Lightning,Toronto Maple Leafs,13.0,29.1,82.0,45.0,29.0,8.0,98.0,0.598,288.0,267.0,3.0,1.0,0.28,0.0,3.51,3.26,71.0,248.0,28.63,39.0,234.0,83.33,5.0,6.0,11.0,11.0,2401.0,12.0,2430.0,0.89,4.0,0,10.0,28.9,82.0,46.0,26.0,10.0,102.0,0.622,298.0,261.0,5.0,2.0,0.5,0.01,3.63,3.18,57.0,238.0,23.95,55.0,238.0,76.89,6.0,9.0,9.9,10.2,2671.0,11.2,2446.0,0.893,5.0,1,0,0,0,0,0,1,0,1,19204,9.862873869650832,0.9941678816913143,1,1
15144.0,9.625359692889159,Anaheim Ducks,Ottawa Senators,30.0,27.7,82.0,27.0,50.0,5.0,59.0,0.36,203.0,293.0,1.0,2.0,-1.09,0.02,2.48,3.57,43.0,235.0,18.3,91.0,330.0,72.42,12.0,5.0,13.5,10.9,2194.0,9.3,2666.0,0.89,1.0,0,26.0,27.0,82.0,37.0,41.0,4.0,78.0,0.476,250.0,281.0,5.0,0.0,-0.28,0.04,3.05,3.43,51.0,283.0,18.02,61.0,245.0,75.1,7.0,6.0,10.4,11.1,2602.0,9.6,2432.0,0.884,2.0,1,0,0,0,0,0,0,1,0,17174,9.75115189123243,0.8817980668452312,0,0
17850.0,9.789758787207784,Boston Bruins,Montreal Canadiens,6.0,28.6,82.0,47.0,20.0,15.0,109.0,0.665,263.0,221.0,4.0,3.0,0.53,0.01,3.21,2.7,54.0,243.0,22.22,47.0,268.0,82.46,7.0,6.0,9.5,8.8,2399.0,11.0,2504.0,0.912,5.0,0,28.0,26.7,82.0,30.0,36.0,16.0,76.0,0.463,232.0,281.0,4.0,8.0,-0.59,0.05,2.83,3.43,44.0,252.0,17.46,65.0,277.0,76.53,7.0,12.0,10.2,10.0,2269.0,10.2,2738.0,0.897,2.0,1,0,0,0,0,0,0,1,1,17565,9.773663564699927,1.0162254483347566,1,0
17393.0,9.763823105408154,Chicago Blackhawks,Columbus Blue Jackets,31.0,27.4,82.0,23.0,53.0,6.0,52.0,0.317,178.0,289.0,1.0,1.0,-1.29,0.06,2.17,3.52,39.0,235.0,16.6,56.0,231.0,75.76,3.0,8.0,8.7,9.3,2153.0,8.3,2681.0,0.892,1.0,0,29.0,26.8,82.0,27.0,43.0,12.0,66.0,0.402,234.0,298.0,3.0,2.0,-0.72,0.05,2.85,3.63,32.0,212.0,15.09,56.0,236.0,76.27,5.0,6.0,8.2,7.6,2458.0,9.5,2822.0,0.894,1.0,0,0,0,0,0,0,0,1,0,20243,9.915564333761576,0.8592105913155165,0,0
18532.0,9.827254246536539,Dallas Stars,Winnipeg Jets,2.0,29.3,82.0,52.0,21.0,9.0,113.0,0.689,294.0,232.0,4.0,2.0,0.74,-0.04,3.59,2.83,58.0,240.0,24.17,43.0,239.0,82.01,12.0,4.0,6.8,7.5,2588.0,11.4,2350.0,0.901,4.0,0,4.0,29.4,82.0,52.0,24.0,6.0,110.0,0.671,259.0,198.0,0.0,1.0,0.69,-0.04,3.16,2.41,45.0,240.0,18.75,51.0,223.0,77.13,3.0,5.0,8.2,8.9,2488.0,10.4,2429.0,0.918,8.0,1,0,0,0,0,0,0,1,1,18408,9.820540631715202,1.0067362016514558,0,0
19515.0,9.878938679614715,Detroit Red Wings,Vancouver Canucks,18.0,29.3,82.0,41.0,32.0,9.0,91.0,0.555,275.0,273.0,3.0,1.0,0.06,0.02,3.35,3.33,63.0,273.0,23.08,49.0,240.0,79.58,7.0,10.0,8.7,9.9,2375.0,11.6,2657.0,0.897,4.0,0,7.0,28.6,82.0,50.0,23.0,9.0,109.0,0.665,279.0,221.0,0.0,2.0,0.64,-0.04,3.4,2.7,58.0,257.0,22.57,53.0,254.0,79.13,7.0,7.0,9.6,9.7,2328.0,12.0,2343.0,0.906,7.0,1,0,0,0,0,0,0,1,0,20000,9.903487552536127,0.97575,0,1
18006.0,9.798460314668421,New York Rangers,New Jersey Devils,1.0,29.1,82.0,55.0,23.0,4.0,114.0,0.695,278.0,226.0,4.0,3.0,0.61,-0.03,3.39,2.76,65.0,246.0,26.42,36.0,232.0,84.48,8.0,6.0,9.4,10.4,2582.0,10.8,2418.0,0.907,6.0,0,23.0,26.8,82.0,38.0,39.0,5.0,81.0,0.494,264.0,281.0,0.0,2.0,-0.22,0.01,3.22,3.43,55.0,245.0,22.45,47.0,243.0,80.66,3.0,9.0,9.1,9.6,2516.0,10.5,2458.0,0.886,1.0,0,1,0,0,0,0,0,0,1,18006,9.798460314668421,1.0,1,0
18557.0,9.828602355344339,Toronto Maple Leafs,Chicago Blackhawks,10.0,28.9,82.0,46.0,26.0,10.0,102.0,0.622,298.0,261.0,5.0,2.0,0.5,0.01,3.63,3.18,57.0,238.0,23.95,55.0,238.0,76.89,6.0,9.0,9.9,10.2,2671.0,11.2,2446.0,0.893,5.0,1,31.0,27.4,82.0,23.0,53.0,6.0,52.0,0.317,178.0,289.0,1.0,1.0,-1.29,0.06,2.17,3.52,39.0,235.0,16.6,56.0,231.0,75.76,3.0,8.0,8.7,9.3,2153.0,8.3,2681.0,0.892,1.0,0,1,0,0,0,0,0,0,0,18819,9.842622276764853,0.9860778999946862,1,0
17950.0,9.795345393916424,Boston Bruins,Detroit Red Wings,6.0,28.6,82.0,47.0,20.0,15.0,109.0,0.665,263.0,221.0,4.0,3.0,0.53,0.01,3.21,2.7,54.0,243.0,22.22,47.0,268.0,82.46,7.0,6.0,9.5,8.8,2399.0,11.0,2504.0,0.912,5.0,0,18.0,29.3,82.0,41.0,32.0,9.0,91.0,0.555,275.0,273.0,3.0,1.0,0.06,0.02,3.35,3.33,63.0,273.0,23.08,49.0,240.0,79.58,7.0,10.0,8.7,9.9,2375.0,11.6,2657.0,0.897,4.0,0,0,1,0,0,0,0,0,1,17565,9.773663564699927,1.021918588101338,1,0
14942.0,9.611931318535747,Buffalo Sabres,Colorado Avalanche,22.0,25.7,82.0,39.0,37.0,6.0,84.0,0.512,244.0,243.0,2.0,1.0,0.03,0.01,2.98,2.96,37.0,223.0,16.59,49.0,243.0,79.84,7.0,10.0,9.8,9.2,2534.0,9.6,2402.0,0.899,5.0,0,8.0,28.8,82.0,50.0,25.0,7.0,107.0,0.652,302.0,252.0,2.0,2.0,0.57,-0.05,3.68,3.07,68.0,278.0,24.46,53.0,264.0,79.92,7.0,6.0,8.9,9.7,2705.0,11.2,2444.0,0.897,4.0,0,0,1,0,0,0,0,0,0,19029,9.853719410302007,0.785222555047559,0,1
18700.0,9.836278802842678,Carolina Hurricanes,Seattle Kraken,3.0,29.4,82.0,52.0,23.0,7.0,111.0,0.677,277.0,211.0,2.0,5.0,0.73,-0.04,3.38,2.57,67.0,249.0,26.91,35.0,258.0,86.43,11.0,8.0,8.5,8.0,2733.0,10.1,2101.0,0.9,8.0,0,24.0,29.4,82.0,34.0,35.0,13.0,81.0,0.494,214.0,232.0,3.0,4.0,-0.26,-0.03,2.61,2.83,50.0,242.0,20.66,47.0,222.0,78.83,6.0,9.0,8.0,8.1,2347.0,9.1,2391.0,0.903,5.0,0,0,1,0,0,0,0,0,0,18680,9.835208711782833,1.0010706638115632,0,0
17386.0,9.76342056363901,Calgary Flames,Columbus Blue Jackets,25.0,29.2,82.0,38.0,39.0,5.0,81.0,0.494,253.0,267.0,0.0,4.0,-0.2,0.02,3.09,3.26,45.0,252.0,17.86,47.0,245.0,80.82,11.0,11.0,9.4,9.2,2572.0,9.8,2438.0,0.89,2.0,1,29.0,26.8,82.0,27.0,43.0,12.0,66.0,0.402,234.0,298.0,3.0,2.0,-0.72,0.05,2.85,3.63,32.0,212.0,15.09,56.0,236.0,76.27,5.0,6.0,8.2,7.6,2458.0,9.5,2822.0,0.894,1.0,0,0,1,0,0,0,0,0,0,19289,9.86729026422424,0.9013427342008399,0,0
18076.0,9.802340370531171,Minnesota Wild,Vancouver Canucks,20.0,29.3,82.0,39.0,34.0,9.0,87.0,0.53,248.0,260.0,3.0,3.0,-0.14,0.01,3.02,3.17,62.0,273.0,22.71,67.0,263.0,74.52,3.0,11.0,11.4,11.3,2471.0,10.0,2437.0,0.893,6.0,0,7.0,28.6,82.0,50.0,23.0,9.0,109.0,0.665,279.0,221.0,0.0,2.0,0.64,-0.04,3.4,2.7,58.0,257.0,22.57,53.0,254.0,79.13,7.0,7.0,9.6,9.7,2328.0,12.0,2343.0,0.906,7.0,1,0,1,0,0,0,0,0,0,17954,9.795568210316635,1.006795143143589,1,1
21105.0,9.9572652582166,Montreal Canadiens,New York Islanders,28.0,26.7,82.0,30.0,36.0,16.0,76.0,0.463,232.0,281.0,4.0,8.0,-0.59,0.05,2.83,3.43,44.0,252.0,17.46,65.0,277.0,76.53,7.0,12.0,10.2,10.0,2269.0,10.2,2738.0,0.897,2.0,1,15.0,29.6,82.0,39.0,27.0,16.0,94.0,0.573,245.0,258.0,1.0,5.0,-0.18,0.03,2.99,3.15,47.0,231.0,20.35,63.0,221.0,71.49,10.0,3.0,7.1,7.4,2470.0,9.9,2686.0,0.904,5.0,0,0,1,0,0,0,0,0,0,21105,9.9572652582166,1.0,0,0
15502.0,9.648724326841457,Pittsburgh Penguins,Florida Panthers,19.0,31.3,82.0,38.0,32.0,12.0,88.0,0.537,253.0,248.0,2.0,3.0,0.05,0.0,3.09,3.02,40.0,262.0,15.27,47.0,243.0,80.66,5.0,12.0,7.4,7.9,2685.0,9.4,2479.0,0.9,8.0,0,5.0,29.5,82.0,52.0,24.0,6.0,110.0,0.671,265.0,198.0,3.0,2.0,0.81,-0.02,3.23,2.41,63.0,268.0,23.51,51.0,291.0,82.47,8.0,9.0,13.6,13.5,2764.0,9.6,2279.0,0.913,8.0,0,0,1,0,0,0,0,0,0,18387,9.819399172153842,0.8430956654157828,1,1
17887.0,9.791829470993246,Vegas Golden Knights,Edmonton Oilers,14.0,29.0,82.0,45.0,29.0,8.0,98.0,0.598,263.0,243.0,4.0,2.0,0.22,-0.05,3.21,2.96,51.0,252.0,20.24,44.0,213.0,79.34,9.0,8.0,7.4,8.5,2548.0,10.3,2487.0,0.902,3.0,0,9.0,29.4,82.0,49.0,27.0,6.0,104.0,0.634,292.0,236.0,2.0,1.0,0.65,-0.04,3.56,2.88,64.0,243.0,26.34,53.0,258.0,79.46,7.0,5.0,9.5,8.5,2768.0,10.5,2307.0,0.898,4.0,1,0,1,0,0,0,0,0,1,17500,9.769956159911606,1.0221142857142858,0,1
13100.0,9.480367509189243,Winnipeg Jets,St. Louis Blues,4.0,29.4,82.0,52.0,24.0,6.0,110.0,0.671,259.0,198.0,0.0,1.0,0.69,-0.04,3.16,2.41,45.0,240.0,18.75,51.0,223.0,77.13,3.0,5.0,8.2,8.9,2488.0,10.4,2429.0,0.918,8.0,1,16.0,29.0,82.0,43.0,33.0,6.0,92.0,0.561,234.0,248.0,5.0,2.0,-0.14,-0.01,2.85,3.02,45.0,250.0,18.0,46.0,215.0,78.6,11.0,7.0,7.4,8.6,2370.0,9.9,2636.0,0.906,4.0,0,0,1,0,0,0,0,0,1,15225,9.630694092578098,0.8604269293924466,0,0
17859.0,9.7902628618215,Washington Capitals,San Jose Sharks,17.0,30.0,82.0,40.0,31.0,11.0,91.0,0.555,216.0,252.0,4.0,5.0,-0.41,0.04,2.63,3.07,47.0,228.0,20.61,49.0,233.0,78.97,3.0,5.0,7.7,7.4,2172.0,9.9,2503.0,0.899,7.0,0,32.0,27.7,82.0,19.0,54.0,9.0,47.0,0.287,180.0,326.0,1.0,5.0,-1.78,0.05,2.2,3.98,42.0,208.0,20.19,62.0,252.0,75.4,3.0,8.0,9.5,8.2,2069.0,8.7,2881.0,0.887,2.0,0,0,1,0,0,0,0,0,0,18506,9.825850282808975,0.9650383659353723,0,0
13188.0,9.487062604191621,Anaheim Ducks,Vegas Golden Knights,30.0,27.7,82.0,27.0,50.0,5.0,59.0,0.36,203.0,293.0,1.0,2.0,-1.09,0.02,2.48,3.57,43.0,235.0,18.3,91.0,330.0,72.42,12.0,5.0,13.5,10.9,2194.0,9.3,2666.0,0.89,1.0,0,14.0,29.0,82.0,45.0,29.0,8.0,98.0,0.598,263.0,243.0,4.0,2.0,0.22,-0.05,3.21,2.96,51.0,252.0,20.24,44.0,213.0,79.34,9.0,8.0,7.4,8.5,2548.0,10.3,2487.0,0.902,3.0,0,0,0,1,0,0,0,0,1,17174,9.75115189123243,0.7679049726330499,0,0
19179.0,9.861571209434837,Chicago Blackhawks,Boston Bruins,31.0,27.4,82.0,23.0,53.0,6.0,52.0,0.317,178.0,289.0,1.0,1.0,-1.29,0.06,2.17,3.52,39.0,235.0,16.6,56.0,231.0,75.76,3.0,8.0,8.7,9.3,2153.0,8.3,2681.0,0.892,1.0,0,6.0,28.6,82.0,47.0,20.0,15.0,109.0,0.665,263.0,221.0,4.0,3.0,0.53,0.01,3.21,2.7,54.0,243.0,22.22,47.0,268.0,82.46,7.0,6.0,9.5,8.8,2399.0,11.0,2504.0,0.912,5.0,0,0,0,1,0,0,0,0,0,20243,9.915564333761576,0.9474386207577928,0,1
15010.0,9.616471924627508,Los Angeles Kings,Dallas Stars,12.0,29.5,82.0,44.0,27.0,11.0,99.0,0.604,254.0,210.0,2.0,5.0,0.45,-0.05,3.1,2.56,56.0,248.0,22.58,39.0,253.0,84.58,11.0,7.0,8.7,9.5,2616.0,9.7,2296.0,0.909,7.0,0,2.0,29.3,82.0,52.0,21.0,9.0,113.0,0.689,294.0,232.0,4.0,2.0,0.74,-0.04,3.59,2.83,58.0,240.0,24.17,43.0,239.0,82.01,12.0,4.0,6.8,7.5,2588.0,11.4,2350.0,0.901,4.0,0,0,0,1,0,0,0,0,0,18118,9.804661198229233,0.8284578871840159,0,0
18611.0,9.831508082743964,Toronto Maple Leafs,Nashville Predators,10.0,28.9,82.0,46.0,26.0,10.0,102.0,0.622,298.0,261.0,5.0,2.0,0.5,0.01,3.63,3.18,57.0,238.0,23.95,55.0,238.0,76.89,6.0,9.0,9.9,10.2,2671.0,11.2,2446.0,0.893,5.0,1,11.0,29.5,82.0,47.0,30.0,5.0,99.0,0.604,266.0,248.0,3.0,0.0,0.23,-0.02,3.24,3.02,58.0,269.0,21.56,57.0,247.0,76.92,7.0,5.0,9.7,9.5,2642.0,10.1,2507.0,0.901,4.0,0,0,0,1,0,0,0,0,0,18819,9.842622276764853,0.9889473404537967,1,1
14497.0,9.581697010450897,Buffalo Sabres,Winnipeg Jets,22.0,25.7,82.0,39.0,37.0,6.0,84.0,0.512,244.0,243.0,2.0,1.0,0.03,0.01,2.98,2.96,37.0,223.0,16.59,49.0,243.0,79.84,7.0,10.0,9.8,9.2,2534.0,9.6,2402.0,0.899,5.0,0,4.0,29.4,82.0,52.0,24.0,6.0,110.0,0.671,259.0,198.0,0.0,1.0,0.69,-0.04,3.16,2.41,45.0,240.0,18.75,51.0,223.0,77.13,3.0,5.0,8.2,8.9,2488.0,10.4,2429.0,0.918,8.0,1,0,0,0,1,0,0,0,0,19029,9.853719410302007,0.7618371958589522,0,0
18700.0,9.836278802842678,Carolina Hurricanes,Colorado Avalanche,3.0,29.4,82.0,52.0,23.0,7.0,111.0,0.677,277.0,211.0,2.0,5.0,0.73,-0.04,3.38,2.57,67.0,249.0,26.91,35.0,258.0,86.43,11.0,8.0,8.5,8.0,2733.0,10.1,2101.0,0.9,8.0,0,8.0,28.8,82.0,50.0,25.0,7.0,107.0,0.652,302.0,252.0,2.0,2.0,0.57,-0.05,3.68,3.07,68.0,278.0,24.46,53.0,264.0,79.92,7.0,6.0,8.9,9.7,2705.0,11.2,2444.0,0.897,4.0,0,0,0,0,1,0,0,0,0,18680,9.835208711782833,1.0010706638115632,0,1
17060.0,9.74449182104567,Calgary Flames,St. Louis Blues,25.0,29.2,82.0,38.0,39.0,5.0,81.0,0.494,253.0,267.0,0.0,4.0,-0.2,0.02,3.09,3.26,45.0,252.0,17.86,47.0,245.0,80.82,11.0,11.0,9.4,9.2,2572.0,9.8,2438.0,0.89,2.0,1,16.0,29.0,82.0,43.0,33.0,6.0,92.0,0.561,234.0,248.0,5.0,2.0,-0.14,-0.01,2.85,3.02,45.0,250.0,18.0,46.0,215.0,78.6,11.0,7.0,7.4,8.6,2370.0,9.9,2636.0,0.906,4.0,0,0,0,0,1,0,0,0,0,19289,9.86729026422424,0.8844419098968324,0,0
18347.0,9.81722135237872,Edmonton Oilers,Columbus Blue Jackets,9.0,29.4,82.0,49.0,27.0,6.0,104.0,0.634,292.0,236.0,2.0,1.0,0.65,-0.04,3.56,2.88,64.0,243.0,26.34,53.0,258.0,79.46,7.0,5.0,9.5,8.5,2768.0,10.5,2307.0,0.898,4.0,1,29.0,26.8,82.0,27.0,43.0,12.0,66.0,0.402,234.0,298.0,3.0,2.0,-0.72,0.05,2.85,3.63,32.0,212.0,15.09,56.0,236.0,76.27,5.0,6.0,8.2,7.6,2458.0,9.5,2822.0,0.894,1.0,0,0,0,0,1,0,0,0,0,18347,9.81722135237872,1.0,1,0
21105.0,9.9572652582166,Montreal Canadiens,Nashville Predators,28.0,26.7,82.0,30.0,36.0,16.0,76.0,0.463,232.0,281.0,4.0,8.0,-0.59,0.05,2.83,3.43,44.0,252.0,17.46,65.0,277.0,76.53,7.0,12.0,10.2,10.0,2269.0,10.2,2738.0,0.897,2.0,1,11.0,29.5,82.0,47.0,30.0,5.0,99.0,0.604,266.0,248.0,3.0,0.0,0.23,-0.02,3.24,3.02,58.0,269.0,21.56,57.0,247.0,76.92,7.0,5.0,9.7,9.5,2642.0,10.1,2507.0,0.901,4.0,0,0,0,0,1,0,0,0,0,21105,9.9572652582166,1.0,0,1
14877.0,9.607571675157244,New York Islanders,Seattle Kraken,15.0,29.6,82.0,39.0,27.0,16.0,94.0,0.573,245.0,258.0,1.0,5.0,-0.18,0.03,2.99,3.15,47.0,231.0,20.35,63.0,221.0,71.49,10.0,3.0,7.1,7.4,2470.0,9.9,2686.0,0.904,5.0,0,24.0,29.4,82.0,34.0,35.0,13.0,81.0,0.494,214.0,232.0,3.0,4.0,-0.26,-0.03,2.61,2.83,50.0,242.0,20.66,47.0,222.0,78.83,6.0,9.0,8.0,8.1,2347.0,9.1,2391.0,0.903,5.0,0,0,0,0,1,0,0,0,0,17113,9.747593687577451,0.8693390989306375,0,0
16739.0,9.72549660510262,Ottawa Senators,Detroit Red Wings,26.0,27.0,82.0,37.0,41.0,4.0,78.0,0.476,250.0,281.0,5.0,0.0,-0.28,0.04,3.05,3.43,51.0,283.0,18.02,61.0,245.0,75.1,7.0,6.0,10.4,11.1,2602.0,9.6,2432.0,0.884,2.0,1,18.0,29.3,82.0,41.0,32.0,9.0,91.0,0.555,275.0,273.0,3.0,1.0,0.06,0.02,3.35,3.33,63.0,273.0,23.08,49.0,240.0,79.58,7.0,10.0,8.7,9.9,2375.0,11.6,2657.0,0.897,4.0,0,0,0,0,1,0,0,0,1,18652,9.833708657928211,0.8974372721423975,0,0
18206.0,9.809506489065233,Philadelphia Flyers,Florida Panthers,21.0,27.1,82.0,38.0,33.0,11.0,87.0,0.53,231.0,258.0,4.0,3.0,-0.29,0.03,2.82,3.15,31.0,254.0,12.2,40.0,241.0,83.4,16.0,4.0,10.1,9.7,2708.0,8.5,2225.0,0.884,5.0,0,5.0,29.5,82.0,52.0,24.0,6.0,110.0,0.671,265.0,198.0,3.0,2.0,0.81,-0.02,3.23,2.41,63.0,268.0,23.51,51.0,291.0,82.47,8.0,9.0,13.6,13.5,2764.0,9.6,2279.0,0.913,8.0,0,0,0,0,1,0,0,0,0,19537,9.880065382591635,0.9318728566310078,0,1
19092.0,9.857024678125788,Tampa Bay Lightning,San Jose Sharks,13.0,29.1,82.0,45.0,29.0,8.0,98.0,0.598,288.0,267.0,3.0,1.0,0.28,0.0,3.51,3.26,71.0,248.0,28.63,39.0,234.0,83.33,5.0,6.0,11.0,11.0,2401.0,12.0,2430.0,0.89,4.0,0,32.0,27.7,82.0,19.0,54.0,9.0,47.0,0.287,180.0,326.0,1.0,5.0,-1.78,0.05,2.2,3.98,42.0,208.0,20.19,62.0,252.0,75.4,3.0,8.0,9.5,8.2,2069.0,8.7,2881.0,0.887,2.0,0,0,0,0,1,0,0,0,0,19204,9.862873869650832,0.9941678816913143,1,0
15171.0,9.627140989748092,Anaheim Ducks,Minnesota Wild,30.0,27.7,82.0,27.0,50.0,5.0,59.0,0.36,203.0,293.0,1.0,2.0,-1.09,0.02,2.48,3.57,43.0,235.0,18.3,91.0,330.0,72.42,12.0,5.0,13.5,10.9,2194.0,9.3,2666.0,0.89,1.0,0,20.0,29.3,82.0,39.0,34.0,9.0,87.0,0.53,248.0,260.0,3.0,3.0,-0.14,0.01,3.02,3.17,62.0,273.0,22.71,67.0,263.0,74.52,3.0,11.0,11.4,11.3,2471.0,10.0,2437.0,0.893,6.0,0,0,0,0,0,1,0,0,0,17174,9.75115189123243,0.8833702107837429,0,1
15582.0,9.653871680890804,New Jersey Devils,Seattle Kraken,23.0,26.8,82.0,38.0,39.0,5.0,81.0,0.494,264.0,281.0,0.0,2.0,-0.22,0.01,3.22,3.43,55.0,245.0,22.45,47.0,243.0,80.66,3.0,9.0,9.1,9.6,2516.0,10.5,2458.0,0.886,1.0,0,24.0,29.4,82.0,34.0,35.0,13.0,81.0,0.494,214.0,232.0,3.0,4.0,-0.26,-0.03,2.61,2.83,50.0,242.0,20.66,47.0,222.0,78.83,6.0,9.0,8.0,8.1,2347.0,9.1,2391.0,0.903,5.0,0,0,0,0,0,1,0,0,0,16535,9.713234625415893,0.9423646809797399,0,0
18006.0,9.798460314668421,New York Rangers,Pittsburgh Penguins,1.0,29.1,82.0,55.0,23.0,4.0,114.0,0.695,278.0,226.0,4.0,3.0,0.61,-0.03,3.39,2.76,65.0,246.0,26.42,36.0,232.0,84.48,8.0,6.0,9.4,10.4,2582.0,10.8,2418.0,0.907,6.0,0,19.0,31.3,82.0,38.0,32.0,12.0,88.0,0.537,253.0,248.0,2.0,3.0,0.05,0.0,3.09,3.02,40.0,262.0,15.27,47.0,243.0,80.66,5.0,12.0,7.4,7.9,2685.0,9.4,2479.0,0.9,8.0,0,0,0,0,0,1,0,0,1,18006,9.798460314668421,1.0,1,1
18723.0,9.837507993602152,Toronto Maple Leafs,Washington Capitals,10.0,28.9,82.0,46.0,26.0,10.0,102.0,0.622,298.0,261.0,5.0,2.0,0.5,0.01,3.63,3.18,57.0,238.0,23.95,55.0,238.0,76.89,6.0,9.0,9.9,10.2,2671.0,11.2,2446.0,0.893,5.0,1,17.0,30.0,82.0,40.0,31.0,11.0,91.0,0.555,216.0,252.0,4.0,5.0,-0.41,0.04,2.63,3.07,47.0,228.0,20.61,49.0,233.0,78.97,3.0,5.0,7.7,7.4,2172.0,9.9,2503.0,0.899,7.0,0,0,0,0,0,1,0,0,0,18819,9.842622276764853,0.994898772517137,1,0
18529.0,9.827092351282415,Vancouver Canucks,Columbus Blue Jackets,7.0,28.6,82.0,50.0,23.0,9.0,109.0,0.665,279.0,221.0,0.0,2.0,0.64,-0.04,3.4,2.7,58.0,257.0,22.57,53.0,254.0,79.13,7.0,7.0,9.6,9.7,2328.0,12.0,2343.0,0.906,7.0,1,29.0,26.8,82.0,27.0,43.0,12.0,66.0,0.402,234.0,298.0,3.0,2.0,-0.72,0.05,2.85,3.63,32.0,212.0,15.09,56.0,236.0,76.27,5.0,6.0,8.2,7.6,2458.0,9.5,2822.0,0.894,1.0,0,0,0,0,0,1,0,0,0,18910,9.847446161652503,0.9798519301956636,1,0
17961.0,9.795958019593462,Vegas Golden Knights,Dallas Stars,14.0,29.0,82.0,45.0,29.0,8.0,98.0,0.598,263.0,243.0,4.0,2.0,0.22,-0.05,3.21,2.96,51.0,252.0,20.24,44.0,213.0,79.34,9.0,8.0,7.4,8.5,2548.0,10.3,2487.0,0.902,3.0,0,2.0,29.3,82.0,52.0,21.0,9.0,113.0,0.689,294.0,232.0,4.0,2.0,0.74,-0.04,3.59,2.83,58.0,240.0,24.17,43.0,239.0,82.01,12.0,4.0,6.8,7.5,2588.0,11.4,2350.0,0.901,4.0,0,0,0,0,0,1,0,0,0,17500,9.769956159911606,1.0263428571428572,0,0
17850.0,9.789758787207784,Boston Bruins,Philadelphia Flyers,6.0,28.6,82.0,47.0,20.0,15.0,109.0,0.665,263.0,221.0,4.0,3.0,0.53,0.01,3.21,2.7,54.0,243.0,22.22,47.0,268.0,82.46,7.0,6.0,9.5,8.8,2399.0,11.0,2504.0,0.912,5.0,0,21.0,27.1,82.0,38.0,33.0,11.0,87.0,0.53,231.0,258.0,4.0,3.0,-0.29,0.03,2.82,3.15,31.0,254.0,12.2,40.0,241.0,83.4,16.0,4.0,10.1,9.7,2708.0,8.5,2225.0,0.884,5.0,0,0,0,0,0,0,1,0,0,17565,9.773663564699927,1.0162254483347566,1,0
18581.0,9.829894832232755,Chicago Blackhawks,Winnipeg Jets,31.0,27.4,82.0,23.0,53.0,6.0,52.0,0.317,178.0,289.0,1.0,1.0,-1.29,0.06,2.17,3.52,39.0,235.0,16.6,56.0,231.0,75.76,3.0,8.0,8.7,9.3,2153.0,8.3,2681.0,0.892,1.0,0,4.0,29.4,82.0,52.0,24.0,6.0,110.0,0.671,259.0,198.0,0.0,1.0,0.69,-0.04,3.16,2.41,45.0,240.0,18.75,51.0,223.0,77.13,3.0,5.0,8.2,8.9,2488.0,10.4,2429.0,0.918,8.0,1,0,0,0,0,0,1,0,1,20243,9.915564333761576,0.9178975448303117,0,0
19515.0,9.878938679614715,Detroit Red Wings,Colorado Avalanche,18.0,29.3,82.0,41.0,32.0,9.0,91.0,0.555,275.0,273.0,3.0,1.0,0.06,0.02,3.35,3.33,63.0,273.0,23.08,49.0,240.0,79.58,7.0,10.0,8.7,9.9,2375.0,11.6,2657.0,0.897,4.0,0,8.0,28.8,82.0,50.0,25.0,7.0,107.0,0.652,302.0,252.0,2.0,2.0,0.57,-0.05,3.68,3.07,68.0,278.0,24.46,53.0,264.0,79.92,7.0,6.0,8.9,9.7,2705.0,11.2,2444.0,0.897,4.0,0,0,0,0,0,0,1,0,0,20000,9.903487552536127,0.97575,0,1
18347.0,9.81722135237872,Edmonton Oilers,St. Louis Blues,9.0,29.4,82.0,49.0,27.0,6.0,104.0,0.634,292.0,236.0,2.0,1.0,0.65,-0.04,3.56,2.88,64.0,243.0,26.34,53.0,258.0,79.46,7.0,5.0,9.5,8.5,2768.0,10.5,2307.0,0.898,4.0,1,16.0,29.0,82.0,43.0,33.0,6.0,92.0,0.561,234.0,248.0,5.0,2.0,-0.14,-0.01,2.85,3.02,45.0,250.0,18.0,46.0,215.0,78.6,11.0,7.0,7.4,8.6,2370.0,9.9,2636.0,0.906,4.0,0,0,0,0,0,0,1,0,0,18347,9.81722135237872,1.0,1,0
18646.0,9.833386924856638,Florida Panthers,San Jose Sharks,5.0,29.5,82.0,52.0,24.0,6.0,110.0,0.671,265.0,198.0,3.0,2.0,0.81,-0.02,3.23,2.41,63.0,268.0,23.51,51.0,291.0,82.47,8.0,9.0,13.6,13.5,2764.0,9.6,2279.0,0.913,8.0,0,32.0,27.7,82.0,19.0,54.0,9.0,47.0,0.287,180.0,326.0,1.0,5.0,-1.78,0.05,2.2,3.98,42.0,208.0,20.19,62.0,252.0,75.4,3.0,8.0,9.5,8.2,2069.0,8.7,2881.0,0.887,2.0,0,0,0,0,0,0,1,0,0,19109,9.857914707241372,0.9757705793081793,1,0
18145.0,9.806150319647172,Los Angeles Kings,Minnesota Wild,12.0,29.5,82.0,44.0,27.0,11.0,99.0,0.604,254.0,210.0,2.0,5.0,0.45,-0.05,3.1,2.56,56.0,248.0,22.58,39.0,253.0,84.58,11.0,7.0,8.7,9.5,2616.0,9.7,2296.0,0.909,7.0,0,20.0,29.3,82.0,39.0,34.0,9.0,87.0,0.53,248.0,260.0,3.0,3.0,-0.14,0.01,3.02,3.17,62.0,273.0,22.71,67.0,263.0,74.52,3.0,11.0,11.4,11.3,2471.0,10.0,2437.0,0.893,6.0,0,0,0,0,0,0,1,0,0,18118,9.804661198229233,1.0014902307097913,0,1
21105.0,9.9572652582166,Montreal Canadiens,Washington Capitals,28.0,26.7,82.0,30.0,36.0,16.0,76.0,0.463,232.0,281.0,4.0,8.0,-0.59,0.05,2.83,3.43,44.0,252.0,17.46,65.0,277.0,76.53,7.0,12.0,10.2,10.0,2269.0,10.2,2738.0,0.897,2.0,1,17.0,30.0,82.0,40.0,31.0,11.0,91.0,0.555,216.0,252.0,4.0,5.0,-0.41,0.04,2.63,3.07,47.0,228.0,20.61,49.0,233.0,78.97,3.0,5.0,7.7,7.4,2172.0,9.9,2503.0,0.899,7.0,0,0,0,0,0,0,1,0,0,21105,9.9572652582166,1.0,0,0
15619.0,9.656243400857722,New York Islanders,Carolina Hurricanes,15.0,29.6,82.0,39.0,27.0,16.0,94.0,0.573,245.0,258.0,1.0,5.0,-0.18,0.03,2.99,3.15,47.0,231.0,20.35,63.0,221.0,71.49,10.0,3.0,7.1,7.4,2470.0,9.9,2686.0,0.904,5.0,0,3.0,29.4,82.0,52.0,23.0,7.0,111.0,0.677,277.0,211.0,2.0,5.0,0.73,-0.04,3.38,2.57,67.0,249.0,26.91,35.0,258.0,86.43,11.0,8.0,8.5,8.0,2733.0,10.1,2101.0,0.9,8.0,0,0,0,0,0,0,1,0,1,17113,9.747593687577451,0.9126979489277157,0,0
16741.0,9.725616079415785,Ottawa Senators,Nashville Predators,26.0,27.0,82.0,37.0,41.0,4.0,78.0,0.476,250.0,281.0,5.0,0.0,-0.28,0.04,3.05,3.43,51.0,283.0,18.02,61.0,245.0,75.1,7.0,6.0,10.4,11.1,2602.0,9.6,2432.0,0.884,2.0,1,11.0,29.5,82.0,47.0,30.0,5.0,99.0,0.604,266.0,248.0,3.0,0.0,0.23,-0.02,3.24,3.02,58.0,269.0,21.56,57.0,247.0,76.92,7.0,5.0,9.7,9.5,2642.0,10.1,2507.0,0.901,4.0,0,0,0,0,0,0,1,0,0,18652,9.833708657928211,0.8975444992494103,0,1
17290.0,9.757883578677337,Pittsburgh Penguins,Toronto Maple Leafs,19.0,31.3,82.0,38.0,32.0,12.0,88.0,0.537,253.0,248.0,2.0,3.0,0.05,0.0,3.09,3.02,40.0,262.0,15.27,47.0,243.0,80.66,5.0,12.0,7.4,7.9,2685.0,9.4,2479.0,0.9,8.0,0,10.0,28.9,82.0,46.0,26.0,10.0,102.0,0.622,298.0,261.0,5.0,2.0,0.5,0.01,3.63,3.18,57.0,238.0,23.95,55.0,238.0,76.89,6.0,9.0,9.9,10.2,2671.0,11.2,2446.0,0.893,5.0,1,0,0,0,0,0,1,0,0,18387,9.819399172153842,0.9403382824821885,1,1
18532.0,9.827254246536539,Dallas Stars,Calgary Flames,2.0,29.3,82.0,52.0,21.0,9.0,113.0,0.689,294.0,232.0,4.0,2.0,0.74,-0.04,3.59,2.83,58.0,240.0,24.17,43.0,239.0,82.01,12.0,4.0,6.8,7.5,2588.0,11.4,2350.0,0.901,4.0,0,25.0,29.2,82.0,38.0,39.0,5.0,81.0,0.494,253.0,267.0,0.0,4.0,-0.2,0.02,3.09,3.26,45.0,252.0,17.86,47.0,245.0,80.82,11.0,11.0,9.4,9.2,2572.0,9.8,2438.0,0.89,2.0,1,0,0,0,0,0,0,1,0,18408,9.820540631715202,1.0067362016514558,0,0
15044.0,9.618734519590227,New Jersey Devils,Colorado Avalanche,23.0,26.8,82.0,38.0,39.0,5.0,81.0,0.494,264.0,281.0,0.0,2.0,-0.22,0.01,3.22,3.43,55.0,245.0,22.45,47.0,243.0,80.66,3.0,9.0,9.1,9.6,2516.0,10.5,2458.0,0.886,1.0,0,8.0,28.8,82.0,50.0,25.0,7.0,107.0,0.652,302.0,252.0,2.0,2.0,0.57,-0.05,3.68,3.07,68.0,278.0,24.46,53.0,264.0,79.92,7.0,6.0,8.9,9.7,2705.0,11.2,2444.0,0.897,4.0,0,0,0,0,0,0,0,1,0,16535,9.713234625415893,0.909827638342909,0,1
18006.0,9.798460314668421,New York Rangers,Seattle Kraken,1.0,29.1,82.0,55.0,23.0,4.0,114.0,0.695,278.0,226.0,4.0,3.0,0.61,-0.03,3.39,2.76,65.0,246.0,26.42,36.0,232.0,84.48,8.0,6.0,9.4,10.4,2582.0,10.8,2418.0,0.907,6.0,0,24.0,29.4,82.0,34.0,35.0,13.0,81.0,0.494,214.0,232.0,3.0,4.0,-0.26,-0.03,2.61,2.83,50.0,242.0,20.66,47.0,222.0,78.83,6.0,9.0,8.0,8.1,2347.0,9.1,2391.0,0.903,5.0,0,0,0,0,0,0,0,1,0,18006,9.798460314668421,1.0,1,0
15878.0,9.672689782285058,Ottawa Senators,New York Islanders,26.0,27.0,82.0,37.0,41.0,4.0,78.0,0.476,250.0,281.0,5.0,0.0,-0.28,0.04,3.05,3.43,51.0,283.0,18.02,61.0,245.0,75.1,7.0,6.0,10.4,11.1,2602.0,9.6,2432.0,0.884,2.0,1,15.0,29.6,82.0,39.0,27.0,16.0,94.0,0.573,245.0,258.0,1.0,5.0,-0.18,0.03,2.99,3.15,47.0,231.0,20.35,63.0,221.0,71.49,10.0,3.0,7.1,7.4,2470.0,9.9,2686.0,0.904,5.0,0,0,0,0,0,0,0,1,0,18652,9.833708657928211,0.8512760025734506,0,0
18290.0,9.814109741384911,Vancouver Canucks,Tampa Bay Lightning,7.0,28.6,82.0,50.0,23.0,9.0,109.0,0.665,279.0,221.0,0.0,2.0,0.64,-0.04,3.4,2.7,58.0,257.0,22.57,53.0,254.0,79.13,7.0,7.0,9.6,9.7,2328.0,12.0,2343.0,0.906,7.0,1,13.0,29.1,82.0,45.0,29.0,8.0,98.0,0.598,288.0,267.0,3.0,1.0,0.28,0.0,3.51,3.26,71.0,248.0,28.63,39.0,234.0,83.33,5.0,6.0,11.0,11.0,2401.0,12.0,2430.0,0.89,4.0,0,0,0,0,0,0,0,1,0,18910,9.847446161652503,0.9672131147540983,1,1
13887.0,9.53870842969938,Winnipeg Jets,Columbus Blue Jackets,4.0,29.4,82.0,52.0,24.0,6.0,110.0,0.671,259.0,198.0,0.0,1.0,0.69,-0.04,3.16,2.41,45.0,240.0,18.75,51.0,223.0,77.13,3.0,5.0,8.2,8.9,2488.0,10.4,2429.0,0.918,8.0,1,29.0,26.8,82.0,27.0,43.0,12.0,66.0,0.402,234.0,298.0,3.0,2.0,-0.72,0.05,2.85,3.63,32.0,212.0,15.09,56.0,236.0,76.27,5.0,6.0,8.2,7.6,2458.0,9.5,2822.0,0.894,1.0,0,0,0,0,0,0,0,1,0,15225,9.630694092578098,0.9121182266009852,0,0
14559.0,9.585964638073326,Buffalo Sabres,Detroit Red Wings,22.0,25.7,82.0,39.0,37.0,6.0,84.0,0.512,244.0,243.0,2.0,1.0,0.03,0.01,2.98,2.96,37.0,223.0,16.59,49.0,243.0,79.84,7.0,10.0,9.8,9.2,2534.0,9.6,2402.0,0.899,5.0,0,18.0,29.3,82.0,41.0,32.0,9.0,91.0,0.555,275.0,273.0,3.0,1.0,0.06,0.02,3.35,3.33,63.0,273.0,23.08,49.0,240.0,79.58,7.0,10.0,8.7,9.9,2375.0,11.6,2657.0,0.897,4.0,0,1,0,0,0,0,0,0,1,19029,9.853719410302007,0.7650953807346681,0,0
21105.0,9.9572652582166,Montreal Canadiens,Anaheim Ducks,28.0,26.7,82.0,30.0,36.0,16.0,76.0,0.463,232.0,281.0,4.0,8.0,-0.59,0.05,2.83,3.43,44.0,252.0,17.46,65.0,277.0,76.53,7.0,12.0,10.2,10.0,2269.0,10.2,2738.0,0.897,2.0,1,30.0,27.7,82.0,27.0,50.0,5.0,59.0,0.36,203.0,293.0,1.0,2.0,-1.09,0.02,2.48,3.57,43.0,235.0,18.3,91.0,330.0,72.42,12.0,5.0,13.5,10.9,2194.0,9.3,2666.0,0.89,1.0,0,1,0,0,0,0,0,0,0,21105,9.9572652582166,1.0,0,0
18006.0,9.798460314668421,New York Rangers,Chicago Blackhawks,1.0,29.1,82.0,55.0,23.0,4.0,114.0,0.695,278.0,226.0,4.0,3.0,0.61,-0.03,3.39,2.76,65.0,246.0,26.42,36.0,232.0,84.48,8.0,6.0,9.4,10.4,2582.0,10.8,2418.0,0.907,6.0,0,31.0,27.4,82.0,23.0,53.0,6.0,52.0,0.317,178.0,289.0,1.0,1.0,-1.29,0.06,2.17,3.52,39.0,235.0,16.6,56.0,231.0,75.76,3.0,8.0,8.7,9.3,2153.0,8.3,2681.0,0.892,1.0,0,1,0,0,0,0,0,0,0,18006,9.798460314668421,1.0,1,0
18700.0,9.836278802842678,Carolina Hurricanes,San Jose Sharks,3.0,29.4,82.0,52.0,23.0,7.0,111.0,0.677,277.0,211.0,2.0,5.0,0.73,-0.04,3.38,2.57,67.0,249.0,26.91,35.0,258.0,86.43,11.0,8.0,8.5,8.0,2733.0,10.1,2101.0,0.9,8.0,0,32.0,27.7,82.0,19.0,54.0,9.0,47.0,0.287,180.0,326.0,1.0,5.0,-1.78,0.05,2.2,3.98,42.0,208.0,20.19,62.0,252.0,75.4,3.0,8.0,9.5,8.2,2069.0,8.7,2881.0,0.887,2.0,0,0,1,0,0,0,0,0,0,18680,9.835208711782833,1.0010706638115632,0,0
15467.0,9.64646400103814,Columbus Blue Jackets,Philadelphia Flyers,29.0,26.8,82.0,27.0,43.0,12.0,66.0,0.402,234.0,298.0,3.0,2.0,-0.72,0.05,2.85,3.63,32.0,212.0,15.09,56.0,236.0,76.27,5.0,6.0,8.2,7.6,2458.0,9.5,2822.0,0.894,1.0,0,21.0,27.1,82.0,38.0,33.0,11.0,87.0,0.53,231.0,258.0,4.0,3.0,-0.29,0.03,2.82,3.15,31.0,254.0,12.2,40.0,241.0,83.4,16.0,4.0,10.1,9.7,2708.0,8.5,2225.0,0.884,5.0,0,0,1,0,0,0,0,0,1,20556,9.93090814811212,0.7524323798404359,0,0
18347.0,9.81722135237872,Edmonton Oilers,Tampa Bay Lightning,9.0,29.4,82.0,49.0,27.0,6.0,104.0,0.634,292.0,236.0,2.0,1.0,0.65,-0.04,3.56,2.88,64.0,243.0,26.34,53.0,258.0,79.46,7.0,5.0,9.5,8.5,2768.0,10.5,2307.0,0.898,4.0,1,13.0,29.1,82.0,45.0,29.0,8.0,98.0,0.598,288.0,267.0,3.0,1.0,0.28,0.0,3.51,3.26,71.0,248.0,28.63,39.0,234.0,83.33,5.0,6.0,11.0,11.0,2401.0,12.0,2430.0,0.89,4.0,0,0,1,0,0,0,0,0,0,18347,9.81722135237872,1.0,1,1
16091.0,9.68601538845915,New Jersey Devils,Toronto Maple Leafs,23.0,26.8,82.0,38.0,39.0,5.0,81.0,0.494,264.0,281.0,0.0,2.0,-0.22,0.01,3.22,3.43,55.0,245.0,22.45,47.0,243.0,80.66,3.0,9.0,9.1,9.6,2516.0,10.5,2458.0,0.886,1.0,0,10.0,28.9,82.0,46.0,26.0,10.0,102.0,0.622,298.0,261.0,5.0,2.0,0.5,0.01,3.63,3.18,57.0,238.0,23.95,55.0,238.0,76.89,6.0,9.0,9.9,10.2,2671.0,11.2,2446.0,0.893,5.0,1,0,1,0,0,0,0,0,0,16535,9.713234625415893,0.9731478681584518,0,1
17159.0,9.750278096285621,Nashville Predators,Calgary Flames,11.0,29.5,82.0,47.0,30.0,5.0,99.0,0.604,266.0,248.0,3.0,0.0,0.23,-0.02,3.24,3.02,58.0,269.0,21.56,57.0,247.0,76.92,7.0,5.0,9.7,9.5,2642.0,10.1,2507.0,0.901,4.0,0,25.0,29.2,82.0,38.0,39.0,5.0,81.0,0.494,253.0,267.0,0.0,4.0,-0.2,0.02,3.09,3.26,45.0,252.0,17.86,47.0,245.0,80.82,11.0,11.0,9.4,9.2,2572.0,9.8,2438.0,0.89,2.0,1,0,1,0,0,0,0,0,0,17113,9.747593687577451,1.0026880149593875,1,0
15402.0,9.642252650099195,New York Islanders,Los Angeles Kings,15.0,29.6,82.0,39.0,27.0,16.0,94.0,0.573,245.0,258.0,1.0,5.0,-0.18,0.03,2.99,3.15,47.0,231.0,20.35,63.0,221.0,71.49,10.0,3.0,7.1,7.4,2470.0,9.9,2686.0,0.904,5.0,0,12.0,29.5,82.0,44.0,27.0,11.0,99.0,0.604,254.0,210.0,2.0,5.0,0.45,-0.05,3.1,2.56,56.0,248.0,22.58,39.0,253.0,84.58,11.0,7.0,8.7,9.5,2616.0,9.7,2296.0,0.909,7.0,0,0,1,0,0,0,0,0,0,17113,9.747593687577451,0.9000175305323438,0,0
15632.0,9.657075374282565,Pittsburgh Penguins,Colorado Avalanche,19.0,31.3,82.0,38.0,32.0,12.0,88.0,0.537,253.0,248.0,2.0,3.0,0.05,0.0,3.09,3.02,40.0,262.0,15.27,47.0,243.0,80.66,5.0,12.0,7.4,7.9,2685.0,9.4,2479.0,0.9,8.0,0,8.0,28.8,82.0,50.0,25.0,7.0,107.0,0.652,302.0,252.0,2.0,2.0,0.57,-0.05,3.68,3.07,68.0,278.0,24.46,53.0,264.0,79.92,7.0,6.0,8.9,9.7,2705.0,11.2,2444.0,0.897,4.0,0,0,1,0,0,0,0,0,0,18387,9.819399172153842,0.850165878066025,1,1
17151.0,9.749811759932081,Seattle Kraken,Florida Panthers,24.0,29.4,82.0,34.0,35.0,13.0,81.0,0.494,214.0,232.0,3.0,4.0,-0.26,-0.03,2.61,2.83,50.0,242.0,20.66,47.0,222.0,78.83,6.0,9.0,8.0,8.1,2347.0,9.1,2391.0,0.903,5.0,0,5.0,29.5,82.0,52.0,24.0,6.0,110.0,0.671,265.0,198.0,3.0,2.0,0.81,-0.02,3.23,2.41,63.0,268.0,23.51,51.0,291.0,82.47,8.0,9.0,13.6,13.5,2764.0,9.6,2279.0,0.913,8.0,0,0,1,0,0,0,0,0,0,17100,9.746833742490752,1.0029824561403509,0,1
18754.0,9.83916234197957,Vancouver Canucks,St. Louis Blues,7.0,28.6,82.0,50.0,23.0,9.0,109.0,0.665,279.0,221.0,0.0,2.0,0.64,-0.04,3.4,2.7,58.0,257.0,22.57,53.0,254.0,79.13,7.0,7.0,9.6,9.7,2328.0,12.0,2343.0,0.906,7.0,1,16.0,29.0,82.0,43.0,33.0,6.0,92.0,0.561,234.0,248.0,5.0,2.0,-0.14,-0.01,2.85,3.02,45.0,250.0,18.0,46.0,215.0,78.6,11.0,7.0,7.4,8.6,2370.0,9.9,2636.0,0.906,4.0,0,0,1,0,0,0,0,0,0,18910,9.847446161652503,0.9917503966155473,1,0
12921.0,9.46660917372222,Winnipeg Jets,Boston Bruins,4.0,29.4,82.0,52.0,24.0,6.0,110.0,0.671,259.0,198.0,0.0,1.0,0.69,-0.04,3.16,2.41,45.0,240.0,18.75,51.0,223.0,77.13,3.0,5.0,8.2,8.9,2488.0,10.4,2429.0,0.918,8.0,1,6.0,28.6,82.0,47.0,20.0,15.0,109.0,0.665,263.0,221.0,4.0,3.0,0.53,0.01,3.21,2.7,54.0,243.0,22.22,47.0,268.0,82.46,7.0,6.0,9.5,8.8,2399.0,11.0,2504.0,0.912,5.0,0,0,1,0,0,0,0,0,0,15225,9.630694092578098,0.8486699507389163,0,1
15815.0,9.66871413573975,Buffalo Sabres,New York Rangers,22.0,25.7,82.0,39.0,37.0,6.0,84.0,0.512,244.0,243.0,2.0,1.0,0.03,0.01,2.98,2.96,37.0,223.0,16.59,49.0,243.0,79.84,7.0,10.0,9.8,9.2,2534.0,9.6,2402.0,0.899,5.0,0,1.0,29.1,82.0,55.0,23.0,4.0,114.0,0.695,278.0,226.0,4.0,3.0,0.61,-0.03,3.39,2.76,65.0,246.0,26.42,36.0,232.0,84.48,8.0,6.0,9.4,10.4,2582.0,10.8,2418.0,0.907,6.0,0,0,0,1,0,0,0,0,0,19029,9.853719410302007,0.831099900152399,0,1
16893.0,9.734654613922729,Ottawa Senators,Anaheim Ducks,26.0,27.0,82.0,37.0,41.0,4.0,78.0,0.476,250.0,281.0,5.0,0.0,-0.28,0.04,3.05,3.43,51.0,283.0,18.02,61.0,245.0,75.1,7.0,6.0,10.4,11.1,2602.0,9.6,2432.0,0.884,2.0,1,30.0,27.7,82.0,27.0,50.0,5.0,59.0,0.36,203.0,293.0,1.0,2.0,-1.09,0.02,2.48,3.57,43.0,235.0,18.3,91.0,330.0,72.42,12.0,5.0,13.5,10.9,2194.0,9.3,2666.0,0.89,1.0,0,0,0,1,0,0,0,0,0,18652,9.833708657928211,0.9056937593823718,0,0
15962.0,9.677966176435953,Columbus Blue Jackets,Washington Capitals,29.0,26.8,82.0,27.0,43.0,12.0,66.0,0.402,234.0,298.0,3.0,2.0,-0.72,0.05,2.85,3.63,32.0,212.0,15.09,56.0,236.0,76.27,5.0,6.0,8.2,7.6,2458.0,9.5,2822.0,0.894,1.0,0,17.0,30.0,82.0,40.0,31.0,11.0,91.0,0.555,216.0,252.0,4.0,5.0,-0.41,0.04,2.63,3.07,47.0,228.0,20.61,49.0,233.0,78.97,3.0,5.0,7.7,7.4,2172.0,9.9,2503.0,0.899,7.0,0,0,0,0,1,0,0,0,1,20556,9.93090814811212,0.7765129402607511,0,0
17028.0,9.742614326948043,Calgary Flames,Tampa Bay Lightning,25.0,29.2,82.0,38.0,39.0,5.0,81.0,0.494,253.0,267.0,0.0,4.0,-0.2,0.02,3.09,3.26,45.0,252.0,17.86,47.0,245.0,80.82,11.0,11.0,9.4,9.2,2572.0,9.8,2438.0,0.89,2.0,1,13.0,29.1,82.0,45.0,29.0,8.0,98.0,0.598,288.0,267.0,3.0,1.0,0.28,0.0,3.51,3.26,71.0,248.0,28.63,39.0,234.0,83.33,5.0,6.0,11.0,11.0,2401.0,12.0,2430.0,0.89,4.0,0,0,0,0,1,0,0,0,0,19289,9.86729026422424,0.8827829332780341,0,1
18532.0,9.827254246536539,Dallas Stars,Nashville Predators,2.0,29.3,82.0,52.0,21.0,9.0,113.0,0.689,294.0,232.0,4.0,2.0,0.74,-0.04,3.59,2.83,58.0,240.0,24.17,43.0,239.0,82.01,12.0,4.0,6.8,7.5,2588.0,11.4,2350.0,0.901,4.0,0,11.0,29.5,82.0,47.0,30.0,5.0,99.0,0.604,266.0,248.0,3.0,0.0,0.23,-0.02,3.24,3.02,58.0,269.0,21.56,57.0,247.0,76.92,7.0,5.0,9.7,9.5,2642.0,10.1,2507.0,0.901,4.0,0,0,0,0,1,0,0,0,1,18408,9.820540631715202,1.0067362016514558,0,1
18394.0,9.819779803462643,Minnesota Wild,Edmonton Oilers,20.0,29.3,82.0,39.0,34.0,9.0,87.0,0.53,248.0,260.0,3.0,3.0,-0.14,0.01,3.02,3.17,62.0,273.0,22.71,67.0,263.0,74.52,3.0,11.0,11.4,11.3,2471.0,10.0,2437.0,0.893,6.0,0,9.0,29.4,82.0,49.0,27.0,6.0,104.0,0.634,292.0,236.0,2.0,1.0,0.65,-0.04,3.56,2.88,64.0,243.0,26.34,53.0,258.0,79.46,7.0,5.0,9.5,8.5,2768.0,10.5,2307.0,0.898,4.0,1,0,0,0,1,0,0,0,0,17954,9.795568210316635,1.0245070736326167,1,1
21105.0,9.9572652582166,Montreal Canadiens,Pittsburgh Penguins,28.0,26.7,82.0,30.0,36.0,16.0,76.0,0.463,232.0,281.0,4.0,8.0,-0.59,0.05,2.83,3.43,44.0,252.0,17.46,65.0,277.0,76.53,7.0,12.0,10.2,10.0,2269.0,10.2,2738.0,0.897,2.0,1,19.0,31.3,82.0,38.0,32.0,12.0,88.0,0.537,253.0,248.0,2.0,3.0,0.05,0.0,3.09,3.02,40.0,262.0,15.27,47.0,243.0,80.66,5.0,12.0,7.4,7.9,2685.0,9.4,2479.0,0.9,8.0,0,0,0,0,1,0,0,0,0,21105,9.9572652582166,1.0,0,1
15051.0,9.619199713152362,New Jersey Devils,Los Angeles Kings,23.0,26.8,82.0,38.0,39.0,5.0,81.0,0.494,264.0,281.0,0.0,2.0,-0.22,0.01,3.22,3.43,55.0,245.0,22.45,47.0,243.0,80.66,3.0,9.0,9.1,9.6,2516.0,10.5,2458.0,0.886,1.0,0,12.0,29.5,82.0,44.0,27.0,11.0,99.0,0.604,254.0,210.0,2.0,5.0,0.45,-0.05,3.1,2.56,56.0,248.0,22.58,39.0,253.0,84.58,11.0,7.0,8.7,9.5,2616.0,9.7,2296.0,0.909,7.0,0,0,0,0,1,0,0,0,0,16535,9.713234625415893,0.9102509827638343,0,0
16170.0,9.690912952571152,New York Islanders,Chicago Blackhawks,15.0,29.6,82.0,39.0,27.0,16.0,94.0,0.573,245.0,258.0,1.0,5.0,-0.18,0.03,2.99,3.15,47.0,231.0,20.35,63.0,221.0,71.49,10.0,3.0,7.1,7.4,2470.0,9.9,2686.0,0.904,5.0,0,31.0,27.4,82.0,23.0,53.0,6.0,52.0,0.317,178.0,289.0,1.0,1.0,-1.29,0.06,2.17,3.52,39.0,235.0,16.6,56.0,231.0,75.76,3.0,8.0,8.7,9.3,2153.0,8.3,2681.0,0.892,1.0,0,0,0,0,1,0,0,0,0,17113,9.747593687577451,0.9448956933325542,0,0
18377.0,9.818855161695424,Philadelphia Flyers,Detroit Red Wings,21.0,27.1,82.0,38.0,33.0,11.0,87.0,0.53,231.0,258.0,4.0,3.0,-0.29,0.03,2.82,3.15,31.0,254.0,12.2,40.0,241.0,83.4,16.0,4.0,10.1,9.7,2708.0,8.5,2225.0,0.884,5.0,0,18.0,29.3,82.0,41.0,32.0,9.0,91.0,0.555,275.0,273.0,3.0,1.0,0.06,0.02,3.35,3.33,63.0,273.0,23.08,49.0,240.0,79.58,7.0,10.0,8.7,9.9,2375.0,11.6,2657.0,0.897,4.0,0,0,0,0,1,0,0,0,0,19537,9.880065382591635,0.9406254798587296,0,0
17151.0,9.749811759932081,Seattle Kraken,Boston Bruins,24.0,29.4,82.0,34.0,35.0,13.0,81.0,0.494,214.0,232.0,3.0,4.0,-0.26,-0.03,2.61,2.83,50.0,242.0,20.66,47.0,222.0,78.83,6.0,9.0,8.0,8.1,2347.0,9.1,2391.0,0.903,5.0,0,6.0,28.6,82.0,47.0,20.0,15.0,109.0,0.665,263.0,221.0,4.0,3.0,0.53,0.01,3.21,2.7,54.0,243.0,22.22,47.0,268.0,82.46,7.0,6.0,9.5,8.8,2399.0,11.0,2504.0,0.912,5.0,0,0,0,0,1,0,0,0,0,17100,9.746833742490752,1.0029824561403509,0,1
18096.0,9.803446198355902,St. Louis Blues,San Jose Sharks,16.0,29.0,82.0,43.0,33.0,6.0,92.0,0.561,234.0,248.0,5.0,2.0,-0.14,-0.01,2.85,3.02,45.0,250.0,18.0,46.0,215.0,78.6,11.0,7.0,7.4,8.6,2370.0,9.9,2636.0,0.906,4.0,0,32.0,27.7,82.0,19.0,54.0,9.0,47.0,0.287,180.0,326.0,1.0,5.0,-1.78,0.05,2.2,3.98,42.0,208.0,20.19,62.0,252.0,75.4,3.0,8.0,9.5,8.2,2069.0,8.7,2881.0,0.887,2.0,0,0,0,0,1,0,0,0,0,18400,9.820105943597078,0.9834782608695652,0,0
18688.0,9.835636885627954,Toronto Maple Leafs,Anaheim Ducks,10.0,28.9,82.0,46.0,26.0,10.0,102.0,0.622,298.0,261.0,5.0,2.0,0.5,0.01,3.63,3.18,57.0,238.0,23.95,55.0,238.0,76.89,6.0,9.0,9.9,10.2,2671.0,11.2,2446.0,0.893,5.0,1,30.0,27.7,82.0,27.0,50.0,5.0,59.0,0.36,203.0,293.0,1.0,2.0,-1.09,0.02,2.48,3.57,43.0,235.0,18.3,91.0,330.0,72.42,12.0,5.0,13.5,10.9,2194.0,9.3,2666.0,0.89,1.0,0,0,0,0,1,0,0,0,0,18819,9.842622276764853,0.9930389499973431,1,0
18614.0,9.831669264745656,Vancouver Canucks,Florida Panthers,7.0,28.6,82.0,50.0,23.0,9.0,109.0,0.665,279.0,221.0,0.0,2.0,0.64,-0.04,3.4,2.7,58.0,257.0,22.57,53.0,254.0,79.13,7.0,7.0,9.6,9.7,2328.0,12.0,2343.0,0.906,7.0,1,5.0,29.5,82.0,52.0,24.0,6.0,110.0,0.671,265.0,198.0,3.0,2.0,0.81,-0.02,3.23,2.41,63.0,268.0,23.51,51.0,291.0,82.47,8.0,9.0,13.6,13.5,2764.0,9.6,2279.0,0.913,8.0,0,0,0,0,1,0,0,0,0,18910,9.847446161652503,0.9843469063987308,1,1
13320.0,9.49702194409438,Winnipeg Jets,Vegas Golden Knights,4.0,29.4,82.0,52.0,24.0,6.0,110.0,0.671,259.0,198.0,0.0,1.0,0.69,-0.04,3.16,2.41,45.0,240.0,18.75,51.0,223.0,77.13,3.0,5.0,8.2,8.9,2488.0,10.4,2429.0,0.918,8.0,1,14.0,29.0,82.0,45.0,29.0,8.0,98.0,0.598,263.0,243.0,4.0,2.0,0.22,-0.05,3.21,2.96,51.0,252.0,20.24,44.0,213.0,79.34,9.0,8.0,7.4,8.5,2548.0,10.3,2487.0,0.902,3.0,0,0,0,0,1,0,0,0,0,15225,9.630694092578098,0.8748768472906404,0,0
18700.0,9.836278802842678,Carolina Hurricanes,Ottawa Senators,3.0,29.4,82.0,52.0,23.0,7.0,111.0,0.677,277.0,211.0,2.0,5.0,0.73,-0.04,3.38,2.57,67.0,249.0,26.91,35.0,258.0,86.43,11.0,8.0,8.5,8.0,2733.0,10.1,2101.0,0.9,8.0,0,26.0,27.0,82.0,37.0,41.0,4.0,78.0,0.476,250.0,281.0,5.0,0.0,-0.28,0.04,3.05,3.43,51.0,283.0,18.02,61.0,245.0,75.1,7.0,6.0,10.4,11.1,2602.0,9.6,2432.0,0.884,2.0,1,0,0,0,0,1,0,0,0,18680,9.835208711782833,1.0010706638115632,0,0
17663.0,9.779227335155444,Columbus Blue Jackets,Anaheim Ducks,29.0,26.8,82.0,27.0,43.0,12.0,66.0,0.402,234.0,298.0,3.0,2.0,-0.72,0.05,2.85,3.63,32.0,212.0,15.09,56.0,236.0,76.27,5.0,6.0,8.2,7.6,2458.0,9.5,2822.0,0.894,1.0,0,30.0,27.7,82.0,27.0,50.0,5.0,59.0,0.36,203.0,293.0,1.0,2.0,-1.09,0.02,2.48,3.57,43.0,235.0,18.3,91.0,330.0,72.42,12.0,5.0,13.5,10.9,2194.0,9.3,2666.0,0.89,1.0,0,0,0,0,0,0,1,0,0,20556,9.93090814811212,0.8592625024323799,0,0
18018.0,9.799126537211386,Calgary Flames,Florida Panthers,25.0,29.2,82.0,38.0,39.0,5.0,81.0,0.494,253.0,267.0,0.0,4.0,-0.2,0.02,3.09,3.26,45.0,252.0,17.86,47.0,245.0,80.82,11.0,11.0,9.4,9.2,2572.0,9.8,2438.0,0.89,2.0,1,5.0,29.5,82.0,52.0,24.0,6.0,110.0,0.671,265.0,198.0,3.0,2.0,0.81,-0.02,3.23,2.41,63.0,268.0,23.51,51.0,291.0,82.47,8.0,9.0,13.6,13.5,2764.0,9.6,2279.0,0.913,8.0,0,0,0,0,0,0,1,0,0,19289,9.86729026422424,0.9341075224221058,0,1
18049.0,9.800845560564248,Colorado Avalanche,Nashville Predators,8.0,28.8,82.0,50.0,25.0,7.0,107.0,0.652,302.0,252.0,2.0,2.0,0.57,-0.05,3.68,3.07,68.0,278.0,24.46,53.0,264.0,79.92,7.0,6.0,8.9,9.7,2705.0,11.2,2444.0,0.897,4.0,0,11.0,29.5,82.0,47.0,30.0,5.0,99.0,0.604,266.0,248.0,3.0,0.0,0.23,-0.02,3.24,3.02,58.0,269.0,21.56,57.0,247.0,76.92,7.0,5.0,9.7,9.5,2642.0,10.1,2507.0,0.901,4.0,0,0,0,0,0,0,1,0,1,18007,9.798515850169505,1.0023324262786695,1,1
18532.0,9.827254246536539,Dallas Stars,St. Louis Blues,2.0,29.3,82.0,52.0,21.0,9.0,113.0,0.689,294.0,232.0,4.0,2.0,0.74,-0.04,3.59,2.83,58.0,240.0,24.17,43.0,239.0,82.01,12.0,4.0,6.8,7.5,2588.0,11.4,2350.0,0.901,4.0,0,16.0,29.0,82.0,43.0,33.0,6.0,92.0,0.561,234.0,248.0,5.0,2.0,-0.14,-0.01,2.85,3.02,45.0,250.0,18.0,46.0,215.0,78.6,11.0,7.0,7.4,8.6,2370.0,9.9,2636.0,0.906,4.0,0,0,0,0,0,0,1,0,1,18408,9.820540631715202,1.0067362016514558,0,0
19515.0,9.878938679614715,Detroit Red Wings,Toronto Maple Leafs,18.0,29.3,82.0,41.0,32.0,9.0,91.0,0.555,275.0,273.0,3.0,1.0,0.06,0.02,3.35,3.33,63.0,273.0,23.08,49.0,240.0,79.58,7.0,10.0,8.7,9.9,2375.0,11.6,2657.0,0.897,4.0,0,10.0,28.9,82.0,46.0,26.0,10.0,102.0,0.622,298.0,261.0,5.0,2.0,0.5,0.01,3.63,3.18,57.0,238.0,23.95,55.0,238.0,76.89,6.0,9.0,9.9,10.2,2671.0,11.2,2446.0,0.893,5.0,1,0,0,0,0,0,1,0,1,20000,9.903487552536127,0.97575,0,1
18347.0,9.81722135237872,Edmonton Oilers,Vegas Golden Knights,9.0,29.4,82.0,49.0,27.0,6.0,104.0,0.634,292.0,236.0,2.0,1.0,0.65,-0.04,3.56,2.88,64.0,243.0,26.34,53.0,258.0,79.46,7.0,5.0,9.5,8.5,2768.0,10.5,2307.0,0.898,4.0,1,14.0,29.0,82.0,45.0,29.0,8.0,98.0,0.598,263.0,243.0,4.0,2.0,0.22,-0.05,3.21,2.96,51.0,252.0,20.24,44.0,213.0,79.34,9.0,8.0,7.4,8.5,2548.0,10.3,2487.0,0.902,3.0,0,0,0,0,0,0,1,0,1,18347,9.81722135237872,1.0,1,0
18076.0,9.802340370531171,Minnesota Wild,Philadelphia Flyers,20.0,29.3,82.0,39.0,34.0,9.0,87.0,0.53,248.0,260.0,3.0,3.0,-0.14,0.01,3.02,3.17,62.0,273.0,22.71,67.0,263.0,74.52,3.0,11.0,11.4,11.3,2471.0,10.0,2437.0,0.893,6.0,0,21.0,27.1,82.0,38.0,33.0,11.0,87.0,0.53,231.0,258.0,4.0,3.0,-0.29,0.03,2.82,3.15,31.0,254.0,12.2,40.0,241.0,83.4,16.0,4.0,10.1,9.7,2708.0,8.5,2225.0,0.884,5.0,0,0,0,0,0,0,1,0,0,17954,9.795568210316635,1.006795143143589,1,0
16514.0,9.711963784977375,New Jersey Devils,Chicago Blackhawks,23.0,26.8,82.0,38.0,39.0,5.0,81.0,0.494,264.0,281.0,0.0,2.0,-0.22,0.01,3.22,3.43,55.0,245.0,22.45,47.0,243.0,80.66,3.0,9.0,9.1,9.6,2516.0,10.5,2458.0,0.886,1.0,0,31.0,27.4,82.0,23.0,53.0,6.0,52.0,0.317,178.0,289.0,1.0,1.0,-1.29,0.06,2.17,3.52,39.0,235.0,16.6,56.0,231.0,75.76,3.0,8.0,8.7,9.3,2153.0,8.3,2681.0,0.892,1.0,0,0,0,0,0,0,1,0,0,16535,9.713234625415893,0.998729966737224,0,0
18006.0,9.798460314668421,New York Rangers,Los Angeles Kings,1.0,29.1,82.0,55.0,23.0,4.0,114.0,0.695,278.0,226.0,4.0,3.0,0.61,-0.03,3.39,2.76,65.0,246.0,26.42,36.0,232.0,84.48,8.0,6.0,9.4,10.4,2582.0,10.8,2418.0,0.907,6.0,0,12.0,29.5,82.0,44.0,27.0,11.0,99.0,0.604,254.0,210.0,2.0,5.0,0.45,-0.05,3.1,2.56,56.0,248.0,22.58,39.0,253.0,84.58,11.0,7.0,8.7,9.5,2616.0,9.7,2296.0,0.909,7.0,0,0,0,0,0,0,1,0,0,18006,9.798460314668421,1.0,1,0
18892.0,9.846493831016009,Ottawa Senators,Pittsburgh Penguins,26.0,27.0,82.0,37.0,41.0,4.0,78.0,0.476,250.0,281.0,5.0,0.0,-0.28,0.04,3.05,3.43,51.0,283.0,18.02,61.0,245.0,75.1,7.0,6.0,10.4,11.1,2602.0,9.6,2432.0,0.884,2.0,1,19.0,31.3,82.0,38.0,32.0,12.0,88.0,0.537,253.0,248.0,2.0,3.0,0.05,0.0,3.09,3.02,40.0,262.0,15.27,47.0,243.0,80.66,5.0,12.0,7.4,7.9,2685.0,9.4,2479.0,0.9,8.0,0,0,0,0,0,0,1,0,0,18652,9.833708657928211,1.0128672528415184,0,1
17151.0,9.749811759932081,Seattle Kraken,Tampa Bay Lightning,24.0,29.4,82.0,34.0,35.0,13.0,81.0,0.494,214.0,232.0,3.0,4.0,-0.26,-0.03,2.61,2.83,50.0,242.0,20.66,47.0,222.0,78.83,6.0,9.0,8.0,8.1,2347.0,9.1,2391.0,0.903,5.0,0,13.0,29.1,82.0,45.0,29.0,8.0,98.0,0.598,288.0,267.0,3.0,1.0,0.28,0.0,3.51,3.26,71.0,248.0,28.63,39.0,234.0,83.33,5.0,6.0,11.0,11.0,2401.0,12.0,2430.0,0.89,4.0,0,0,0,0,0,0,1,0,0,17100,9.746833742490752,1.0029824561403509,0,1
18787.0,9.840920420267299,Vancouver Canucks,Boston Bruins,7.0,28.6,82.0,50.0,23.0,9.0,109.0,0.665,279.0,221.0,0.0,2.0,0.64,-0.04,3.4,2.7,58.0,257.0,22.57,53.0,254.0,79.13,7.0,7.0,9.6,9.7,2328.0,12.0,2343.0,0.906,7.0,1,6.0,28.6,82.0,47.0,20.0,15.0,109.0,0.665,263.0,221.0,4.0,3.0,0.53,0.01,3.21,2.7,54.0,243.0,22.22,47.0,268.0,82.46,7.0,6.0,9.5,8.8,2399.0,11.0,2504.0,0.912,5.0,0,0,0,0,0,0,1,0,0,18910,9.847446161652503,0.9934955050237969,1,1
15225.0,9.630694092578098,Winnipeg Jets,Montreal Canadiens,4.0,29.4,82.0,52.0,24.0,6.0,110.0,0.671,259.0,198.0,0.0,1.0,0.69,-0.04,3.16,2.41,45.0,240.0,18.75,51.0,223.0,77.13,3.0,5.0,8.2,8.9,2488.0,10.4,2429.0,0.918,8.0,1,28.0,26.7,82.0,30.0,36.0,16.0,76.0,0.463,232.0,281.0,4.0,8.0,-0.59,0.05,2.83,3.43,44.0,252.0,17.46,65.0,277.0,76.53,7.0,12.0,10.2,10.0,2269.0,10.2,2738.0,0.897,2.0,1,0,0,0,0,0,1,0,0,15225,9.630694092578098,1.0,0,0
18573.0,9.829464192187341,Washington Capitals,Buffalo Sabres,17.0,30.0,82.0,40.0,31.0,11.0,91.0,0.555,216.0,252.0,4.0,5.0,-0.41,0.04,2.63,3.07,47.0,228.0,20.61,49.0,233.0,78.97,3.0,5.0,7.7,7.4,2172.0,9.9,2503.0,0.899,7.0,0,22.0,25.7,82.0,39.0,37.0,6.0,84.0,0.512,244.0,243.0,2.0,1.0,0.03,0.01,2.98,2.96,37.0,223.0,16.59,49.0,243.0,79.84,7.0,10.0,9.8,9.2,2534.0,9.6,2402.0,0.899,5.0,0,0,0,0,0,0,1,0,0,18506,9.825850282808975,1.0036204474224575,0,0
18700.0,9.836278802842678,Carolina Hurricanes,Columbus Blue Jackets,3.0,29.4,82.0,52.0,23.0,7.0,111.0,0.677,277.0,211.0,2.0,5.0,0.73,-0.04,3.38,2.57,67.0,249.0,26.91,35.0,258.0,86.43,11.0,8.0,8.5,8.0,2733.0,10.1,2101.0,0.9,8.0,0,29.0,26.8,82.0,27.0,43.0,12.0,66.0,0.402,234.0,298.0,3.0,2.0,-0.72,0.05,2.85,3.63,32.0,212.0,15.09,56.0,236.0,76.27,5.0,6.0,8.2,7.6,2458.0,9.5,2822.0,0.894,1.0,0,0,0,0,0,0,0,1,1,18680,9.835208711782833,1.0010706638115632,0,0
19264.0,9.865993348108548,Chicago Blackhawks,New York Islanders,31.0,27.4,82.0,23.0,53.0,6.0,52.0,0.317,178.0,289.0,1.0,1.0,-1.29,0.06,2.17,3.52,39.0,235.0,16.6,56.0,231.0,75.76,3.0,8.0,8.7,9.3,2153.0,8.3,2681.0,0.892,1.0,0,15.0,29.6,82.0,39.0,27.0,16.0,94.0,0.573,245.0,258.0,1.0,5.0,-0.18,0.03,2.99,3.15,47.0,231.0,20.35,63.0,221.0,71.49,10.0,3.0,7.1,7.4,2470.0,9.9,2686.0,0.904,5.0,0,0,0,0,0,0,0,1,0,20243,9.915564333761576,0.9516376031220669,0,0
18771.0,9.840068404666473,Minnesota Wild,Vegas Golden Knights,20.0,29.3,82.0,39.0,34.0,9.0,87.0,0.53,248.0,260.0,3.0,3.0,-0.14,0.01,3.02,3.17,62.0,273.0,22.71,67.0,263.0,74.52,3.0,11.0,11.4,11.3,2471.0,10.0,2437.0,0.893,6.0,0,14.0,29.0,82.0,45.0,29.0,8.0,98.0,0.598,263.0,243.0,4.0,2.0,0.22,-0.05,3.21,2.96,51.0,252.0,20.24,44.0,213.0,79.34,9.0,8.0,7.4,8.5,2548.0,10.3,2487.0,0.902,3.0,0,0,0,0,0,0,0,1,0,17954,9.795568210316635,1.0455051799041997,1,0
17569.0,9.773891264365055,St. Louis Blues,New York Rangers,16.0,29.0,82.0,43.0,33.0,6.0,92.0,0.561,234.0,248.0,5.0,2.0,-0.14,-0.01,2.85,3.02,45.0,250.0,18.0,46.0,215.0,78.6,11.0,7.0,7.4,8.6,2370.0,9.9,2636.0,0.906,4.0,0,1.0,29.1,82.0,55.0,23.0,4.0,114.0,0.695,278.0,226.0,4.0,3.0,0.61,-0.03,3.39,2.76,65.0,246.0,26.42,36.0,232.0,84.48,8.0,6.0,9.4,10.4,2582.0,10.8,2418.0,0.907,6.0,0,0,0,0,0,0,0,1,0,18400,9.820105943597078,0.9548369565217392,0,1
18588.0,9.830271490204868,Toronto Maple Leafs,Buffalo Sabres,10.0,28.9,82.0,46.0,26.0,10.0,102.0,0.622,298.0,261.0,5.0,2.0,0.5,0.01,3.63,3.18,57.0,238.0,23.95,55.0,238.0,76.89,6.0,9.0,9.9,10.2,2671.0,11.2,2446.0,0.893,5.0,1,22.0,25.7,82.0,39.0,37.0,6.0,84.0,0.512,244.0,243.0,2.0,1.0,0.03,0.01,2.98,2.96,37.0,223.0,16.59,49.0,243.0,79.84,7.0,10.0,9.8,9.2,2534.0,9.6,2402.0,0.899,5.0,0,0,0,0,0,0,0,1,1,18819,9.842622276764853,0.9877251713693608,1,0
18532.0,9.827254246536539,Dallas Stars,Washington Capitals,2.0,29.3,82.0,52.0,21.0,9.0,113.0,0.689,294.0,232.0,4.0,2.0,0.74,-0.04,3.59,2.83,58.0,240.0,24.17,43.0,239.0,82.01,12.0,4.0,6.8,7.5,2588.0,11.4,2350.0,0.901,4.0,0,17.0,30.0,82.0,40.0,31.0,11.0,91.0,0.555,216.0,252.0,4.0,5.0,-0.41,0.04,2.63,3.07,47.0,228.0,20.61,49.0,233.0,78.97,3.0,5.0,7.7,7.4,2172.0,9.9,2503.0,0.899,7.0,0,1,0,0,0,0,0,0,0,18408,9.820540631715202,1.0067362016514558,0,0
18347.0,9.81722135237872,Edmonton Oilers,Florida Panthers,9.0,29.4,82.0,49.0,27.0,6.0,104.0,0.634,292.0,236.0,2.0,1.0,0.65,-0.04,3.56,2.88,64.0,243.0,26.34,53.0,258.0,79.46,7.0,5.0,9.5,8.5,2768.0,10.5,2307.0,0.898,4.0,1,5.0,29.5,82.0,52.0,24.0,6.0,110.0,0.671,265.0,198.0,3.0,2.0,0.81,-0.02,3.23,2.41,63.0,268.0,23.51,51.0,291.0,82.47,8.0,9.0,13.6,13.5,2764.0,9.6,2279.0,0.913,8.0,0,1,0,0,0,0,0,0,0,18347,9.81722135237872,1.0,1,1
18856.0,9.844586444615967,Vancouver Canucks,Colorado Avalanche,7.0,28.6,82.0,50.0,23.0,9.0,109.0,0.665,279.0,221.0,0.0,2.0,0.64,-0.04,3.4,2.7,58.0,257.0,22.57,53.0,254.0,79.13,7.0,7.0,9.6,9.7,2328.0,12.0,2343.0,0.906,7.0,1,8.0,28.8,82.0,50.0,25.0,7.0,107.0,0.652,302.0,252.0,2.0,2.0,0.57,-0.05,3.68,3.07,68.0,278.0,24.46,53.0,264.0,79.92,7.0,6.0,8.9,9.7,2705.0,11.2,2444.0,0.897,4.0,0,1,0,0,0,0,0,0,0,18910,9.847446161652503,0.9971443680592279,1,1
18700.0,9.836278802842678,Carolina Hurricanes,New York Islanders,3.0,29.4,82.0,52.0,23.0,7.0,111.0,0.677,277.0,211.0,2.0,5.0,0.73,-0.04,3.38,2.57,67.0,249.0,26.91,35.0,258.0,86.43,11.0,8.0,8.5,8.0,2733.0,10.1,2101.0,0.9,8.0,0,15.0,29.6,82.0,39.0,27.0,16.0,94.0,0.573,245.0,258.0,1.0,5.0,-0.18,0.03,2.99,3.15,47.0,231.0,20.35,63.0,221.0,71.49,10.0,3.0,7.1,7.4,2470.0,9.9,2686.0,0.904,5.0,0,0,1,0,0,0,0,0,1,18680,9.835208711782833,1.0010706638115632,0,0
17536.0,9.772011189747742,Calgary Flames,Boston Bruins,25.0,29.2,82.0,38.0,39.0,5.0,81.0,0.494,253.0,267.0,0.0,4.0,-0.2,0.02,3.09,3.26,45.0,252.0,17.86,47.0,245.0,80.82,11.0,11.0,9.4,9.2,2572.0,9.8,2438.0,0.89,2.0,1,6.0,28.6,82.0,47.0,20.0,15.0,109.0,0.665,263.0,221.0,4.0,3.0,0.53,0.01,3.21,2.7,54.0,243.0,22.22,47.0,268.0,82.46,7.0,6.0,9.5,8.8,2399.0,11.0,2504.0,0.912,5.0,0,0,1,0,0,0,0,0,0,19289,9.86729026422424,0.9091191871014568,0,1
18511.0,9.826120428959685,Chicago Blackhawks,Washington Capitals,31.0,27.4,82.0,23.0,53.0,6.0,52.0,0.317,178.0,289.0,1.0,1.0,-1.29,0.06,2.17,3.52,39.0,235.0,16.6,56.0,231.0,75.76,3.0,8.0,8.7,9.3,2153.0,8.3,2681.0,0.892,1.0,0,17.0,30.0,82.0,40.0,31.0,11.0,91.0,0.555,216.0,252.0,4.0,5.0,-0.41,0.04,2.63,3.07,47.0,228.0,20.61,49.0,233.0,78.97,3.0,5.0,7.7,7.4,2172.0,9.9,2503.0,0.899,7.0,0,0,1,0,0,0,0,0,0,20243,9.915564333761576,0.9144395593538507,0,0
21105.0,9.9572652582166,Montreal Canadiens,Buffalo Sabres,28.0,26.7,82.0,30.0,36.0,16.0,76.0,0.463,232.0,281.0,4.0,8.0,-0.59,0.05,2.83,3.43,44.0,252.0,17.46,65.0,277.0,76.53,7.0,12.0,10.2,10.0,2269.0,10.2,2738.0,0.897,2.0,1,22.0,25.7,82.0,39.0,37.0,6.0,84.0,0.512,244.0,243.0,2.0,1.0,0.03,0.01,2.98,2.96,37.0,223.0,16.59,49.0,243.0,79.84,7.0,10.0,9.8,9.2,2534.0,9.6,2402.0,0.899,5.0,0,0,1,0,0,0,0,0,1,21105,9.9572652582166,1.0,0,0
17159.0,9.750278096285621,Nashville Predators,New York Rangers,11.0,29.5,82.0,47.0,30.0,5.0,99.0,0.604,266.0,248.0,3.0,0.0,0.23,-0.02,3.24,3.02,58.0,269.0,21.56,57.0,247.0,76.92,7.0,5.0,9.7,9.5,2642.0,10.1,2507.0,0.901,4.0,0,1.0,29.1,82.0,55.0,23.0,4.0,114.0,0.695,278.0,226.0,4.0,3.0,0.61,-0.03,3.39,2.76,65.0,246.0,26.42,36.0,232.0,84.48,8.0,6.0,9.4,10.4,2582.0,10.8,2418.0,0.907,6.0,0,0,1,0,0,0,0,0,0,17113,9.747593687577451,1.0026880149593875,1,1
15011.0,9.616538544660177,Pittsburgh Penguins,Los Angeles Kings,19.0,31.3,82.0,38.0,32.0,12.0,88.0,0.537,253.0,248.0,2.0,3.0,0.05,0.0,3.09,3.02,40.0,262.0,15.27,47.0,243.0,80.66,5.0,12.0,7.4,7.9,2685.0,9.4,2479.0,0.9,8.0,0,12.0,29.5,82.0,44.0,27.0,11.0,99.0,0.604,254.0,210.0,2.0,5.0,0.45,-0.05,3.1,2.56,56.0,248.0,22.58,39.0,253.0,84.58,11.0,7.0,8.7,9.5,2616.0,9.7,2296.0,0.909,7.0,0,0,1,0,0,0,0,0,0,18387,9.819399172153842,0.8163920160983303,1,0
17151.0,9.749811759932081,Seattle Kraken,Ottawa Senators,24.0,29.4,82.0,34.0,35.0,13.0,81.0,0.494,214.0,232.0,3.0,4.0,-0.26,-0.03,2.61,2.83,50.0,242.0,20.66,47.0,222.0,78.83,6.0,9.0,8.0,8.1,2347.0,9.1,2391.0,0.903,5.0,0,26.0,27.0,82.0,37.0,41.0,4.0,78.0,0.476,250.0,281.0,5.0,0.0,-0.28,0.04,3.05,3.43,51.0,283.0,18.02,61.0,245.0,75.1,7.0,6.0,10.4,11.1,2602.0,9.6,2432.0,0.884,2.0,1,0,1,0,0,0,0,0,0,17100,9.746833742490752,1.0029824561403509,0,0
18096.0,9.803446198355902,St. Louis Blues,New Jersey Devils,16.0,29.0,82.0,43.0,33.0,6.0,92.0,0.561,234.0,248.0,5.0,2.0,-0.14,-0.01,2.85,3.02,45.0,250.0,18.0,46.0,215.0,78.6,11.0,7.0,7.4,8.6,2370.0,9.9,2636.0,0.906,4.0,0,23.0,26.8,82.0,38.0,39.0,5.0,81.0,0.494,264.0,281.0,0.0,2.0,-0.22,0.01,3.22,3.43,55.0,245.0,22.45,47.0,243.0,80.66,3.0,9.0,9.1,9.6,2516.0,10.5,2458.0,0.886,1.0,0,0,1,0,0,0,0,0,0,18400,9.820105943597078,0.9834782608695652,0,0
19092.0,9.857024678125788,Tampa Bay Lightning,Columbus Blue Jackets,13.0,29.1,82.0,45.0,29.0,8.0,98.0,0.598,288.0,267.0,3.0,1.0,0.28,0.0,3.51,3.26,71.0,248.0,28.63,39.0,234.0,83.33,5.0,6.0,11.0,11.0,2401.0,12.0,2430.0,0.89,4.0,0,29.0,26.8,82.0,27.0,43.0,12.0,66.0,0.402,234.0,298.0,3.0,2.0,-0.72,0.05,2.85,3.63,32.0,212.0,15.09,56.0,236.0,76.27,5.0,6.0,8.2,7.6,2458.0,9.5,2822.0,0.894,1.0,0,0,1,0,0,0,0,0,0,19204,9.862873869650832,0.9941678816913143,1,0
16260.0,9.696463383101802,Anaheim Ducks,Winnipeg Jets,30.0,27.7,82.0,27.0,50.0,5.0,59.0,0.36,203.0,293.0,1.0,2.0,-1.09,0.02,2.48,3.57,43.0,235.0,18.3,91.0,330.0,72.42,12.0,5.0,13.5,10.9,2194.0,9.3,2666.0,0.89,1.0,0,4.0,29.4,82.0,52.0,24.0,6.0,110.0,0.671,259.0,198.0,0.0,1.0,0.69,-0.04,3.16,2.41,45.0,240.0,18.75,51.0,223.0,77.13,3.0,5.0,8.2,8.9,2488.0,10.4,2429.0,0.918,8.0,1,0,0,1,0,0,0,0,0,17174,9.75115189123243,0.9467800163037149,0,0
18532.0,9.827254246536539,Dallas Stars,Toronto Maple Leafs,2.0,29.3,82.0,52.0,21.0,9.0,113.0,0.689,294.0,232.0,4.0,2.0,0.74,-0.04,3.59,2.83,58.0,240.0,24.17,43.0,239.0,82.01,12.0,4.0,6.8,7.5,2588.0,11.4,2350.0,0.901,4.0,0,10.0,28.9,82.0,46.0,26.0,10.0,102.0,0.622,298.0,261.0,5.0,2.0,0.5,0.01,3.63,3.18,57.0,238.0,23.95,55.0,238.0,76.89,6.0,9.0,9.9,10.2,2671.0,11.2,2446.0,0.893,5.0,1,0,0,1,0,0,0,0,0,18408,9.820540631715202,1.0067362016514558,0,1
19515.0,9.878938679614715,Detroit Red Wings,Philadelphia Flyers,18.0,29.3,82.0,41.0,32.0,9.0,91.0,0.555,275.0,273.0,3.0,1.0,0.06,0.02,3.35,3.33,63.0,273.0,23.08,49.0,240.0,79.58,7.0,10.0,8.7,9.9,2375.0,11.6,2657.0,0.897,4.0,0,21.0,27.1,82.0,38.0,33.0,11.0,87.0,0.53,231.0,258.0,4.0,3.0,-0.29,0.03,2.82,3.15,31.0,254.0,12.2,40.0,241.0,83.4,16.0,4.0,10.1,9.7,2708.0,8.5,2225.0,0.884,5.0,0,0,0,1,0,0,0,0,0,20000,9.903487552536127,0.97575,0,0
17423.0,9.765546451422905,Minnesota Wild,Florida Panthers,20.0,29.3,82.0,39.0,34.0,9.0,87.0,0.53,248.0,260.0,3.0,3.0,-0.14,0.01,3.02,3.17,62.0,273.0,22.71,67.0,263.0,74.52,3.0,11.0,11.4,11.3,2471.0,10.0,2437.0,0.893,6.0,0,5.0,29.5,82.0,52.0,24.0,6.0,110.0,0.671,265.0,198.0,3.0,2.0,0.81,-0.02,3.23,2.41,63.0,268.0,23.51,51.0,291.0,82.47,8.0,9.0,13.6,13.5,2764.0,9.6,2279.0,0.913,8.0,0,0,0,1,0,0,0,0,0,17954,9.795568210316635,0.9704244179570012,1,1
15793.0,9.667322082870054,Columbus Blue Jackets,New Jersey Devils,29.0,26.8,82.0,27.0,43.0,12.0,66.0,0.402,234.0,298.0,3.0,2.0,-0.72,0.05,2.85,3.63,32.0,212.0,15.09,56.0,236.0,76.27,5.0,6.0,8.2,7.6,2458.0,9.5,2822.0,0.894,1.0,0,23.0,26.8,82.0,38.0,39.0,5.0,81.0,0.494,264.0,281.0,0.0,2.0,-0.22,0.01,3.22,3.43,55.0,245.0,22.45,47.0,243.0,80.66,3.0,9.0,9.1,9.6,2516.0,10.5,2458.0,0.886,1.0,0,0,0,0,1,0,0,0,1,20556,9.93090814811212,0.7682914964000779,0,0
17271.0,9.756784073343919,Calgary Flames,Ottawa Senators,25.0,29.2,82.0,38.0,39.0,5.0,81.0,0.494,253.0,267.0,0.0,4.0,-0.2,0.02,3.09,3.26,45.0,252.0,17.86,47.0,245.0,80.82,11.0,11.0,9.4,9.2,2572.0,9.8,2438.0,0.89,2.0,1,26.0,27.0,82.0,37.0,41.0,4.0,78.0,0.476,250.0,281.0,5.0,0.0,-0.28,0.04,3.05,3.43,51.0,283.0,18.02,61.0,245.0,75.1,7.0,6.0,10.4,11.1,2602.0,9.6,2432.0,0.884,2.0,1,0,0,0,1,0,0,0,0,19289,9.86729026422424,0.8953807869770335,0,0
18991.0,9.851720461714246,Chicago Blackhawks,Seattle Kraken,31.0,27.4,82.0,23.0,53.0,6.0,52.0,0.317,178.0,289.0,1.0,1.0,-1.29,0.06,2.17,3.52,39.0,235.0,16.6,56.0,231.0,75.76,3.0,8.0,8.7,9.3,2153.0,8.3,2681.0,0.892,1.0,0,24.0,29.4,82.0,34.0,35.0,13.0,81.0,0.494,214.0,232.0,3.0,4.0,-0.26,-0.03,2.61,2.83,50.0,242.0,20.66,47.0,222.0,78.83,6.0,9.0,8.0,8.1,2347.0,9.1,2391.0,0.903,5.0,0,0,0,0,1,0,0,0,0,20243,9.915564333761576,0.938151459763869,0,0
18347.0,9.81722135237872,Edmonton Oilers,Boston Bruins,9.0,29.4,82.0,49.0,27.0,6.0,104.0,0.634,292.0,236.0,2.0,1.0,0.65,-0.04,3.56,2.88,64.0,243.0,26.34,53.0,258.0,79.46,7.0,5.0,9.5,8.5,2768.0,10.5,2307.0,0.898,4.0,1,6.0,28.6,82.0,47.0,20.0,15.0,109.0,0.665,263.0,221.0,4.0,3.0,0.53,0.01,3.21,2.7,54.0,243.0,22.22,47.0,268.0,82.46,7.0,6.0,9.5,8.8,2399.0,11.0,2504.0,0.912,5.0,0,0,0,0,1,0,0,0,0,18347,9.81722135237872,1.0,1,1
17159.0,9.750278096285621,Nashville Predators,Pittsburgh Penguins,11.0,29.5,82.0,47.0,30.0,5.0,99.0,0.604,266.0,248.0,3.0,0.0,0.23,-0.02,3.24,3.02,58.0,269.0,21.56,57.0,247.0,76.92,7.0,5.0,9.7,9.5,2642.0,10.1,2507.0,0.901,4.0,0,19.0,31.3,82.0,38.0,32.0,12.0,88.0,0.537,253.0,248.0,2.0,3.0,0.05,0.0,3.09,3.02,40.0,262.0,15.27,47.0,243.0,80.66,5.0,12.0,7.4,7.9,2685.0,9.4,2479.0,0.9,8.0,0,0,0,0,1,0,0,0,0,17113,9.747593687577451,1.0026880149593875,1,1
18551.0,9.828278974938373,Philadelphia Flyers,Los Angeles Kings,21.0,27.1,82.0,38.0,33.0,11.0,87.0,0.53,231.0,258.0,4.0,3.0,-0.29,0.03,2.82,3.15,31.0,254.0,12.2,40.0,241.0,83.4,16.0,4.0,10.1,9.7,2708.0,8.5,2225.0,0.884,5.0,0,12.0,29.5,82.0,44.0,27.0,11.0,99.0,0.604,254.0,210.0,2.0,5.0,0.45,-0.05,3.1,2.56,56.0,248.0,22.58,39.0,253.0,84.58,11.0,7.0,8.7,9.5,2616.0,9.7,2296.0,0.909,7.0,0,0,0,0,1,0,0,0,0,19537,9.880065382591635,0.9495316578799201,0,0
12517.0,9.434842999328023,San Jose Sharks,Colorado Avalanche,32.0,27.7,82.0,19.0,54.0,9.0,47.0,0.287,180.0,326.0,1.0,5.0,-1.78,0.05,2.2,3.98,42.0,208.0,20.19,62.0,252.0,75.4,3.0,8.0,9.5,8.2,2069.0,8.7,2881.0,0.887,2.0,0,8.0,28.8,82.0,50.0,25.0,7.0,107.0,0.652,302.0,252.0,2.0,2.0,0.57,-0.05,3.68,3.07,68.0,278.0,24.46,53.0,264.0,79.92,7.0,6.0,8.9,9.7,2705.0,11.2,2444.0,0.897,4.0,0,0,0,0,1,0,0,0,0,17435,9.766234959109752,0.717923716661887,0,1
19092.0,9.857024678125788,Tampa Bay Lightning,St. Louis Blues,13.0,29.1,82.0,45.0,29.0,8.0,98.0,0.598,288.0,267.0,3.0,1.0,0.28,0.0,3.51,3.26,71.0,248.0,28.63,39.0,234.0,83.33,5.0,6.0,11.0,11.0,2401.0,12.0,2430.0,0.89,4.0,0,16.0,29.0,82.0,43.0,33.0,6.0,92.0,0.561,234.0,248.0,5.0,2.0,-0.14,-0.01,2.85,3.02,45.0,250.0,18.0,46.0,215.0,78.6,11.0,7.0,7.4,8.6,2370.0,9.9,2636.0,0.906,4.0,0,0,0,0,1,0,0,0,0,19204,9.862873869650832,0.9941678816913143,1,0
17779.0,9.785773264516571,Vegas Golden Knights,Vancouver Canucks,14.0,29.0,82.0,45.0,29.0,8.0,98.0,0.598,263.0,243.0,4.0,2.0,0.22,-0.05,3.21,2.96,51.0,252.0,20.24,44.0,213.0,79.34,9.0,8.0,7.4,8.5,2548.0,10.3,2487.0,0.902,3.0,0,7.0,28.6,82.0,50.0,23.0,9.0,109.0,0.665,279.0,221.0,0.0,2.0,0.64,-0.04,3.4,2.7,58.0,257.0,22.57,53.0,254.0,79.13,7.0,7.0,9.6,9.7,2328.0,12.0,2343.0,0.906,7.0,1,0,0,0,1,0,0,0,1,17500,9.769956159911606,1.015942857142857,0,1
16226.0,9.69437017295501,Anaheim Ducks,Colorado Avalanche,30.0,27.7,82.0,27.0,50.0,5.0,59.0,0.36,203.0,293.0,1.0,2.0,-1.09,0.02,2.48,3.57,43.0,235.0,18.3,91.0,330.0,72.42,12.0,5.0,13.5,10.9,2194.0,9.3,2666.0,0.89,1.0,0,8.0,28.8,82.0,50.0,25.0,7.0,107.0,0.652,302.0,252.0,2.0,2.0,0.57,-0.05,3.68,3.07,68.0,278.0,24.46,53.0,264.0,79.92,7.0,6.0,8.9,9.7,2705.0,11.2,2444.0,0.897,4.0,0,0,0,0,0,1,0,0,0,17174,9.75115189123243,0.9448002794922558,0,1
18267.0,9.812851432276684,Buffalo Sabres,Toronto Maple Leafs,22.0,25.7,82.0,39.0,37.0,6.0,84.0,0.512,244.0,243.0,2.0,1.0,0.03,0.01,2.98,2.96,37.0,223.0,16.59,49.0,243.0,79.84,7.0,10.0,9.8,9.2,2534.0,9.6,2402.0,0.899,5.0,0,10.0,28.9,82.0,46.0,26.0,10.0,102.0,0.622,298.0,261.0,5.0,2.0,0.5,0.01,3.63,3.18,57.0,238.0,23.95,55.0,238.0,76.89,6.0,9.0,9.9,10.2,2671.0,11.2,2446.0,0.893,5.0,1,0,0,0,0,1,0,0,1,19029,9.853719410302007,0.9599558568500709,0,1
18532.0,9.827254246536539,Dallas Stars,New York Rangers,2.0,29.3,82.0,52.0,21.0,9.0,113.0,0.689,294.0,232.0,4.0,2.0,0.74,-0.04,3.59,2.83,58.0,240.0,24.17,43.0,239.0,82.01,12.0,4.0,6.8,7.5,2588.0,11.4,2350.0,0.901,4.0,0,1.0,29.1,82.0,55.0,23.0,4.0,114.0,0.695,278.0,226.0,4.0,3.0,0.61,-0.03,3.39,2.76,65.0,246.0,26.42,36.0,232.0,84.48,8.0,6.0,9.4,10.4,2582.0,10.8,2418.0,0.907,6.0,0,0,0,0,0,1,0,0,0,18408,9.820540631715202,1.0067362016514558,0,1
19515.0,9.878938679614715,Detroit Red Wings,Montreal Canadiens,18.0,29.3,82.0,41.0,32.0,9.0,91.0,0.555,275.0,273.0,3.0,1.0,0.06,0.02,3.35,3.33,63.0,273.0,23.08,49.0,240.0,79.58,7.0,10.0,8.7,9.9,2375.0,11.6,2657.0,0.897,4.0,0,28.0,26.7,82.0,30.0,36.0,16.0,76.0,0.463,232.0,281.0,4.0,8.0,-0.59,0.05,2.83,3.43,44.0,252.0,17.46,65.0,277.0,76.53,7.0,12.0,10.2,10.0,2269.0,10.2,2738.0,0.897,2.0,1,0,0,0,0,1,0,0,1,20000,9.903487552536127,0.97575,0,0
18522.0,9.826714493730215,Florida Panthers,St. Louis Blues,5.0,29.5,82.0,52.0,24.0,6.0,110.0,0.671,265.0,198.0,3.0,2.0,0.81,-0.02,3.23,2.41,63.0,268.0,23.51,51.0,291.0,82.47,8.0,9.0,13.6,13.5,2764.0,9.6,2279.0,0.913,8.0,0,16.0,29.0,82.0,43.0,33.0,6.0,92.0,0.561,234.0,248.0,5.0,2.0,-0.14,-0.01,2.85,3.02,45.0,250.0,18.0,46.0,215.0,78.6,11.0,7.0,7.4,8.6,2370.0,9.9,2636.0,0.906,4.0,0,0,0,0,0,1,0,0,0,19109,9.857914707241372,0.969281490397195,1,0
18573.0,9.829464192187341,Washington Capitals,Carolina Hurricanes,17.0,30.0,82.0,40.0,31.0,11.0,91.0,0.555,216.0,252.0,4.0,5.0,-0.41,0.04,2.63,3.07,47.0,228.0,20.61,49.0,233.0,78.97,3.0,5.0,7.7,7.4,2172.0,9.9,2503.0,0.899,7.0,0,3.0,29.4,82.0,52.0,23.0,7.0,111.0,0.677,277.0,211.0,2.0,5.0,0.73,-0.04,3.38,2.57,67.0,249.0,26.91,35.0,258.0,86.43,11.0,8.0,8.5,8.0,2733.0,10.1,2101.0,0.9,8.0,0,0,0,0,0,1,0,0,1,18506,9.825850282808975,1.0036204474224575,0,0
17850.0,9.789758787207784,Boston Bruins,Buffalo Sabres,6.0,28.6,82.0,47.0,20.0,15.0,109.0,0.665,263.0,221.0,4.0,3.0,0.53,0.01,3.21,2.7,54.0,243.0,22.22,47.0,268.0,82.46,7.0,6.0,9.5,8.8,2399.0,11.0,2504.0,0.912,5.0,0,22.0,25.7,82.0,39.0,37.0,6.0,84.0,0.512,244.0,243.0,2.0,1.0,0.03,0.01,2.98,2.96,37.0,223.0,16.59,49.0,243.0,79.84,7.0,10.0,9.8,9.2,2534.0,9.6,2402.0,0.899,5.0,0,0,0,0,0,0,1,0,1,17565,9.773663564699927,1.0162254483347566,1,0
18760.0,9.839482222560216,Calgary Flames,Chicago Blackhawks,25.0,29.2,82.0,38.0,39.0,5.0,81.0,0.494,253.0,267.0,0.0,4.0,-0.2,0.02,3.09,3.26,45.0,252.0,17.86,47.0,245.0,80.82,11.0,11.0,9.4,9.2,2572.0,9.8,2438.0,0.89,2.0,1,31.0,27.4,82.0,23.0,53.0,6.0,52.0,0.317,178.0,289.0,1.0,1.0,-1.29,0.06,2.17,3.52,39.0,235.0,16.6,56.0,231.0,75.76,3.0,8.0,8.7,9.3,2153.0,8.3,2681.0,0.892,1.0,0,0,0,0,0,0,1,0,0,19289,9.86729026422424,0.972575042770491,0,0
18347.0,9.81722135237872,Edmonton Oilers,San Jose Sharks,9.0,29.4,82.0,49.0,27.0,6.0,104.0,0.634,292.0,236.0,2.0,1.0,0.65,-0.04,3.56,2.88,64.0,243.0,26.34,53.0,258.0,79.46,7.0,5.0,9.5,8.5,2768.0,10.5,2307.0,0.898,4.0,1,32.0,27.7,82.0,19.0,54.0,9.0,47.0,0.287,180.0,326.0,1.0,5.0,-1.78,0.05,2.2,3.98,42.0,208.0,20.19,62.0,252.0,75.4,3.0,8.0,9.5,8.2,2069.0,8.7,2881.0,0.887,2.0,0,0,0,0,0,0,1,0,1,18347,9.81722135237872,1.0,1,0
21105.0,9.9572652582166,Montreal Canadiens,Detroit Red Wings,28.0,26.7,82.0,30.0,36.0,16.0,76.0,0.463,232.0,281.0,4.0,8.0,-0.59,0.05,2.83,3.43,44.0,252.0,17.46,65.0,277.0,76.53,7.0,12.0,10.2,10.0,2269.0,10.2,2738.0,0.897,2.0,1,18.0,29.3,82.0,41.0,32.0,9.0,91.0,0.555,275.0,273.0,3.0,1.0,0.06,0.02,3.35,3.33,63.0,273.0,23.08,49.0,240.0,79.58,7.0,10.0,8.7,9.9,2375.0,11.6,2657.0,0.897,4.0,0,0,0,0,0,0,1,0,1,21105,9.9572652582166,1.0,0,0
16514.0,9.711963784977375,New Jersey Devils,Pittsburgh Penguins,23.0,26.8,82.0,38.0,39.0,5.0,81.0,0.494,264.0,281.0,0.0,2.0,-0.22,0.01,3.22,3.43,55.0,245.0,22.45,47.0,243.0,80.66,3.0,9.0,9.1,9.6,2516.0,10.5,2458.0,0.886,1.0,0,19.0,31.3,82.0,38.0,32.0,12.0,88.0,0.537,253.0,248.0,2.0,3.0,0.05,0.0,3.09,3.02,40.0,262.0,15.27,47.0,243.0,80.66,5.0,12.0,7.4,7.9,2685.0,9.4,2479.0,0.9,8.0,0,0,0,0,0,0,1,0,1,16535,9.713234625415893,0.998729966737224,0,1
17159.0,9.750278096285621,Nashville Predators,Los Angeles Kings,11.0,29.5,82.0,47.0,30.0,5.0,99.0,0.604,266.0,248.0,3.0,0.0,0.23,-0.02,3.24,3.02,58.0,269.0,21.56,57.0,247.0,76.92,7.0,5.0,9.7,9.5,2642.0,10.1,2507.0,0.901,4.0,0,12.0,29.5,82.0,44.0,27.0,11.0,99.0,0.604,254.0,210.0,2.0,5.0,0.45,-0.05,3.1,2.56,56.0,248.0,22.58,39.0,253.0,84.58,11.0,7.0,8.7,9.5,2616.0,9.7,2296.0,0.909,7.0,0,0,0,0,0,0,1,0,0,17113,9.747593687577451,1.0026880149593875,1,0
18644.0,9.833279657492632,Philadelphia Flyers,Columbus Blue Jackets,21.0,27.1,82.0,38.0,33.0,11.0,87.0,0.53,231.0,258.0,4.0,3.0,-0.29,0.03,2.82,3.15,31.0,254.0,12.2,40.0,241.0,83.4,16.0,4.0,10.1,9.7,2708.0,8.5,2225.0,0.884,5.0,0,29.0,26.8,82.0,27.0,43.0,12.0,66.0,0.402,234.0,298.0,3.0,2.0,-0.72,0.05,2.85,3.63,32.0,212.0,15.09,56.0,236.0,76.27,5.0,6.0,8.2,7.6,2458.0,9.5,2822.0,0.894,1.0,0,0,0,0,0,0,1,0,1,19537,9.880065382591635,0.9542918564774531,0,0
18912.0,9.847551920205825,Toronto Maple Leafs,New York Islanders,10.0,28.9,82.0,46.0,26.0,10.0,102.0,0.622,298.0,261.0,5.0,2.0,0.5,0.01,3.63,3.18,57.0,238.0,23.95,55.0,238.0,76.89,6.0,9.0,9.9,10.2,2671.0,11.2,2446.0,0.893,5.0,1,15.0,29.6,82.0,39.0,27.0,16.0,94.0,0.573,245.0,258.0,1.0,5.0,-0.18,0.03,2.99,3.15,47.0,231.0,20.35,63.0,221.0,71.49,10.0,3.0,7.1,7.4,2470.0,9.9,2686.0,0.904,5.0,0,0,0,0,0,0,1,0,0,18819,9.842622276764853,1.0049418141240236,1,0
18940.0,9.84903136674007,Vancouver Canucks,Ottawa Senators,7.0,28.6,82.0,50.0,23.0,9.0,109.0,0.665,279.0,221.0,0.0,2.0,0.64,-0.04,3.4,2.7,58.0,257.0,22.57,53.0,254.0,79.13,7.0,7.0,9.6,9.7,2328.0,12.0,2343.0,0.906,7.0,1,26.0,27.0,82.0,37.0,41.0,4.0,78.0,0.476,250.0,281.0,5.0,0.0,-0.28,0.04,3.05,3.43,51.0,283.0,18.02,61.0,245.0,75.1,7.0,6.0,10.4,11.1,2602.0,9.6,2432.0,0.884,2.0,1,0,0,0,0,0,1,0,0,18910,9.847446161652503,1.0015864621893178,1,0
17862.0,9.790430830243832,Vegas Golden Knights,Seattle Kraken,14.0,29.0,82.0,45.0,29.0,8.0,98.0,0.598,263.0,243.0,4.0,2.0,0.22,-0.05,3.21,2.96,51.0,252.0,20.24,44.0,213.0,79.34,9.0,8.0,7.4,8.5,2548.0,10.3,2487.0,0.902,3.0,0,24.0,29.4,82.0,34.0,35.0,13.0,81.0,0.494,214.0,232.0,3.0,4.0,-0.26,-0.03,2.61,2.83,50.0,242.0,20.66,47.0,222.0,78.83,6.0,9.0,8.0,8.1,2347.0,9.1,2391.0,0.903,5.0,0,0,0,0,0,0,1,0,1,17500,9.769956159911606,1.0206857142857142,0,0
15225.0,9.630694092578098,Winnipeg Jets,Minnesota Wild,4.0,29.4,82.0,52.0,24.0,6.0,110.0,0.671,259.0,198.0,0.0,1.0,0.69,-0.04,3.16,2.41,45.0,240.0,18.75,51.0,223.0,77.13,3.0,5.0,8.2,8.9,2488.0,10.4,2429.0,0.918,8.0,1,20.0,29.3,82.0,39.0,34.0,9.0,87.0,0.53,248.0,260.0,3.0,3.0,-0.14,0.01,3.02,3.17,62.0,273.0,22.71,67.0,263.0,74.52,3.0,11.0,11.4,11.3,2471.0,10.0,2437.0,0.893,6.0,0,0,0,0,0,0,1,0,1,15225,9.630694092578098,1.0,0,1
18089.0,9.803059297701635,Colorado Avalanche,Seattle Kraken,8.0,28.8,82.0,50.0,25.0,7.0,107.0,0.652,302.0,252.0,2.0,2.0,0.57,-0.05,3.68,3.07,68.0,278.0,24.46,53.0,264.0,79.92,7.0,6.0,8.9,9.7,2705.0,11.2,2444.0,0.897,4.0,0,24.0,29.4,82.0,34.0,35.0,13.0,81.0,0.494,214.0,232.0,3.0,4.0,-0.26,-0.03,2.61,2.83,50.0,242.0,20.66,47.0,222.0,78.83,6.0,9.0,8.0,8.1,2347.0,9.1,2391.0,0.903,5.0,0,0,0,0,0,0,0,1,0,18007,9.798515850169505,1.004553784639307,1,0
18347.0,9.81722135237872,Edmonton Oilers,Ottawa Senators,9.0,29.4,82.0,49.0,27.0,6.0,104.0,0.634,292.0,236.0,2.0,1.0,0.65,-0.04,3.56,2.88,64.0,243.0,26.34,53.0,258.0,79.46,7.0,5.0,9.5,8.5,2768.0,10.5,2307.0,0.898,4.0,1,26.0,27.0,82.0,37.0,41.0,4.0,78.0,0.476,250.0,281.0,5.0,0.0,-0.28,0.04,3.05,3.43,51.0,283.0,18.02,61.0,245.0,75.1,7.0,6.0,10.4,11.1,2602.0,9.6,2432.0,0.884,2.0,1,0,0,0,0,0,0,1,0,18347,9.81722135237872,1.0,1,0
18006.0,9.798460314668421,New York Rangers,Carolina Hurricanes,1.0,29.1,82.0,55.0,23.0,4.0,114.0,0.695,278.0,226.0,4.0,3.0,0.61,-0.03,3.39,2.76,65.0,246.0,26.42,36.0,232.0,84.48,8.0,6.0,9.4,10.4,2582.0,10.8,2418.0,0.907,6.0,0,3.0,29.4,82.0,52.0,23.0,7.0,111.0,0.677,277.0,211.0,2.0,5.0,0.73,-0.04,3.38,2.57,67.0,249.0,26.91,35.0,258.0,86.43,11.0,8.0,8.5,8.0,2733.0,10.1,2101.0,0.9,8.0,0,0,0,0,0,0,0,1,1,18006,9.798460314668421,1.0,1,0
19092.0,9.857024678125788,Tampa Bay Lightning,Florida Panthers,13.0,29.1,82.0,45.0,29.0,8.0,98.0,0.598,288.0,267.0,3.0,1.0,0.28,0.0,3.51,3.26,71.0,248.0,28.63,39.0,234.0,83.33,5.0,6.0,11.0,11.0,2401.0,12.0,2430.0,0.89,4.0,0,5.0,29.5,82.0,52.0,24.0,6.0,110.0,0.671,265.0,198.0,3.0,2.0,0.81,-0.02,3.23,2.41,63.0,268.0,23.51,51.0,291.0,82.47,8.0,9.0,13.6,13.5,2764.0,9.6,2279.0,0.913,8.0,0,0,0,0,0,0,0,1,1,19204,9.862873869650832,0.9941678816913143,1,1
18573.0,9.829464192187341,Washington Capitals,Los Angeles Kings,17.0,30.0,82.0,40.0,31.0,11.0,91.0,0.555,216.0,252.0,4.0,5.0,-0.41,0.04,2.63,3.07,47.0,228.0,20.61,49.0,233.0,78.97,3.0,5.0,7.7,7.4,2172.0,9.9,2503.0,0.899,7.0,0,12.0,29.5,82.0,44.0,27.0,11.0,99.0,0.604,254.0,210.0,2.0,5.0,0.45,-0.05,3.1,2.56,56.0,248.0,22.58,39.0,253.0,84.58,11.0,7.0,8.7,9.5,2616.0,9.7,2296.0,0.909,7.0,0,0,0,0,0,0,0,1,0,18506,9.825850282808975,1.0036204474224575,0,0
17850.0,9.789758787207784,Boston Bruins,Washington Capitals,6.0,28.6,82.0,47.0,20.0,15.0,109.0,0.665,263.0,221.0,4.0,3.0,0.53,0.01,3.21,2.7,54.0,243.0,22.22,47.0,268.0,82.46,7.0,6.0,9.5,8.8,2399.0,11.0,2504.0,0.912,5.0,0,17.0,30.0,82.0,40.0,31.0,11.0,91.0,0.555,216.0,252.0,4.0,5.0,-0.41,0.04,2.63,3.07,47.0,228.0,20.61,49.0,233.0,78.97,3.0,5.0,7.7,7.4,2172.0,9.9,2503.0,0.899,7.0,0,1,0,0,0,0,0,0,0,17565,9.773663564699927,1.0162254483347566,1,0
17875.0,9.791158367562208,Columbus Blue Jackets,Montreal Canadiens,29.0,26.8,82.0,27.0,43.0,12.0,66.0,0.402,234.0,298.0,3.0,2.0,-0.72,0.05,2.85,3.63,32.0,212.0,15.09,56.0,236.0,76.27,5.0,6.0,8.2,7.6,2458.0,9.5,2822.0,0.894,1.0,0,28.0,26.7,82.0,30.0,36.0,16.0,76.0,0.463,232.0,281.0,4.0,8.0,-0.59,0.05,2.83,3.43,44.0,252.0,17.46,65.0,277.0,76.53,7.0,12.0,10.2,10.0,2269.0,10.2,2738.0,0.897,2.0,1,1,0,0,0,0,0,0,0,20556,9.93090814811212,0.869575792955828,0,0
19515.0,9.878938679614715,Detroit Red Wings,St. Louis Blues,18.0,29.3,82.0,41.0,32.0,9.0,91.0,0.555,275.0,273.0,3.0,1.0,0.06,0.02,3.35,3.33,63.0,273.0,23.08,49.0,240.0,79.58,7.0,10.0,8.7,9.9,2375.0,11.6,2657.0,0.897,4.0,0,16.0,29.0,82.0,43.0,33.0,6.0,92.0,0.561,234.0,248.0,5.0,2.0,-0.14,-0.01,2.85,3.02,45.0,250.0,18.0,46.0,215.0,78.6,11.0,7.0,7.4,8.6,2370.0,9.9,2636.0,0.906,4.0,0,1,0,0,0,0,0,0,0,20000,9.903487552536127,0.97575,0,0
19544.0,9.880423612937577,Florida Panthers,Tampa Bay Lightning,5.0,29.5,82.0,52.0,24.0,6.0,110.0,0.671,265.0,198.0,3.0,2.0,0.81,-0.02,3.23,2.41,63.0,268.0,23.51,51.0,291.0,82.47,8.0,9.0,13.6,13.5,2764.0,9.6,2279.0,0.913,8.0,0,13.0,29.1,82.0,45.0,29.0,8.0,98.0,0.598,288.0,267.0,3.0,1.0,0.28,0.0,3.51,3.26,71.0,248.0,28.63,39.0,234.0,83.33,5.0,6.0,11.0,11.0,2401.0,12.0,2430.0,0.89,4.0,0,1,0,0,0,0,0,0,1,19109,9.857914707241372,1.0227641425506306,1,1
19067.0,9.855714371064444,Minnesota Wild,Chicago Blackhawks,20.0,29.3,82.0,39.0,34.0,9.0,87.0,0.53,248.0,260.0,3.0,3.0,-0.14,0.01,3.02,3.17,62.0,273.0,22.71,67.0,263.0,74.52,3.0,11.0,11.4,11.3,2471.0,10.0,2437.0,0.893,6.0,0,31.0,27.4,82.0,23.0,53.0,6.0,52.0,0.317,178.0,289.0,1.0,1.0,-1.29,0.06,2.17,3.52,39.0,235.0,16.6,56.0,231.0,75.76,3.0,8.0,8.7,9.3,2153.0,8.3,2681.0,0.892,1.0,0,1,0,0,0,0,0,0,1,17954,9.795568210316635,1.0619917567115964,1,0
16514.0,9.711963784977375,New Jersey Devils,New York Rangers,23.0,26.8,82.0,38.0,39.0,5.0,81.0,0.494,264.0,281.0,0.0,2.0,-0.22,0.01,3.22,3.43,55.0,245.0,22.45,47.0,243.0,80.66,3.0,9.0,9.1,9.6,2516.0,10.5,2458.0,0.886,1.0,0,1.0,29.1,82.0,55.0,23.0,4.0,114.0,0.695,278.0,226.0,4.0,3.0,0.61,-0.03,3.39,2.76,65.0,246.0,26.42,36.0,232.0,84.48,8.0,6.0,9.4,10.4,2582.0,10.8,2418.0,0.907,6.0,0,1,0,0,0,0,0,0,1,16535,9.713234625415893,0.998729966737224,0,1
17159.0,9.750278096285621,Nashville Predators,Carolina Hurricanes,11.0,29.5,82.0,47.0,30.0,5.0,99.0,0.604,266.0,248.0,3.0,0.0,0.23,-0.02,3.24,3.02,58.0,269.0,21.56,57.0,247.0,76.92,7.0,5.0,9.7,9.5,2642.0,10.1,2507.0,0.901,4.0,0,3.0,29.4,82.0,52.0,23.0,7.0,111.0,0.677,277.0,211.0,2.0,5.0,0.73,-0.04,3.38,2.57,67.0,249.0,26.91,35.0,258.0,86.43,11.0,8.0,8.5,8.0,2733.0,10.1,2101.0,0.9,8.0,0,1,0,0,0,0,0,0,0,17113,9.747593687577451,1.0026880149593875,1,0
17255.0,9.755857235532103,New York Islanders,Buffalo Sabres,15.0,29.6,82.0,39.0,27.0,16.0,94.0,0.573,245.0,258.0,1.0,5.0,-0.18,0.03,2.99,3.15,47.0,231.0,20.35,63.0,221.0,71.49,10.0,3.0,7.1,7.4,2470.0,9.9,2686.0,0.904,5.0,0,22.0,25.7,82.0,39.0,37.0,6.0,84.0,0.512,244.0,243.0,2.0,1.0,0.03,0.01,2.98,2.96,37.0,223.0,16.59,49.0,243.0,79.84,7.0,10.0,9.8,9.2,2534.0,9.6,2402.0,0.899,5.0,0,1,0,0,0,0,0,0,0,17113,9.747593687577451,1.008297785309414,0,0
18290.0,9.814109741384911,Pittsburgh Penguins,Philadelphia Flyers,19.0,31.3,82.0,38.0,32.0,12.0,88.0,0.537,253.0,248.0,2.0,3.0,0.05,0.0,3.09,3.02,40.0,262.0,15.27,47.0,243.0,80.66,5.0,12.0,7.4,7.9,2685.0,9.4,2479.0,0.9,8.0,0,21.0,27.1,82.0,38.0,33.0,11.0,87.0,0.53,231.0,258.0,4.0,3.0,-0.29,0.03,2.82,3.15,31.0,254.0,12.2,40.0,241.0,83.4,16.0,4.0,10.1,9.7,2708.0,8.5,2225.0,0.884,5.0,0,1,0,0,0,0,0,0,1,18387,9.819399172153842,0.9947245336378964,1,0
18923.0,9.848133392404051,Toronto Maple Leafs,Winnipeg Jets,10.0,28.9,82.0,46.0,26.0,10.0,102.0,0.622,298.0,261.0,5.0,2.0,0.5,0.01,3.63,3.18,57.0,238.0,23.95,55.0,238.0,76.89,6.0,9.0,9.9,10.2,2671.0,11.2,2446.0,0.893,5.0,1,4.0,29.4,82.0,52.0,24.0,6.0,110.0,0.671,259.0,198.0,0.0,1.0,0.69,-0.04,3.16,2.41,45.0,240.0,18.75,51.0,223.0,77.13,3.0,5.0,8.2,8.9,2488.0,10.4,2429.0,0.918,8.0,1,1,0,0,0,0,0,0,0,18819,9.842622276764853,1.0055263297731016,1,0
18791.0,9.841133310789152,Vancouver Canucks,San Jose Sharks,7.0,28.6,82.0,50.0,23.0,9.0,109.0,0.665,279.0,221.0,0.0,2.0,0.64,-0.04,3.4,2.7,58.0,257.0,22.57,53.0,254.0,79.13,7.0,7.0,9.6,9.7,2328.0,12.0,2343.0,0.906,7.0,1,32.0,27.7,82.0,19.0,54.0,9.0,47.0,0.287,180.0,326.0,1.0,5.0,-1.78,0.05,2.2,3.98,42.0,208.0,20.19,62.0,252.0,75.4,3.0,8.0,9.5,8.2,2069.0,8.7,2881.0,0.887,2.0,0,1,0,0,0,0,0,0,1,18910,9.847446161652503,0.993707033315706,1,0
18009.0,9.798626911919953,Vegas Golden Knights,Anaheim Ducks,14.0,29.0,82.0,45.0,29.0,8.0,98.0,0.598,263.0,243.0,4.0,2.0,0.22,-0.05,3.21,2.96,51.0,252.0,20.24,44.0,213.0,79.34,9.0,8.0,7.4,8.5,2548.0,10.3,2487.0,0.902,3.0,0,30.0,27.7,82.0,27.0,50.0,5.0,59.0,0.36,203.0,293.0,1.0,2.0,-1.09,0.02,2.48,3.57,43.0,235.0,18.3,91.0,330.0,72.42,12.0,5.0,13.5,10.9,2194.0,9.3,2666.0,0.89,1.0,0,1,0,0,0,0,0,0,1,17500,9.769956159911606,1.0290857142857144,0,0
19070.0,9.855871698594465,Buffalo Sabres,Chicago Blackhawks,22.0,25.7,82.0,39.0,37.0,6.0,84.0,0.512,244.0,243.0,2.0,1.0,0.03,0.01,2.98,2.96,37.0,223.0,16.59,49.0,243.0,79.84,7.0,10.0,9.8,9.2,2534.0,9.6,2402.0,0.899,5.0,0,31.0,27.4,82.0,23.0,53.0,6.0,52.0,0.317,178.0,289.0,1.0,1.0,-1.29,0.06,2.17,3.52,39.0,235.0,16.6,56.0,231.0,75.76,3.0,8.0,8.7,9.3,2153.0,8.3,2681.0,0.892,1.0,0,0,0,0,0,1,0,0,0,19029,9.853719410302007,1.0021546061274895,0,0
18821.0,9.842728546690564,Columbus Blue Jackets,Boston Bruins,29.0,26.8,82.0,27.0,43.0,12.0,66.0,0.402,234.0,298.0,3.0,2.0,-0.72,0.05,2.85,3.63,32.0,212.0,15.09,56.0,236.0,76.27,5.0,6.0,8.2,7.6,2458.0,9.5,2822.0,0.894,1.0,0,6.0,28.6,82.0,47.0,20.0,15.0,109.0,0.665,263.0,221.0,4.0,3.0,0.53,0.01,3.21,2.7,54.0,243.0,22.22,47.0,268.0,82.46,7.0,6.0,9.5,8.8,2399.0,11.0,2504.0,0.912,5.0,0,0,0,0,0,1,0,0,0,20556,9.93090814811212,0.9155964195368749,0,1
18532.0,9.827254246536539,Dallas Stars,Minnesota Wild,2.0,29.3,82.0,52.0,21.0,9.0,113.0,0.689,294.0,232.0,4.0,2.0,0.74,-0.04,3.59,2.83,58.0,240.0,24.17,43.0,239.0,82.01,12.0,4.0,6.8,7.5,2588.0,11.4,2350.0,0.901,4.0,0,20.0,29.3,82.0,39.0,34.0,9.0,87.0,0.53,248.0,260.0,3.0,3.0,-0.14,0.01,3.02,3.17,62.0,273.0,22.71,67.0,263.0,74.52,3.0,11.0,11.4,11.3,2471.0,10.0,2437.0,0.893,6.0,0,0,0,0,0,1,0,0,1,18408,9.820540631715202,1.0067362016514558,0,1
19515.0,9.878938679614715,Detroit Red Wings,Toronto Maple Leafs,18.0,29.3,82.0,41.0,32.0,9.0,91.0,0.555,275.0,273.0,3.0,1.0,0.06,0.02,3.35,3.33,63.0,273.0,23.08,49.0,240.0,79.58,7.0,10.0,8.7,9.9,2375.0,11.6,2657.0,0.897,4.0,0,10.0,28.9,82.0,46.0,26.0,10.0,102.0,0.622,298.0,261.0,5.0,2.0,0.5,0.01,3.63,3.18,57.0,238.0,23.95,55.0,238.0,76.89,6.0,9.0,9.9,10.2,2671.0,11.2,2446.0,0.893,5.0,1,0,0,0,0,1,0,0,1,20000,9.903487552536127,0.97575,0,1
16629.0,9.718903438087914,New Jersey Devils,Carolina Hurricanes,23.0,26.8,82.0,38.0,39.0,5.0,81.0,0.494,264.0,281.0,0.0,2.0,-0.22,0.01,3.22,3.43,55.0,245.0,22.45,47.0,243.0,80.66,3.0,9.0,9.1,9.6,2516.0,10.5,2458.0,0.886,1.0,0,3.0,29.4,82.0,52.0,23.0,7.0,111.0,0.677,277.0,211.0,2.0,5.0,0.73,-0.04,3.38,2.57,67.0,249.0,26.91,35.0,258.0,86.43,11.0,8.0,8.5,8.0,2733.0,10.1,2101.0,0.9,8.0,0,0,0,0,0,1,0,0,1,16535,9.713234625415893,1.0056849107952828,0,0
17435.0,9.766234959109752,San Jose Sharks,Vegas Golden Knights,32.0,27.7,82.0,19.0,54.0,9.0,47.0,0.287,180.0,326.0,1.0,5.0,-1.78,0.05,2.2,3.98,42.0,208.0,20.19,62.0,252.0,75.4,3.0,8.0,9.5,8.2,2069.0,8.7,2881.0,0.887,2.0,0,14.0,29.0,82.0,45.0,29.0,8.0,98.0,0.598,263.0,243.0,4.0,2.0,0.22,-0.05,3.21,2.96,51.0,252.0,20.24,44.0,213.0,79.34,9.0,8.0,7.4,8.5,2548.0,10.3,2487.0,0.902,3.0,0,0,0,0,0,1,0,0,1,17435,9.766234959109752,1.0,0,0
18096.0,9.803446198355902,St. Louis Blues,Nashville Predators,16.0,29.0,82.0,43.0,33.0,6.0,92.0,0.561,234.0,248.0,5.0,2.0,-0.14,-0.01,2.85,3.02,45.0,250.0,18.0,46.0,215.0,78.6,11.0,7.0,7.4,8.6,2370.0,9.9,2636.0,0.906,4.0,0,11.0,29.5,82.0,47.0,30.0,5.0,99.0,0.604,266.0,248.0,3.0,0.0,0.23,-0.02,3.24,3.02,58.0,269.0,21.56,57.0,247.0,76.92,7.0,5.0,9.7,9.5,2642.0,10.1,2507.0,0.901,4.0,0,0,0,0,0,1,0,0,1,18400,9.820105943597078,0.9834782608695652,0,1
16472.0,9.709417248707625,Anaheim Ducks,Philadelphia Flyers,30.0,27.7,82.0,27.0,50.0,5.0,59.0,0.36,203.0,293.0,1.0,2.0,-1.09,0.02,2.48,3.57,43.0,235.0,18.3,91.0,330.0,72.42,12.0,5.0,13.5,10.9,2194.0,9.3,2666.0,0.89,1.0,0,21.0,27.1,82.0,38.0,33.0,11.0,87.0,0.53,231.0,258.0,4.0,3.0,-0.29,0.03,2.82,3.15,31.0,254.0,12.2,40.0,241.0,83.4,16.0,4.0,10.1,9.7,2708.0,8.5,2225.0,0.884,5.0,0,0,0,0,0,0,1,0,0,17174,9.75115189123243,0.9591242575986957,0,0
17850.0,9.789758787207784,Boston Bruins,Columbus Blue Jackets,6.0,28.6,82.0,47.0,20.0,15.0,109.0,0.665,263.0,221.0,4.0,3.0,0.53,0.01,3.21,2.7,54.0,243.0,22.22,47.0,268.0,82.46,7.0,6.0,9.5,8.8,2399.0,11.0,2504.0,0.912,5.0,0,29.0,26.8,82.0,27.0,43.0,12.0,66.0,0.402,234.0,298.0,3.0,2.0,-0.72,0.05,2.85,3.63,32.0,212.0,15.09,56.0,236.0,76.27,5.0,6.0,8.2,7.6,2458.0,9.5,2822.0,0.894,1.0,0,0,0,0,0,0,1,0,0,17565,9.773663564699927,1.0162254483347566,1,0
18825.0,9.842941052668094,Carolina Hurricanes,New Jersey Devils,3.0,29.4,82.0,52.0,23.0,7.0,111.0,0.677,277.0,211.0,2.0,5.0,0.73,-0.04,3.38,2.57,67.0,249.0,26.91,35.0,258.0,86.43,11.0,8.0,8.5,8.0,2733.0,10.1,2101.0,0.9,8.0,0,23.0,26.8,82.0,38.0,39.0,5.0,81.0,0.494,264.0,281.0,0.0,2.0,-0.22,0.01,3.22,3.43,55.0,245.0,22.45,47.0,243.0,80.66,3.0,9.0,9.1,9.6,2516.0,10.5,2458.0,0.886,1.0,0,0,0,0,0,0,1,0,1,18680,9.835208711782833,1.0077623126338329,0,0
19483.0,9.877297569445886,Florida Panthers,Montreal Canadiens,5.0,29.5,82.0,52.0,24.0,6.0,110.0,0.671,265.0,198.0,3.0,2.0,0.81,-0.02,3.23,2.41,63.0,268.0,23.51,51.0,291.0,82.47,8.0,9.0,13.6,13.5,2764.0,9.6,2279.0,0.913,8.0,0,28.0,26.7,82.0,30.0,36.0,16.0,76.0,0.463,232.0,281.0,4.0,8.0,-0.59,0.05,2.83,3.43,44.0,252.0,17.46,65.0,277.0,76.53,7.0,12.0,10.2,10.0,2269.0,10.2,2738.0,0.897,2.0,1,0,0,0,0,0,1,0,1,19109,9.857914707241372,1.0195719294573238,1,0
18145.0,9.806150319647172,Los Angeles Kings,Edmonton Oilers,12.0,29.5,82.0,44.0,27.0,11.0,99.0,0.604,254.0,210.0,2.0,5.0,0.45,-0.05,3.1,2.56,56.0,248.0,22.58,39.0,253.0,84.58,11.0,7.0,8.7,9.5,2616.0,9.7,2296.0,0.909,7.0,0,9.0,29.4,82.0,49.0,27.0,6.0,104.0,0.634,292.0,236.0,2.0,1.0,0.65,-0.04,3.56,2.88,64.0,243.0,26.34,53.0,258.0,79.46,7.0,5.0,9.5,8.5,2768.0,10.5,2307.0,0.898,4.0,1,0,0,0,0,0,1,0,1,18118,9.804661198229233,1.0014902307097913,0,1
17255.0,9.755857235532103,New York Islanders,Pittsburgh Penguins,15.0,29.6,82.0,39.0,27.0,16.0,94.0,0.573,245.0,258.0,1.0,5.0,-0.18,0.03,2.99,3.15,47.0,231.0,20.35,63.0,221.0,71.49,10.0,3.0,7.1,7.4,2470.0,9.9,2686.0,0.904,5.0,0,19.0,31.3,82.0,38.0,32.0,12.0,88.0,0.537,253.0,248.0,2.0,3.0,0.05,0.0,3.09,3.02,40.0,262.0,15.27,47.0,243.0,80.66,5.0,12.0,7.4,7.9,2685.0,9.4,2479.0,0.9,8.0,0,0,0,0,0,0,1,0,1,17113,9.747593687577451,1.008297785309414,0,1
17435.0,9.766234959109752,San Jose Sharks,Calgary Flames,32.0,27.7,82.0,19.0,54.0,9.0,47.0,0.287,180.0,326.0,1.0,5.0,-1.78,0.05,2.2,3.98,42.0,208.0,20.19,62.0,252.0,75.4,3.0,8.0,9.5,8.2,2069.0,8.7,2881.0,0.887,2.0,0,25.0,29.2,82.0,38.0,39.0,5.0,81.0,0.494,253.0,267.0,0.0,4.0,-0.2,0.02,3.09,3.26,45.0,252.0,17.86,47.0,245.0,80.82,11.0,11.0,9.4,9.2,2572.0,9.8,2438.0,0.89,2.0,1,0,0,0,0,0,1,0,1,17435,9.766234959109752,1.0,0,0
19092.0,9.857024678125788,Tampa Bay Lightning,New York Rangers,13.0,29.1,82.0,45.0,29.0,8.0,98.0,0.598,288.0,267.0,3.0,1.0,0.28,0.0,3.51,3.26,71.0,248.0,28.63,39.0,234.0,83.33,5.0,6.0,11.0,11.0,2401.0,12.0,2430.0,0.89,4.0,0,1.0,29.1,82.0,55.0,23.0,4.0,114.0,0.695,278.0,226.0,4.0,3.0,0.61,-0.03,3.39,2.76,65.0,246.0,26.42,36.0,232.0,84.48,8.0,6.0,9.4,10.4,2582.0,10.8,2418.0,0.907,6.0,0,0,0,0,0,0,1,0,0,19204,9.862873869650832,0.9941678816913143,1,1
19125.0,9.858751658694736,Toronto Maple Leafs,Washington Capitals,10.0,28.9,82.0,46.0,26.0,10.0,102.0,0.622,298.0,261.0,5.0,2.0,0.5,0.01,3.63,3.18,57.0,238.0,23.95,55.0,238.0,76.89,6.0,9.0,9.9,10.2,2671.0,11.2,2446.0,0.893,5.0,1,17.0,30.0,82.0,40.0,31.0,11.0,91.0,0.555,216.0,252.0,4.0,5.0,-0.41,0.04,2.63,3.07,47.0,228.0,20.61,49.0,233.0,78.97,3.0,5.0,7.7,7.4,2172.0,9.9,2503.0,0.899,7.0,0,0,0,0,0,0,1,0,0,18819,9.842622276764853,1.016260162601626,1,0
18905.0,9.847181716325034,Vancouver Canucks,Seattle Kraken,7.0,28.6,82.0,50.0,23.0,9.0,109.0,0.665,279.0,221.0,0.0,2.0,0.64,-0.04,3.4,2.7,58.0,257.0,22.57,53.0,254.0,79.13,7.0,7.0,9.6,9.7,2328.0,12.0,2343.0,0.906,7.0,1,24.0,29.4,82.0,34.0,35.0,13.0,81.0,0.494,214.0,232.0,3.0,4.0,-0.26,-0.03,2.61,2.83,50.0,242.0,20.66,47.0,222.0,78.83,6.0,9.0,8.0,8.1,2347.0,9.1,2391.0,0.903,5.0,0,0,0,0,0,0,1,0,1,18910,9.847446161652503,0.9997355896351137,1,0
14734.0,9.59791302724276,Winnipeg Jets,Ottawa Senators,4.0,29.4,82.0,52.0,24.0,6.0,110.0,0.671,259.0,198.0,0.0,1.0,0.69,-0.04,3.16,2.41,45.0,240.0,18.75,51.0,223.0,77.13,3.0,5.0,8.2,8.9,2488.0,10.4,2429.0,0.918,8.0,1,26.0,27.0,82.0,37.0,41.0,4.0,78.0,0.476,250.0,281.0,5.0,0.0,-0.28,0.04,3.05,3.43,51.0,283.0,18.02,61.0,245.0,75.1,7.0,6.0,10.4,11.1,2602.0,9.6,2432.0,0.884,2.0,1,0,0,0,0,0,1,0,0,15225,9.630694092578098,0.9677504105090312,0,0
16010.0,9.68096880599076,Anaheim Ducks,Edmonton Oilers,30.0,27.7,82.0,27.0,50.0,5.0,59.0,0.36,203.0,293.0,1.0,2.0,-1.09,0.02,2.48,3.57,43.0,235.0,18.3,91.0,330.0,72.42,12.0,5.0,13.5,10.9,2194.0,9.3,2666.0,0.89,1.0,0,9.0,29.4,82.0,49.0,27.0,6.0,104.0,0.634,292.0,236.0,2.0,1.0,0.65,-0.04,3.56,2.88,64.0,243.0,26.34,53.0,258.0,79.46,7.0,5.0,9.5,8.5,2768.0,10.5,2307.0,0.898,4.0,1,0,0,0,0,0,0,1,1,17174,9.75115189123243,0.9322231279841621,0,1
20627.0,9.934356176198595,Chicago Blackhawks,Dallas Stars,31.0,27.4,82.0,23.0,53.0,6.0,52.0,0.317,178.0,289.0,1.0,1.0,-1.29,0.06,2.17,3.52,39.0,235.0,16.6,56.0,231.0,75.76,3.0,8.0,8.7,9.3,2153.0,8.3,2681.0,0.892,1.0,0,2.0,29.3,82.0,52.0,21.0,9.0,113.0,0.689,294.0,232.0,4.0,2.0,0.74,-0.04,3.59,2.83,58.0,240.0,24.17,43.0,239.0,82.01,12.0,4.0,6.8,7.5,2588.0,11.4,2350.0,0.901,4.0,0,0,0,0,0,0,0,1,1,20243,9.915564333761576,1.0189695203280147,0,0
19515.0,9.878938679614715,Detroit Red Wings,Washington Capitals,18.0,29.3,82.0,41.0,32.0,9.0,91.0,0.555,275.0,273.0,3.0,1.0,0.06,0.02,3.35,3.33,63.0,273.0,23.08,49.0,240.0,79.58,7.0,10.0,8.7,9.9,2375.0,11.6,2657.0,0.897,4.0,0,17.0,30.0,82.0,40.0,31.0,11.0,91.0,0.555,216.0,252.0,4.0,5.0,-0.41,0.04,2.63,3.07,47.0,228.0,20.61,49.0,233.0,78.97,3.0,5.0,7.7,7.4,2172.0,9.9,2503.0,0.899,7.0,0,0,0,0,0,0,0,1,0,20000,9.903487552536127,0.97575,0,0
18145.0,9.806150319647172,Los Angeles Kings,Philadelphia Flyers,12.0,29.5,82.0,44.0,27.0,11.0,99.0,0.604,254.0,210.0,2.0,5.0,0.45,-0.05,3.1,2.56,56.0,248.0,22.58,39.0,253.0,84.58,11.0,7.0,8.7,9.5,2616.0,9.7,2296.0,0.909,7.0,0,21.0,27.1,82.0,38.0,33.0,11.0,87.0,0.53,231.0,258.0,4.0,3.0,-0.29,0.03,2.82,3.15,31.0,254.0,12.2,40.0,241.0,83.4,16.0,4.0,10.1,9.7,2708.0,8.5,2225.0,0.884,5.0,0,0,0,0,0,0,0,1,0,18118,9.804661198229233,1.0014902307097913,0,0
18989.0,9.851615143125416,Minnesota Wild,Ottawa Senators,20.0,29.3,82.0,39.0,34.0,9.0,87.0,0.53,248.0,260.0,3.0,3.0,-0.14,0.01,3.02,3.17,62.0,273.0,22.71,67.0,263.0,74.52,3.0,11.0,11.4,11.3,2471.0,10.0,2437.0,0.893,6.0,0,26.0,27.0,82.0,37.0,41.0,4.0,78.0,0.476,250.0,281.0,5.0,0.0,-0.28,0.04,3.05,3.43,51.0,283.0,18.02,61.0,245.0,75.1,7.0,6.0,10.4,11.1,2602.0,9.6,2432.0,0.884,2.0,1,0,0,0,0,0,0,1,0,17954,9.795568210316635,1.057647320931269,1,0
18357.0,9.81776625213065,Pittsburgh Penguins,New York Islanders,19.0,31.3,82.0,38.0,32.0,12.0,88.0,0.537,253.0,248.0,2.0,3.0,0.05,0.0,3.09,3.02,40.0,262.0,15.27,47.0,243.0,80.66,5.0,12.0,7.4,7.9,2685.0,9.4,2479.0,0.9,8.0,0,15.0,29.6,82.0,39.0,27.0,16.0,94.0,0.573,245.0,258.0,1.0,5.0,-0.18,0.03,2.99,3.15,47.0,231.0,20.35,63.0,221.0,71.49,10.0,3.0,7.1,7.4,2470.0,9.9,2686.0,0.904,5.0,0,0,0,0,0,0,0,1,1,18387,9.819399172153842,0.9983684124653288,1,0
18096.0,9.803446198355902,St. Louis Blues,Buffalo Sabres,16.0,29.0,82.0,43.0,33.0,6.0,92.0,0.561,234.0,248.0,5.0,2.0,-0.14,-0.01,2.85,3.02,45.0,250.0,18.0,46.0,215.0,78.6,11.0,7.0,7.4,8.6,2370.0,9.9,2636.0,0.906,4.0,0,22.0,25.7,82.0,39.0,37.0,6.0,84.0,0.512,244.0,243.0,2.0,1.0,0.03,0.01,2.98,2.96,37.0,223.0,16.59,49.0,243.0,79.84,7.0,10.0,9.8,9.2,2534.0,9.6,2402.0,0.899,5.0,0,0,0,0,0,0,0,1,0,18400,9.820105943597078,0.9834782608695652,0,0
19092.0,9.857024678125788,Tampa Bay Lightning,Montreal Canadiens,13.0,29.1,82.0,45.0,29.0,8.0,98.0,0.598,288.0,267.0,3.0,1.0,0.28,0.0,3.51,3.26,71.0,248.0,28.63,39.0,234.0,83.33,5.0,6.0,11.0,11.0,2401.0,12.0,2430.0,0.89,4.0,0,28.0,26.7,82.0,30.0,36.0,16.0,76.0,0.463,232.0,281.0,4.0,8.0,-0.59,0.05,2.83,3.43,44.0,252.0,17.46,65.0,277.0,76.53,7.0,12.0,10.2,10.0,2269.0,10.2,2738.0,0.897,2.0,1,0,0,0,0,0,0,1,1,19204,9.862873869650832,0.9941678816913143,1,0
18269.0,9.81296091333657,Vegas Golden Knights,Calgary Flames,14.0,29.0,82.0,45.0,29.0,8.0,98.0,0.598,263.0,243.0,4.0,2.0,0.22,-0.05,3.21,2.96,51.0,252.0,20.24,44.0,213.0,79.34,9.0,8.0,7.4,8.5,2548.0,10.3,2487.0,0.902,3.0,0,25.0,29.2,82.0,38.0,39.0,5.0,81.0,0.494,253.0,267.0,0.0,4.0,-0.2,0.02,3.09,3.26,45.0,252.0,17.86,47.0,245.0,80.82,11.0,11.0,9.4,9.2,2572.0,9.8,2438.0,0.89,2.0,1,0,0,0,0,0,0,1,1,17500,9.769956159911606,1.043942857142857,0,0
19556.0,9.881037423698537,Florida Panthers,New York Rangers,5.0,29.5,82.0,52.0,24.0,6.0,110.0,0.671,265.0,198.0,3.0,2.0,0.81,-0.02,3.23,2.41,63.0,268.0,23.51,51.0,291.0,82.47,8.0,9.0,13.6,13.5,2764.0,9.6,2279.0,0.913,8.0,0,1.0,29.1,82.0,55.0,23.0,4.0,114.0,0.695,278.0,226.0,4.0,3.0,0.61,-0.03,3.39,2.76,65.0,246.0,26.42,36.0,232.0,84.48,8.0,6.0,9.4,10.4,2582.0,10.8,2418.0,0.907,6.0,0,1,0,0,0,0,0,0,0,19109,9.857914707241372,1.0233921188968549,1,1
15225.0,9.630694092578098,Winnipeg Jets,Nashville Predators,4.0,29.4,82.0,52.0,24.0,6.0,110.0,0.671,259.0,198.0,0.0,1.0,0.69,-0.04,3.16,2.41,45.0,240.0,18.75,51.0,223.0,77.13,3.0,5.0,8.2,8.9,2488.0,10.4,2429.0,0.918,8.0,1,11.0,29.5,82.0,47.0,30.0,5.0,99.0,0.604,266.0,248.0,3.0,0.0,0.23,-0.02,3.24,3.02,58.0,269.0,21.56,57.0,247.0,76.92,7.0,5.0,9.7,9.5,2642.0,10.1,2507.0,0.901,4.0,0,1,0,0,0,0,0,0,1,15225,9.630694092578098,1.0,0,1
17174.0,9.75115189123243,Anaheim Ducks,New Jersey Devils,30.0,27.7,82.0,27.0,50.0,5.0,59.0,0.36,203.0,293.0,1.0,2.0,-1.09,0.02,2.48,3.57,43.0,235.0,18.3,91.0,330.0,72.42,12.0,5.0,13.5,10.9,2194.0,9.3,2666.0,0.89,1.0,0,23.0,26.8,82.0,38.0,39.0,5.0,81.0,0.494,264.0,281.0,0.0,2.0,-0.22,0.01,3.22,3.43,55.0,245.0,22.45,47.0,243.0,80.66,3.0,9.0,9.1,9.6,2516.0,10.5,2458.0,0.886,1.0,0,0,1,0,0,0,0,0,0,17174,9.75115189123243,1.0,0,0
17712.0,9.781997654948418,Columbus Blue Jackets,Carolina Hurricanes,29.0,26.8,82.0,27.0,43.0,12.0,66.0,0.402,234.0,298.0,3.0,2.0,-0.72,0.05,2.85,3.63,32.0,212.0,15.09,56.0,236.0,76.27,5.0,6.0,8.2,7.6,2458.0,9.5,2822.0,0.894,1.0,0,3.0,29.4,82.0,52.0,23.0,7.0,111.0,0.677,277.0,211.0,2.0,5.0,0.73,-0.04,3.38,2.57,67.0,249.0,26.91,35.0,258.0,86.43,11.0,8.0,8.5,8.0,2733.0,10.1,2101.0,0.9,8.0,0,0,1,0,0,0,0,0,1,20556,9.93090814811212,0.861646234676007,0,0
19289.0,9.86729026422424,Calgary Flames,Vancouver Canucks,25.0,29.2,82.0,38.0,39.0,5.0,81.0,0.494,253.0,267.0,0.0,4.0,-0.2,0.02,3.09,3.26,45.0,252.0,17.86,47.0,245.0,80.82,11.0,11.0,9.4,9.2,2572.0,9.8,2438.0,0.89,2.0,1,7.0,28.6,82.0,50.0,23.0,9.0,109.0,0.665,279.0,221.0,0.0,2.0,0.64,-0.04,3.4,2.7,58.0,257.0,22.57,53.0,254.0,79.13,7.0,7.0,9.6,9.7,2328.0,12.0,2343.0,0.906,7.0,1,0,1,0,0,0,0,0,1,19289,9.86729026422424,1.0,0,1
18094.0,9.803335670585687,Colorado Avalanche,Winnipeg Jets,8.0,28.8,82.0,50.0,25.0,7.0,107.0,0.652,302.0,252.0,2.0,2.0,0.57,-0.05,3.68,3.07,68.0,278.0,24.46,53.0,264.0,79.92,7.0,6.0,8.9,9.7,2705.0,11.2,2444.0,0.897,4.0,0,4.0,29.4,82.0,52.0,24.0,6.0,110.0,0.671,259.0,198.0,0.0,1.0,0.69,-0.04,3.16,2.41,45.0,240.0,18.75,51.0,223.0,77.13,3.0,5.0,8.2,8.9,2488.0,10.4,2429.0,0.918,8.0,1,0,1,0,0,0,0,0,1,18007,9.798515850169505,1.0048314544343866,1,0
18532.0,9.827254246536539,Dallas Stars,Buffalo Sabres,2.0,29.3,82.0,52.0,21.0,9.0,113.0,0.689,294.0,232.0,4.0,2.0,0.74,-0.04,3.59,2.83,58.0,240.0,24.17,43.0,239.0,82.01,12.0,4.0,6.8,7.5,2588.0,11.4,2350.0,0.901,4.0,0,22.0,25.7,82.0,39.0,37.0,6.0,84.0,0.512,244.0,243.0,2.0,1.0,0.03,0.01,2.98,2.96,37.0,223.0,16.59,49.0,243.0,79.84,7.0,10.0,9.8,9.2,2534.0,9.6,2402.0,0.899,5.0,0,0,1,0,0,0,0,0,0,18408,9.820540631715202,1.0067362016514558,0,0
19515.0,9.878938679614715,Detroit Red Wings,Pittsburgh Penguins,18.0,29.3,82.0,41.0,32.0,9.0,91.0,0.555,275.0,273.0,3.0,1.0,0.06,0.02,3.35,3.33,63.0,273.0,23.08,49.0,240.0,79.58,7.0,10.0,8.7,9.9,2375.0,11.6,2657.0,0.897,4.0,0,19.0,31.3,82.0,38.0,32.0,12.0,88.0,0.537,253.0,248.0,2.0,3.0,0.05,0.0,3.09,3.02,40.0,262.0,15.27,47.0,243.0,80.66,5.0,12.0,7.4,7.9,2685.0,9.4,2479.0,0.9,8.0,0,0,1,0,0,0,0,0,0,20000,9.903487552536127,0.97575,0,1
19145.0,9.859796863911395,Minnesota Wild,Nashville Predators,20.0,29.3,82.0,39.0,34.0,9.0,87.0,0.53,248.0,260.0,3.0,3.0,-0.14,0.01,3.02,3.17,62.0,273.0,22.71,67.0,263.0,74.52,3.0,11.0,11.4,11.3,2471.0,10.0,2437.0,0.893,6.0,0,11.0,29.5,82.0,47.0,30.0,5.0,99.0,0.604,266.0,248.0,3.0,0.0,0.23,-0.02,3.24,3.02,58.0,269.0,21.56,57.0,247.0,76.92,7.0,5.0,9.7,9.5,2642.0,10.1,2507.0,0.901,4.0,0,0,1,0,0,0,0,0,1,17954,9.795568210316635,1.066336192491924,1,1
14816.0,9.603462956885961,San Jose Sharks,Philadelphia Flyers,32.0,27.7,82.0,19.0,54.0,9.0,47.0,0.287,180.0,326.0,1.0,5.0,-1.78,0.05,2.2,3.98,42.0,208.0,20.19,62.0,252.0,75.4,3.0,8.0,9.5,8.2,2069.0,8.7,2881.0,0.887,2.0,0,21.0,27.1,82.0,38.0,33.0,11.0,87.0,0.53,231.0,258.0,4.0,3.0,-0.29,0.03,2.82,3.15,31.0,254.0,12.2,40.0,241.0,83.4,16.0,4.0,10.1,9.7,2708.0,8.5,2225.0,0.884,5.0,0,0,1,0,0,0,0,0,0,17435,9.766234959109752,0.8497849154000574,0,0
18933.0,9.84866171025235,Toronto Maple Leafs,New York Islanders,10.0,28.9,82.0,46.0,26.0,10.0,102.0,0.622,298.0,261.0,5.0,2.0,0.5,0.01,3.63,3.18,57.0,238.0,23.95,55.0,238.0,76.89,6.0,9.0,9.9,10.2,2671.0,11.2,2446.0,0.893,5.0,1,15.0,29.6,82.0,39.0,27.0,16.0,94.0,0.573,245.0,258.0,1.0,5.0,-0.18,0.03,2.99,3.15,47.0,231.0,20.35,63.0,221.0,71.49,10.0,3.0,7.1,7.4,2470.0,9.9,2686.0,0.904,5.0,0,0,1,0,0,0,0,0,0,18819,9.842622276764853,1.0060577076358999,1,0
17925.0,9.793951665467821,Vegas Golden Knights,Montreal Canadiens,14.0,29.0,82.0,45.0,29.0,8.0,98.0,0.598,263.0,243.0,4.0,2.0,0.22,-0.05,3.21,2.96,51.0,252.0,20.24,44.0,213.0,79.34,9.0,8.0,7.4,8.5,2548.0,10.3,2487.0,0.902,3.0,0,28.0,26.7,82.0,30.0,36.0,16.0,76.0,0.463,232.0,281.0,4.0,8.0,-0.59,0.05,2.83,3.43,44.0,252.0,17.46,65.0,277.0,76.53,7.0,12.0,10.2,10.0,2269.0,10.2,2738.0,0.897,2.0,1,0,1,0,0,0,0,0,0,17500,9.769956159911606,1.0242857142857142,0,0
18573.0,9.829464192187341,Washington Capitals,Boston Bruins,17.0,30.0,82.0,40.0,31.0,11.0,91.0,0.555,216.0,252.0,4.0,5.0,-0.41,0.04,2.63,3.07,47.0,228.0,20.61,49.0,233.0,78.97,3.0,5.0,7.7,7.4,2172.0,9.9,2503.0,0.899,7.0,0,6.0,28.6,82.0,47.0,20.0,15.0,109.0,0.665,263.0,221.0,4.0,3.0,0.53,0.01,3.21,2.7,54.0,243.0,22.22,47.0,268.0,82.46,7.0,6.0,9.5,8.8,2399.0,11.0,2504.0,0.912,5.0,0,0,1,0,0,0,0,0,0,18506,9.825850282808975,1.0036204474224575,0,1
18145.0,9.806150319647172,Los Angeles Kings,New Jersey Devils,12.0,29.5,82.0,44.0,27.0,11.0,99.0,0.604,254.0,210.0,2.0,5.0,0.45,-0.05,3.1,2.56,56.0,248.0,22.58,39.0,253.0,84.58,11.0,7.0,8.7,9.5,2616.0,9.7,2296.0,0.909,7.0,0,23.0,26.8,82.0,38.0,39.0,5.0,81.0,0.494,264.0,281.0,0.0,2.0,-0.22,0.01,3.22,3.43,55.0,245.0,22.45,47.0,243.0,80.66,3.0,9.0,9.1,9.6,2516.0,10.5,2458.0,0.886,1.0,0,0,0,1,0,0,0,0,0,18118,9.804661198229233,1.0014902307097913,0,0
18370.0,9.818474178209172,Columbus Blue Jackets,Detroit Red Wings,29.0,26.8,82.0,27.0,43.0,12.0,66.0,0.402,234.0,298.0,3.0,2.0,-0.72,0.05,2.85,3.63,32.0,212.0,15.09,56.0,236.0,76.27,5.0,6.0,8.2,7.6,2458.0,9.5,2822.0,0.894,1.0,0,18.0,29.3,82.0,41.0,32.0,9.0,91.0,0.555,275.0,273.0,3.0,1.0,0.06,0.02,3.35,3.33,63.0,273.0,23.08,49.0,240.0,79.58,7.0,10.0,8.7,9.9,2375.0,11.6,2657.0,0.897,4.0,0,0,0,0,1,0,0,0,0,20556,9.93090814811212,0.8936563533761432,0,0
18081.0,9.802616942151154,Colorado Avalanche,Buffalo Sabres,8.0,28.8,82.0,50.0,25.0,7.0,107.0,0.652,302.0,252.0,2.0,2.0,0.57,-0.05,3.68,3.07,68.0,278.0,24.46,53.0,264.0,79.92,7.0,6.0,8.9,9.7,2705.0,11.2,2444.0,0.897,4.0,0,22.0,25.7,82.0,39.0,37.0,6.0,84.0,0.512,244.0,243.0,2.0,1.0,0.03,0.01,2.98,2.96,37.0,223.0,16.59,49.0,243.0,79.84,7.0,10.0,9.8,9.2,2534.0,9.6,2402.0,0.899,5.0,0,0,0,0,1,0,0,0,0,18007,9.798515850169505,1.0041095129671795,1,0
18532.0,9.827254246536539,Dallas Stars,Ottawa Senators,2.0,29.3,82.0,52.0,21.0,9.0,113.0,0.689,294.0,232.0,4.0,2.0,0.74,-0.04,3.59,2.83,58.0,240.0,24.17,43.0,239.0,82.01,12.0,4.0,6.8,7.5,2588.0,11.4,2350.0,0.901,4.0,0,26.0,27.0,82.0,37.0,41.0,4.0,78.0,0.476,250.0,281.0,5.0,0.0,-0.28,0.04,3.05,3.43,51.0,283.0,18.02,61.0,245.0,75.1,7.0,6.0,10.4,11.1,2602.0,9.6,2432.0,0.884,2.0,1,0,0,0,1,0,0,0,0,18408,9.820540631715202,1.0067362016514558,0,0
19434.0,9.874779388399384,Florida Panthers,Carolina Hurricanes,5.0,29.5,82.0,52.0,24.0,6.0,110.0,0.671,265.0,198.0,3.0,2.0,0.81,-0.02,3.23,2.41,63.0,268.0,23.51,51.0,291.0,82.47,8.0,9.0,13.6,13.5,2764.0,9.6,2279.0,0.913,8.0,0,3.0,29.4,82.0,52.0,23.0,7.0,111.0,0.677,277.0,211.0,2.0,5.0,0.73,-0.04,3.38,2.57,67.0,249.0,26.91,35.0,258.0,86.43,11.0,8.0,8.5,8.0,2733.0,10.1,2101.0,0.9,8.0,0,0,0,0,1,0,0,0,0,19109,9.857914707241372,1.0170076927102412,1,0
17255.0,9.755857235532103,New York Islanders,Toronto Maple Leafs,15.0,29.6,82.0,39.0,27.0,16.0,94.0,0.573,245.0,258.0,1.0,5.0,-0.18,0.03,2.99,3.15,47.0,231.0,20.35,63.0,221.0,71.49,10.0,3.0,7.1,7.4,2470.0,9.9,2686.0,0.904,5.0,0,10.0,28.9,82.0,46.0,26.0,10.0,102.0,0.622,298.0,261.0,5.0,2.0,0.5,0.01,3.63,3.18,57.0,238.0,23.95,55.0,238.0,76.89,6.0,9.0,9.9,10.2,2671.0,11.2,2446.0,0.893,5.0,1,0,0,0,1,0,0,0,0,17113,9.747593687577451,1.008297785309414,0,1
18006.0,9.798460314668421,New York Rangers,Boston Bruins,1.0,29.1,82.0,55.0,23.0,4.0,114.0,0.695,278.0,226.0,4.0,3.0,0.61,-0.03,3.39,2.76,65.0,246.0,26.42,36.0,232.0,84.48,8.0,6.0,9.4,10.4,2582.0,10.8,2418.0,0.907,6.0,0,6.0,28.6,82.0,47.0,20.0,15.0,109.0,0.665,263.0,221.0,4.0,3.0,0.53,0.01,3.21,2.7,54.0,243.0,22.22,47.0,268.0,82.46,7.0,6.0,9.5,8.8,2399.0,11.0,2504.0,0.912,5.0,0,0,0,0,1,0,0,0,0,18006,9.798460314668421,1.0,1,1
17151.0,9.749811759932081,Seattle Kraken,Vancouver Canucks,24.0,29.4,82.0,34.0,35.0,13.0,81.0,0.494,214.0,232.0,3.0,4.0,-0.26,-0.03,2.61,2.83,50.0,242.0,20.66,47.0,222.0,78.83,6.0,9.0,8.0,8.1,2347.0,9.1,2391.0,0.903,5.0,0,7.0,28.6,82.0,50.0,23.0,9.0,109.0,0.665,279.0,221.0,0.0,2.0,0.64,-0.04,3.4,2.7,58.0,257.0,22.57,53.0,254.0,79.13,7.0,7.0,9.6,9.7,2328.0,12.0,2343.0,0.906,7.0,1,0,0,0,1,0,0,0,1,17100,9.746833742490752,1.0029824561403509,0,1
17909.0,9.79305865876674,Vegas Golden Knights,Philadelphia Flyers,14.0,29.0,82.0,45.0,29.0,8.0,98.0,0.598,263.0,243.0,4.0,2.0,0.22,-0.05,3.21,2.96,51.0,252.0,20.24,44.0,213.0,79.34,9.0,8.0,7.4,8.5,2548.0,10.3,2487.0,0.902,3.0,0,21.0,27.1,82.0,38.0,33.0,11.0,87.0,0.53,231.0,258.0,4.0,3.0,-0.29,0.03,2.82,3.15,31.0,254.0,12.2,40.0,241.0,83.4,16.0,4.0,10.1,9.7,2708.0,8.5,2225.0,0.884,5.0,0,0,0,0,1,0,0,0,0,17500,9.769956159911606,1.0233714285714286,0,0
15225.0,9.630694092578098,Winnipeg Jets,Anaheim Ducks,4.0,29.4,82.0,52.0,24.0,6.0,110.0,0.671,259.0,198.0,0.0,1.0,0.69,-0.04,3.16,2.41,45.0,240.0,18.75,51.0,223.0,77.13,3.0,5.0,8.2,8.9,2488.0,10.4,2429.0,0.918,8.0,1,30.0,27.7,82.0,27.0,50.0,5.0,59.0,0.36,203.0,293.0,1.0,2.0,-1.09,0.02,2.48,3.57,43.0,235.0,18.3,91.0,330.0,72.42,12.0,5.0,13.5,10.9,2194.0,9.3,2666.0,0.89,1.0,0,0,0,0,1,0,0,0,0,15225,9.630694092578098,1.0,0,0
18573.0,9.829464192187341,Washington Capitals,Minnesota Wild,17.0,30.0,82.0,40.0,31.0,11.0,91.0,0.555,216.0,252.0,4.0,5.0,-0.41,0.04,2.63,3.07,47.0,228.0,20.61,49.0,233.0,78.97,3.0,5.0,7.7,7.4,2172.0,9.9,2503.0,0.899,7.0,0,20.0,29.3,82.0,39.0,34.0,9.0,87.0,0.53,248.0,260.0,3.0,3.0,-0.14,0.01,3.02,3.17,62.0,273.0,22.71,67.0,263.0,74.52,3.0,11.0,11.4,11.3,2471.0,10.0,2437.0,0.893,6.0,0,0,0,0,1,0,0,0,0,18506,9.825850282808975,1.0036204474224575,0,1
19620.0,9.884304733119354,Chicago Blackhawks,Montreal Canadiens,31.0,27.4,82.0,23.0,53.0,6.0,52.0,0.317,178.0,289.0,1.0,1.0,-1.29,0.06,2.17,3.52,39.0,235.0,16.6,56.0,231.0,75.76,3.0,8.0,8.7,9.3,2153.0,8.3,2681.0,0.892,1.0,0,28.0,26.7,82.0,30.0,36.0,16.0,76.0,0.463,232.0,281.0,4.0,8.0,-0.59,0.05,2.83,3.43,44.0,252.0,17.46,65.0,277.0,76.53,7.0,12.0,10.2,10.0,2269.0,10.2,2738.0,0.897,2.0,1,0,0,0,0,1,0,0,0,20243,9.915564333761576,0.9692239292594971,0,0
18347.0,9.81722135237872,Edmonton Oilers,Anaheim Ducks,9.0,29.4,82.0,49.0,27.0,6.0,104.0,0.634,292.0,236.0,2.0,1.0,0.65,-0.04,3.56,2.88,64.0,243.0,26.34,53.0,258.0,79.46,7.0,5.0,9.5,8.5,2768.0,10.5,2307.0,0.898,4.0,1,30.0,27.7,82.0,27.0,50.0,5.0,59.0,0.36,203.0,293.0,1.0,2.0,-1.09,0.02,2.48,3.57,43.0,235.0,18.3,91.0,330.0,72.42,12.0,5.0,13.5,10.9,2194.0,9.3,2666.0,0.89,1.0,0,0,0,0,0,1,0,0,1,18347,9.81722135237872,1.0,1,0
19543.0,9.880372445030076,Florida Panthers,Pittsburgh Penguins,5.0,29.5,82.0,52.0,24.0,6.0,110.0,0.671,265.0,198.0,3.0,2.0,0.81,-0.02,3.23,2.41,63.0,268.0,23.51,51.0,291.0,82.47,8.0,9.0,13.6,13.5,2764.0,9.6,2279.0,0.913,8.0,0,19.0,31.3,82.0,38.0,32.0,12.0,88.0,0.537,253.0,248.0,2.0,3.0,0.05,0.0,3.09,3.02,40.0,262.0,15.27,47.0,243.0,80.66,5.0,12.0,7.4,7.9,2685.0,9.4,2479.0,0.9,8.0,0,0,0,0,0,1,0,0,0,19109,9.857914707241372,1.0227118111884452,1,1
18096.0,9.803446198355902,St. Louis Blues,Ottawa Senators,16.0,29.0,82.0,43.0,33.0,6.0,92.0,0.561,234.0,248.0,5.0,2.0,-0.14,-0.01,2.85,3.02,45.0,250.0,18.0,46.0,215.0,78.6,11.0,7.0,7.4,8.6,2370.0,9.9,2636.0,0.906,4.0,0,26.0,27.0,82.0,37.0,41.0,4.0,78.0,0.476,250.0,281.0,5.0,0.0,-0.28,0.04,3.05,3.43,51.0,283.0,18.02,61.0,245.0,75.1,7.0,6.0,10.4,11.1,2602.0,9.6,2432.0,0.884,2.0,1,0,0,0,0,1,0,0,0,18400,9.820105943597078,0.9834782608695652,0,0
18894.0,9.84659969032908,Vancouver Canucks,Nashville Predators,7.0,28.6,82.0,50.0,23.0,9.0,109.0,0.665,279.0,221.0,0.0,2.0,0.64,-0.04,3.4,2.7,58.0,257.0,22.57,53.0,254.0,79.13,7.0,7.0,9.6,9.7,2328.0,12.0,2343.0,0.906,7.0,1,11.0,29.5,82.0,47.0,30.0,5.0,99.0,0.604,266.0,248.0,3.0,0.0,0.23,-0.02,3.24,3.02,58.0,269.0,21.56,57.0,247.0,76.92,7.0,5.0,9.7,9.5,2642.0,10.1,2507.0,0.901,4.0,0,0,0,0,0,1,0,0,0,18910,9.847446161652503,0.9991538868323638,1,1
18903.0,9.847075918610166,Carolina Hurricanes,Minnesota Wild,3.0,29.4,82.0,52.0,23.0,7.0,111.0,0.677,277.0,211.0,2.0,5.0,0.73,-0.04,3.38,2.57,67.0,249.0,26.91,35.0,258.0,86.43,11.0,8.0,8.5,8.0,2733.0,10.1,2101.0,0.9,8.0,0,20.0,29.3,82.0,39.0,34.0,9.0,87.0,0.53,248.0,260.0,3.0,3.0,-0.14,0.01,3.02,3.17,62.0,273.0,22.71,67.0,263.0,74.52,3.0,11.0,11.4,11.3,2471.0,10.0,2437.0,0.893,6.0,0,0,0,0,0,0,1,0,0,18680,9.835208711782833,1.0119379014989294,0,1
18535.0,9.827416115584832,Columbus Blue Jackets,St. Louis Blues,29.0,26.8,82.0,27.0,43.0,12.0,66.0,0.402,234.0,298.0,3.0,2.0,-0.72,0.05,2.85,3.63,32.0,212.0,15.09,56.0,236.0,76.27,5.0,6.0,8.2,7.6,2458.0,9.5,2822.0,0.894,1.0,0,16.0,29.0,82.0,43.0,33.0,6.0,92.0,0.561,234.0,248.0,5.0,2.0,-0.14,-0.01,2.85,3.02,45.0,250.0,18.0,46.0,215.0,78.6,11.0,7.0,7.4,8.6,2370.0,9.9,2636.0,0.906,4.0,0,0,0,0,0,0,1,0,0,20556,9.93090814811212,0.9016832068495816,0,0
17893.0,9.792164853891862,Calgary Flames,Nashville Predators,25.0,29.2,82.0,38.0,39.0,5.0,81.0,0.494,253.0,267.0,0.0,4.0,-0.2,0.02,3.09,3.26,45.0,252.0,17.86,47.0,245.0,80.82,11.0,11.0,9.4,9.2,2572.0,9.8,2438.0,0.89,2.0,1,11.0,29.5,82.0,47.0,30.0,5.0,99.0,0.604,266.0,248.0,3.0,0.0,0.23,-0.02,3.24,3.02,58.0,269.0,21.56,57.0,247.0,76.92,7.0,5.0,9.7,9.5,2642.0,10.1,2507.0,0.901,4.0,0,0,0,0,0,0,1,0,0,19289,9.86729026422424,0.927627145004925,0,1
18087.0,9.802948727157515,Colorado Avalanche,Montreal Canadiens,8.0,28.8,82.0,50.0,25.0,7.0,107.0,0.652,302.0,252.0,2.0,2.0,0.57,-0.05,3.68,3.07,68.0,278.0,24.46,53.0,264.0,79.92,7.0,6.0,8.9,9.7,2705.0,11.2,2444.0,0.897,4.0,0,28.0,26.7,82.0,30.0,36.0,16.0,76.0,0.463,232.0,281.0,4.0,8.0,-0.59,0.05,2.83,3.43,44.0,252.0,17.46,65.0,277.0,76.53,7.0,12.0,10.2,10.0,2269.0,10.2,2738.0,0.897,2.0,1,0,0,0,0,0,1,0,0,18007,9.798515850169505,1.004442716721275,1,0
18145.0,9.806150319647172,Los Angeles Kings,Tampa Bay Lightning,12.0,29.5,82.0,44.0,27.0,11.0,99.0,0.604,254.0,210.0,2.0,5.0,0.45,-0.05,3.1,2.56,56.0,248.0,22.58,39.0,253.0,84.58,11.0,7.0,8.7,9.5,2616.0,9.7,2296.0,0.909,7.0,0,13.0,29.1,82.0,45.0,29.0,8.0,98.0,0.598,288.0,267.0,3.0,1.0,0.28,0.0,3.51,3.26,71.0,248.0,28.63,39.0,234.0,83.33,5.0,6.0,11.0,11.0,2401.0,12.0,2430.0,0.89,4.0,0,0,0,0,0,0,1,0,0,18118,9.804661198229233,1.0014902307097913,0,1
17151.0,9.749811759932081,Seattle Kraken,Edmonton Oilers,24.0,29.4,82.0,34.0,35.0,13.0,81.0,0.494,214.0,232.0,3.0,4.0,-0.26,-0.03,2.61,2.83,50.0,242.0,20.66,47.0,222.0,78.83,6.0,9.0,8.0,8.1,2347.0,9.1,2391.0,0.903,5.0,0,9.0,29.4,82.0,49.0,27.0,6.0,104.0,0.634,292.0,236.0,2.0,1.0,0.65,-0.04,3.56,2.88,64.0,243.0,26.34,53.0,258.0,79.46,7.0,5.0,9.5,8.5,2768.0,10.5,2307.0,0.898,4.0,1,0,0,0,0,0,1,0,1,17100,9.746833742490752,1.0029824561403509,0,1
17435.0,9.766234959109752,San Jose Sharks,New Jersey Devils,32.0,27.7,82.0,19.0,54.0,9.0,47.0,0.287,180.0,326.0,1.0,5.0,-1.78,0.05,2.2,3.98,42.0,208.0,20.19,62.0,252.0,75.4,3.0,8.0,9.5,8.2,2069.0,8.7,2881.0,0.887,2.0,0,23.0,26.8,82.0,38.0,39.0,5.0,81.0,0.494,264.0,281.0,0.0,2.0,-0.22,0.01,3.22,3.43,55.0,245.0,22.45,47.0,243.0,80.66,3.0,9.0,9.1,9.6,2516.0,10.5,2458.0,0.886,1.0,0,0,0,0,0,0,1,0,0,17435,9.766234959109752,1.0,0,0
18996.0,9.851983709669012,Toronto Maple Leafs,Boston Bruins,10.0,28.9,82.0,46.0,26.0,10.0,102.0,0.622,298.0,261.0,5.0,2.0,0.5,0.01,3.63,3.18,57.0,238.0,23.95,55.0,238.0,76.89,6.0,9.0,9.9,10.2,2671.0,11.2,2446.0,0.893,5.0,1,6.0,28.6,82.0,47.0,20.0,15.0,109.0,0.665,263.0,221.0,4.0,3.0,0.53,0.01,3.21,2.7,54.0,243.0,22.22,47.0,268.0,82.46,7.0,6.0,9.5,8.8,2399.0,11.0,2504.0,0.912,5.0,0,0,0,0,0,0,1,0,1,18819,9.842622276764853,1.0094053881715288,1,1
18111.0,9.804274767464536,Vegas Golden Knights,Buffalo Sabres,14.0,29.0,82.0,45.0,29.0,8.0,98.0,0.598,263.0,243.0,4.0,2.0,0.22,-0.05,3.21,2.96,51.0,252.0,20.24,44.0,213.0,79.34,9.0,8.0,7.4,8.5,2548.0,10.3,2487.0,0.902,3.0,0,22.0,25.7,82.0,39.0,37.0,6.0,84.0,0.512,244.0,243.0,2.0,1.0,0.03,0.01,2.98,2.96,37.0,223.0,16.59,49.0,243.0,79.84,7.0,10.0,9.8,9.2,2534.0,9.6,2402.0,0.899,5.0,0,0,0,0,0,0,1,0,0,17500,9.769956159911606,1.0349142857142857,0,0
14527.0,9.583764265872883,Winnipeg Jets,Detroit Red Wings,4.0,29.4,82.0,52.0,24.0,6.0,110.0,0.671,259.0,198.0,0.0,1.0,0.69,-0.04,3.16,2.41,45.0,240.0,18.75,51.0,223.0,77.13,3.0,5.0,8.2,8.9,2488.0,10.4,2429.0,0.918,8.0,1,18.0,29.3,82.0,41.0,32.0,9.0,91.0,0.555,275.0,273.0,3.0,1.0,0.06,0.02,3.35,3.33,63.0,273.0,23.08,49.0,240.0,79.58,7.0,10.0,8.7,9.9,2375.0,11.6,2657.0,0.897,4.0,0,0,0,0,0,0,1,0,0,15225,9.630694092578098,0.9541543513957307,0,0
18573.0,9.829464192187341,Washington Capitals,New York Rangers,17.0,30.0,82.0,40.0,31.0,11.0,91.0,0.555,216.0,252.0,4.0,5.0,-0.41,0.04,2.63,3.07,47.0,228.0,20.61,49.0,233.0,78.97,3.0,5.0,7.7,7.4,2172.0,9.9,2503.0,0.899,7.0,0,1.0,29.1,82.0,55.0,23.0,4.0,114.0,0.695,278.0,226.0,4.0,3.0,0.61,-0.03,3.39,2.76,65.0,246.0,26.42,36.0,232.0,84.48,8.0,6.0,9.4,10.4,2582.0,10.8,2418.0,0.907,6.0,0,0,0,0,0,0,1,0,1,18506,9.825850282808975,1.0036204474224575,0,1
14208.0,9.56156046523195,Anaheim Ducks,Tampa Bay Lightning,30.0,27.7,82.0,27.0,50.0,5.0,59.0,0.36,203.0,293.0,1.0,2.0,-1.09,0.02,2.48,3.57,43.0,235.0,18.3,91.0,330.0,72.42,12.0,5.0,13.5,10.9,2194.0,9.3,2666.0,0.89,1.0,0,13.0,29.1,82.0,45.0,29.0,8.0,98.0,0.598,288.0,267.0,3.0,1.0,0.28,0.0,3.51,3.26,71.0,248.0,28.63,39.0,234.0,83.33,5.0,6.0,11.0,11.0,2401.0,12.0,2430.0,0.89,4.0,0,0,0,0,0,0,0,1,0,17174,9.75115189123243,0.8272970769768254,0,1
17850.0,9.789758787207784,Boston Bruins,New York Islanders,6.0,28.6,82.0,47.0,20.0,15.0,109.0,0.665,263.0,221.0,4.0,3.0,0.53,0.01,3.21,2.7,54.0,243.0,22.22,47.0,268.0,82.46,7.0,6.0,9.5,8.8,2399.0,11.0,2504.0,0.912,5.0,0,15.0,29.6,82.0,39.0,27.0,16.0,94.0,0.573,245.0,258.0,1.0,5.0,-0.18,0.03,2.99,3.15,47.0,231.0,20.35,63.0,221.0,71.49,10.0,3.0,7.1,7.4,2470.0,9.9,2686.0,0.904,5.0,0,0,0,0,0,0,0,1,0,17565,9.773663564699927,1.0162254483347566,1,0
18891.0,9.846440897156853,Carolina Hurricanes,Pittsburgh Penguins,3.0,29.4,82.0,52.0,23.0,7.0,111.0,0.677,277.0,211.0,2.0,5.0,0.73,-0.04,3.38,2.57,67.0,249.0,26.91,35.0,258.0,86.43,11.0,8.0,8.5,8.0,2733.0,10.1,2101.0,0.9,8.0,0,19.0,31.3,82.0,38.0,32.0,12.0,88.0,0.537,253.0,248.0,2.0,3.0,0.05,0.0,3.09,3.02,40.0,262.0,15.27,47.0,243.0,80.66,5.0,12.0,7.4,7.9,2685.0,9.4,2479.0,0.9,8.0,0,0,0,0,0,0,0,1,1,18680,9.835208711782833,1.0112955032119915,0,1
18819.0,9.842622276764853,Chicago Blackhawks,New York Rangers,31.0,27.4,82.0,23.0,53.0,6.0,52.0,0.317,178.0,289.0,1.0,1.0,-1.29,0.06,2.17,3.52,39.0,235.0,16.6,56.0,231.0,75.76,3.0,8.0,8.7,9.3,2153.0,8.3,2681.0,0.892,1.0,0,1.0,29.1,82.0,55.0,23.0,4.0,114.0,0.695,278.0,226.0,4.0,3.0,0.61,-0.03,3.39,2.76,65.0,246.0,26.42,36.0,232.0,84.48,8.0,6.0,9.4,10.4,2582.0,10.8,2418.0,0.907,6.0,0,0,0,0,0,0,0,1,0,20243,9.915564333761576,0.9296546954502791,0,1
18554.0,9.828440678213218,Toronto Maple Leafs,Philadelphia Flyers,10.0,28.9,82.0,46.0,26.0,10.0,102.0,0.622,298.0,261.0,5.0,2.0,0.5,0.01,3.63,3.18,57.0,238.0,23.95,55.0,238.0,76.89,6.0,9.0,9.9,10.2,2671.0,11.2,2446.0,0.893,5.0,1,21.0,27.1,82.0,38.0,33.0,11.0,87.0,0.53,231.0,258.0,4.0,3.0,-0.29,0.03,2.82,3.15,31.0,254.0,12.2,40.0,241.0,83.4,16.0,4.0,10.1,9.7,2708.0,8.5,2225.0,0.884,5.0,0,0,0,0,0,0,0,1,0,18819,9.842622276764853,0.9859184866358468,1,0
15548.0,9.651687291972113,Buffalo Sabres,Washington Capitals,22.0,25.7,82.0,39.0,37.0,6.0,84.0,0.512,244.0,243.0,2.0,1.0,0.03,0.01,2.98,2.96,37.0,223.0,16.59,49.0,243.0,79.84,7.0,10.0,9.8,9.2,2534.0,9.6,2402.0,0.899,5.0,0,17.0,30.0,82.0,40.0,31.0,11.0,91.0,0.555,216.0,252.0,4.0,5.0,-0.41,0.04,2.63,3.07,47.0,228.0,20.61,49.0,233.0,78.97,3.0,5.0,7.7,7.4,2172.0,9.9,2503.0,0.899,7.0,0,1,0,0,0,0,0,0,0,19029,9.853719410302007,0.8170686846392349,0,0
18024.0,9.79945948211208,Colorado Avalanche,Florida Panthers,8.0,28.8,82.0,50.0,25.0,7.0,107.0,0.652,302.0,252.0,2.0,2.0,0.57,-0.05,3.68,3.07,68.0,278.0,24.46,53.0,264.0,79.92,7.0,6.0,8.9,9.7,2705.0,11.2,2444.0,0.897,4.0,0,5.0,29.5,82.0,52.0,24.0,6.0,110.0,0.671,265.0,198.0,3.0,2.0,0.81,-0.02,3.23,2.41,63.0,268.0,23.51,51.0,291.0,82.47,8.0,9.0,13.6,13.5,2764.0,9.6,2279.0,0.913,8.0,0,1,0,0,0,0,0,0,0,18007,9.798515850169505,1.000944077303271,1,1
21105.0,9.9572652582166,Montreal Canadiens,Vancouver Canucks,28.0,26.7,82.0,30.0,36.0,16.0,76.0,0.463,232.0,281.0,4.0,8.0,-0.59,0.05,2.83,3.43,44.0,252.0,17.46,65.0,277.0,76.53,7.0,12.0,10.2,10.0,2269.0,10.2,2738.0,0.897,2.0,1,7.0,28.6,82.0,50.0,23.0,9.0,109.0,0.665,279.0,221.0,0.0,2.0,0.64,-0.04,3.4,2.7,58.0,257.0,22.57,53.0,254.0,79.13,7.0,7.0,9.6,9.7,2328.0,12.0,2343.0,0.906,7.0,1,1,0,0,0,0,0,0,0,21105,9.9572652582166,1.0,0,1
17151.0,9.749811759932081,Seattle Kraken,New Jersey Devils,24.0,29.4,82.0,34.0,35.0,13.0,81.0,0.494,214.0,232.0,3.0,4.0,-0.26,-0.03,2.61,2.83,50.0,242.0,20.66,47.0,222.0,78.83,6.0,9.0,8.0,8.1,2347.0,9.1,2391.0,0.903,5.0,0,23.0,26.8,82.0,38.0,39.0,5.0,81.0,0.494,264.0,281.0,0.0,2.0,-0.22,0.01,3.22,3.43,55.0,245.0,22.45,47.0,243.0,80.66,3.0,9.0,9.1,9.6,2516.0,10.5,2458.0,0.886,1.0,0,1,0,0,0,0,0,0,0,17100,9.746833742490752,1.0029824561403509,0,0
17396.0,9.76399557371753,Anaheim Ducks,Calgary Flames,30.0,27.7,82.0,27.0,50.0,5.0,59.0,0.36,203.0,293.0,1.0,2.0,-1.09,0.02,2.48,3.57,43.0,235.0,18.3,91.0,330.0,72.42,12.0,5.0,13.5,10.9,2194.0,9.3,2666.0,0.89,1.0,0,25.0,29.2,82.0,38.0,39.0,5.0,81.0,0.494,253.0,267.0,0.0,4.0,-0.2,0.02,3.09,3.26,45.0,252.0,17.86,47.0,245.0,80.82,11.0,11.0,9.4,9.2,2572.0,9.8,2438.0,0.89,2.0,1,0,1,0,0,0,0,0,1,17174,9.75115189123243,1.0129265168277628,0,0
17850.0,9.789758787207784,Boston Bruins,Edmonton Oilers,6.0,28.6,82.0,47.0,20.0,15.0,109.0,0.665,263.0,221.0,4.0,3.0,0.53,0.01,3.21,2.7,54.0,243.0,22.22,47.0,268.0,82.46,7.0,6.0,9.5,8.8,2399.0,11.0,2504.0,0.912,5.0,0,9.0,29.4,82.0,49.0,27.0,6.0,104.0,0.634,292.0,236.0,2.0,1.0,0.65,-0.04,3.56,2.88,64.0,243.0,26.34,53.0,258.0,79.46,7.0,5.0,9.5,8.5,2768.0,10.5,2307.0,0.898,4.0,1,0,1,0,0,0,0,0,0,17565,9.773663564699927,1.0162254483347566,1,1
19515.0,9.878938679614715,Detroit Red Wings,Ottawa Senators,18.0,29.3,82.0,41.0,32.0,9.0,91.0,0.555,275.0,273.0,3.0,1.0,0.06,0.02,3.35,3.33,63.0,273.0,23.08,49.0,240.0,79.58,7.0,10.0,8.7,9.9,2375.0,11.6,2657.0,0.897,4.0,0,26.0,27.0,82.0,37.0,41.0,4.0,78.0,0.476,250.0,281.0,5.0,0.0,-0.28,0.04,3.05,3.43,51.0,283.0,18.02,61.0,245.0,75.1,7.0,6.0,10.4,11.1,2602.0,9.6,2432.0,0.884,2.0,1,0,1,0,0,0,0,0,1,20000,9.903487552536127,0.97575,0,0
18464.0,9.823578169307826,Minnesota Wild,St. Louis Blues,20.0,29.3,82.0,39.0,34.0,9.0,87.0,0.53,248.0,260.0,3.0,3.0,-0.14,0.01,3.02,3.17,62.0,273.0,22.71,67.0,263.0,74.52,3.0,11.0,11.4,11.3,2471.0,10.0,2437.0,0.893,6.0,0,16.0,29.0,82.0,43.0,33.0,6.0,92.0,0.561,234.0,248.0,5.0,2.0,-0.14,-0.01,2.85,3.02,45.0,250.0,18.0,46.0,215.0,78.6,11.0,7.0,7.4,8.6,2370.0,9.9,2636.0,0.906,4.0,0,0,1,0,0,0,0,0,1,17954,9.795568210316635,1.0284059262559875,1,0
17528.0,9.771554881275302,New York Rangers,Dallas Stars,1.0,29.1,82.0,55.0,23.0,4.0,114.0,0.695,278.0,226.0,4.0,3.0,0.61,-0.03,3.39,2.76,65.0,246.0,26.42,36.0,232.0,84.48,8.0,6.0,9.4,10.4,2582.0,10.8,2418.0,0.907,6.0,0,2.0,29.3,82.0,52.0,21.0,9.0,113.0,0.689,294.0,232.0,4.0,2.0,0.74,-0.04,3.59,2.83,58.0,240.0,24.17,43.0,239.0,82.01,12.0,4.0,6.8,7.5,2588.0,11.4,2350.0,0.901,4.0,0,0,1,0,0,0,0,0,0,18006,9.798460314668421,0.9734532933466622,1,0
18058.0,9.801344078867425,Philadelphia Flyers,Toronto Maple Leafs,21.0,27.1,82.0,38.0,33.0,11.0,87.0,0.53,231.0,258.0,4.0,3.0,-0.29,0.03,2.82,3.15,31.0,254.0,12.2,40.0,241.0,83.4,16.0,4.0,10.1,9.7,2708.0,8.5,2225.0,0.884,5.0,0,10.0,28.9,82.0,46.0,26.0,10.0,102.0,0.622,298.0,261.0,5.0,2.0,0.5,0.01,3.63,3.18,57.0,238.0,23.95,55.0,238.0,76.89,6.0,9.0,9.9,10.2,2671.0,11.2,2446.0,0.893,5.0,1,0,1,0,0,0,0,0,0,19537,9.880065382591635,0.9242974868198802,0,1
16060.0,9.684086987500752,Pittsburgh Penguins,Columbus Blue Jackets,19.0,31.3,82.0,38.0,32.0,12.0,88.0,0.537,253.0,248.0,2.0,3.0,0.05,0.0,3.09,3.02,40.0,262.0,15.27,47.0,243.0,80.66,5.0,12.0,7.4,7.9,2685.0,9.4,2479.0,0.9,8.0,0,29.0,26.8,82.0,27.0,43.0,12.0,66.0,0.402,234.0,298.0,3.0,2.0,-0.72,0.05,2.85,3.63,32.0,212.0,15.09,56.0,236.0,76.27,5.0,6.0,8.2,7.6,2458.0,9.5,2822.0,0.894,1.0,0,0,1,0,0,0,0,0,1,18387,9.819399172153842,0.8734431935606679,1,0
19092.0,9.857024678125788,Tampa Bay Lightning,Carolina Hurricanes,13.0,29.1,82.0,45.0,29.0,8.0,98.0,0.598,288.0,267.0,3.0,1.0,0.28,0.0,3.51,3.26,71.0,248.0,28.63,39.0,234.0,83.33,5.0,6.0,11.0,11.0,2401.0,12.0,2430.0,0.89,4.0,0,3.0,29.4,82.0,52.0,23.0,7.0,111.0,0.677,277.0,211.0,2.0,5.0,0.73,-0.04,3.38,2.57,67.0,249.0,26.91,35.0,258.0,86.43,11.0,8.0,8.5,8.0,2733.0,10.1,2101.0,0.9,8.0,0,0,1,0,0,0,0,0,0,19204,9.862873869650832,0.9941678816913143,1,0
13105.0,9.480749115757506,Winnipeg Jets,Nashville Predators,4.0,29.4,82.0,52.0,24.0,6.0,110.0,0.671,259.0,198.0,0.0,1.0,0.69,-0.04,3.16,2.41,45.0,240.0,18.75,51.0,223.0,77.13,3.0,5.0,8.2,8.9,2488.0,10.4,2429.0,0.918,8.0,1,11.0,29.5,82.0,47.0,30.0,5.0,99.0,0.604,266.0,248.0,3.0,0.0,0.23,-0.02,3.24,3.02,58.0,269.0,21.56,57.0,247.0,76.92,7.0,5.0,9.7,9.5,2642.0,10.1,2507.0,0.901,4.0,0,0,1,0,0,0,0,0,1,15225,9.630694092578098,0.8607553366174056,0,1
17667.0,9.77945377161268,Chicago Blackhawks,Colorado Avalanche,31.0,27.4,82.0,23.0,53.0,6.0,52.0,0.317,178.0,289.0,1.0,1.0,-1.29,0.06,2.17,3.52,39.0,235.0,16.6,56.0,231.0,75.76,3.0,8.0,8.7,9.3,2153.0,8.3,2681.0,0.892,1.0,0,8.0,28.8,82.0,50.0,25.0,7.0,107.0,0.652,302.0,252.0,2.0,2.0,0.57,-0.05,3.68,3.07,68.0,278.0,24.46,53.0,264.0,79.92,7.0,6.0,8.9,9.7,2705.0,11.2,2444.0,0.897,4.0,0,0,0,1,0,0,0,0,1,20243,9.915564333761576,0.8727461344662353,0,1
17941.0,9.794843875419385,Washington Capitals,Vancouver Canucks,17.0,30.0,82.0,40.0,31.0,11.0,91.0,0.555,216.0,252.0,4.0,5.0,-0.41,0.04,2.63,3.07,47.0,228.0,20.61,49.0,233.0,78.97,3.0,5.0,7.7,7.4,2172.0,9.9,2503.0,0.899,7.0,0,7.0,28.6,82.0,50.0,23.0,9.0,109.0,0.665,279.0,221.0,0.0,2.0,0.64,-0.04,3.4,2.7,58.0,257.0,22.57,53.0,254.0,79.13,7.0,7.0,9.6,9.7,2328.0,12.0,2343.0,0.906,7.0,1,0,0,1,0,0,0,0,0,18506,9.825850282808975,0.9694693612882308,0,1
18750.0,9.838949031398556,Carolina Hurricanes,Toronto Maple Leafs,3.0,29.4,82.0,52.0,23.0,7.0,111.0,0.677,277.0,211.0,2.0,5.0,0.73,-0.04,3.38,2.57,67.0,249.0,26.91,35.0,258.0,86.43,11.0,8.0,8.5,8.0,2733.0,10.1,2101.0,0.9,8.0,0,10.0,28.9,82.0,46.0,26.0,10.0,102.0,0.622,298.0,261.0,5.0,2.0,0.5,0.01,3.63,3.18,57.0,238.0,23.95,55.0,238.0,76.89,6.0,9.0,9.9,10.2,2671.0,11.2,2446.0,0.893,5.0,1,0,0,0,1,0,0,0,0,18680,9.835208711782833,1.003747323340471,0,1
15497.0,9.648401735787335,Columbus Blue Jackets,Seattle Kraken,29.0,26.8,82.0,27.0,43.0,12.0,66.0,0.402,234.0,298.0,3.0,2.0,-0.72,0.05,2.85,3.63,32.0,212.0,15.09,56.0,236.0,76.27,5.0,6.0,8.2,7.6,2458.0,9.5,2822.0,0.894,1.0,0,24.0,29.4,82.0,34.0,35.0,13.0,81.0,0.494,214.0,232.0,3.0,4.0,-0.26,-0.03,2.61,2.83,50.0,242.0,20.66,47.0,222.0,78.83,6.0,9.0,8.0,8.1,2347.0,9.1,2391.0,0.903,5.0,0,0,0,0,1,0,0,0,0,20556,9.93090814811212,0.7538918077446974,0,0
18979.0,9.85108838373692,Minnesota Wild,Colorado Avalanche,20.0,29.3,82.0,39.0,34.0,9.0,87.0,0.53,248.0,260.0,3.0,3.0,-0.14,0.01,3.02,3.17,62.0,273.0,22.71,67.0,263.0,74.52,3.0,11.0,11.4,11.3,2471.0,10.0,2437.0,0.893,6.0,0,8.0,28.8,82.0,50.0,25.0,7.0,107.0,0.652,302.0,252.0,2.0,2.0,0.57,-0.05,3.68,3.07,68.0,278.0,24.46,53.0,264.0,79.92,7.0,6.0,8.9,9.7,2705.0,11.2,2444.0,0.897,4.0,0,0,0,0,1,0,0,0,1,17954,9.795568210316635,1.057090341985073,1,1
18006.0,9.798460314668421,New York Rangers,New Jersey Devils,1.0,29.1,82.0,55.0,23.0,4.0,114.0,0.695,278.0,226.0,4.0,3.0,0.61,-0.03,3.39,2.76,65.0,246.0,26.42,36.0,232.0,84.48,8.0,6.0,9.4,10.4,2582.0,10.8,2418.0,0.907,6.0,0,23.0,26.8,82.0,38.0,39.0,5.0,81.0,0.494,264.0,281.0,0.0,2.0,-0.22,0.01,3.22,3.43,55.0,245.0,22.45,47.0,243.0,80.66,3.0,9.0,9.1,9.6,2516.0,10.5,2458.0,0.886,1.0,0,0,0,0,1,0,0,0,1,18006,9.798460314668421,1.0,1,0
16276.0,9.697446909121581,Ottawa Senators,Buffalo Sabres,26.0,27.0,82.0,37.0,41.0,4.0,78.0,0.476,250.0,281.0,5.0,0.0,-0.28,0.04,3.05,3.43,51.0,283.0,18.02,61.0,245.0,75.1,7.0,6.0,10.4,11.1,2602.0,9.6,2432.0,0.884,2.0,1,22.0,25.7,82.0,39.0,37.0,6.0,84.0,0.512,244.0,243.0,2.0,1.0,0.03,0.01,2.98,2.96,37.0,223.0,16.59,49.0,243.0,79.84,7.0,10.0,9.8,9.2,2534.0,9.6,2402.0,0.899,5.0,0,0,0,0,1,0,0,0,1,18652,9.833708657928211,0.8726141968689685,0,0
17941.0,9.794843875419385,Philadelphia Flyers,Dallas Stars,21.0,27.1,82.0,38.0,33.0,11.0,87.0,0.53,231.0,258.0,4.0,3.0,-0.29,0.03,2.82,3.15,31.0,254.0,12.2,40.0,241.0,83.4,16.0,4.0,10.1,9.7,2708.0,8.5,2225.0,0.884,5.0,0,2.0,29.3,82.0,52.0,21.0,9.0,113.0,0.689,294.0,232.0,4.0,2.0,0.74,-0.04,3.59,2.83,58.0,240.0,24.17,43.0,239.0,82.01,12.0,4.0,6.8,7.5,2588.0,11.4,2350.0,0.901,4.0,0,0,0,0,1,0,0,0,0,19537,9.880065382591635,0.9183088498745969,0,0
17004.0,9.741203889478681,Pittsburgh Penguins,Edmonton Oilers,19.0,31.3,82.0,38.0,32.0,12.0,88.0,0.537,253.0,248.0,2.0,3.0,0.05,0.0,3.09,3.02,40.0,262.0,15.27,47.0,243.0,80.66,5.0,12.0,7.4,7.9,2685.0,9.4,2479.0,0.9,8.0,0,9.0,29.4,82.0,49.0,27.0,6.0,104.0,0.634,292.0,236.0,2.0,1.0,0.65,-0.04,3.56,2.88,64.0,243.0,26.34,53.0,258.0,79.46,7.0,5.0,9.5,8.5,2768.0,10.5,2307.0,0.898,4.0,1,0,0,0,1,0,0,0,0,18387,9.819399172153842,0.924783814651656,1,1
17176.0,9.751268339558617,St. Louis Blues,Anaheim Ducks,16.0,29.0,82.0,43.0,33.0,6.0,92.0,0.561,234.0,248.0,5.0,2.0,-0.14,-0.01,2.85,3.02,45.0,250.0,18.0,46.0,215.0,78.6,11.0,7.0,7.4,8.6,2370.0,9.9,2636.0,0.906,4.0,0,30.0,27.7,82.0,27.0,50.0,5.0,59.0,0.36,203.0,293.0,1.0,2.0,-1.09,0.02,2.48,3.57,43.0,235.0,18.3,91.0,330.0,72.42,12.0,5.0,13.5,10.9,2194.0,9.3,2666.0,0.89,1.0,0,0,0,0,1,0,0,0,0,18400,9.820105943597078,0.9334782608695652,0,0
19092.0,9.857024678125788,Tampa Bay Lightning,Boston Bruins,13.0,29.1,82.0,45.0,29.0,8.0,98.0,0.598,288.0,267.0,3.0,1.0,0.28,0.0,3.51,3.26,71.0,248.0,28.63,39.0,234.0,83.33,5.0,6.0,11.0,11.0,2401.0,12.0,2430.0,0.89,4.0,0,6.0,28.6,82.0,47.0,20.0,15.0,109.0,0.665,263.0,221.0,4.0,3.0,0.53,0.01,3.21,2.7,54.0,243.0,22.22,47.0,268.0,82.46,7.0,6.0,9.5,8.8,2399.0,11.0,2504.0,0.912,5.0,0,0,0,0,1,0,0,0,1,19204,9.862873869650832,0.9941678816913143,1,1
17713.0,9.782054112252597,Vegas Golden Knights,New York Islanders,14.0,29.0,82.0,45.0,29.0,8.0,98.0,0.598,263.0,243.0,4.0,2.0,0.22,-0.05,3.21,2.96,51.0,252.0,20.24,44.0,213.0,79.34,9.0,8.0,7.4,8.5,2548.0,10.3,2487.0,0.902,3.0,0,15.0,29.6,82.0,39.0,27.0,16.0,94.0,0.573,245.0,258.0,1.0,5.0,-0.18,0.03,2.99,3.15,47.0,231.0,20.35,63.0,221.0,71.49,10.0,3.0,7.1,7.4,2470.0,9.9,2686.0,0.904,5.0,0,0,0,0,1,0,0,0,0,17500,9.769956159911606,1.0121714285714285,0,0
18700.0,9.836278802842678,Carolina Hurricanes,Vancouver Canucks,3.0,29.4,82.0,52.0,23.0,7.0,111.0,0.677,277.0,211.0,2.0,5.0,0.73,-0.04,3.38,2.57,67.0,249.0,26.91,35.0,258.0,86.43,11.0,8.0,8.5,8.0,2733.0,10.1,2101.0,0.9,8.0,0,7.0,28.6,82.0,50.0,23.0,9.0,109.0,0.665,279.0,221.0,0.0,2.0,0.64,-0.04,3.4,2.7,58.0,257.0,22.57,53.0,254.0,79.13,7.0,7.0,9.6,9.7,2328.0,12.0,2343.0,0.906,7.0,1,0,0,0,0,1,0,0,0,18680,9.835208711782833,1.0010706638115632,0,1
19515.0,9.878938679614715,Detroit Red Wings,Chicago Blackhawks,18.0,29.3,82.0,41.0,32.0,9.0,91.0,0.555,275.0,273.0,3.0,1.0,0.06,0.02,3.35,3.33,63.0,273.0,23.08,49.0,240.0,79.58,7.0,10.0,8.7,9.9,2375.0,11.6,2657.0,0.897,4.0,0,31.0,27.4,82.0,23.0,53.0,6.0,52.0,0.317,178.0,289.0,1.0,1.0,-1.29,0.06,2.17,3.52,39.0,235.0,16.6,56.0,231.0,75.76,3.0,8.0,8.7,9.3,2153.0,8.3,2681.0,0.892,1.0,0,0,0,0,0,1,0,0,0,20000,9.903487552536127,0.97575,0,0
14218.0,9.562264046489428,Winnipeg Jets,Los Angeles Kings,4.0,29.4,82.0,52.0,24.0,6.0,110.0,0.671,259.0,198.0,0.0,1.0,0.69,-0.04,3.16,2.41,45.0,240.0,18.75,51.0,223.0,77.13,3.0,5.0,8.2,8.9,2488.0,10.4,2429.0,0.918,8.0,1,12.0,29.5,82.0,44.0,27.0,11.0,99.0,0.604,254.0,210.0,2.0,5.0,0.45,-0.05,3.1,2.56,56.0,248.0,22.58,39.0,253.0,84.58,11.0,7.0,8.7,9.5,2616.0,9.7,2296.0,0.909,7.0,0,0,0,0,0,1,0,0,0,15225,9.630694092578098,0.9338587848932677,0,0
18573.0,9.829464192187341,Washington Capitals,Montreal Canadiens,17.0,30.0,82.0,40.0,31.0,11.0,91.0,0.555,216.0,252.0,4.0,5.0,-0.41,0.04,2.63,3.07,47.0,228.0,20.61,49.0,233.0,78.97,3.0,5.0,7.7,7.4,2172.0,9.9,2503.0,0.899,7.0,0,28.0,26.7,82.0,30.0,36.0,16.0,76.0,0.463,232.0,281.0,4.0,8.0,-0.59,0.05,2.83,3.43,44.0,252.0,17.46,65.0,277.0,76.53,7.0,12.0,10.2,10.0,2269.0,10.2,2738.0,0.897,2.0,1,0,0,0,0,1,0,0,0,18506,9.825850282808975,1.0036204474224575,0,0
16759.0,9.726690706384874,Buffalo Sabres,Seattle Kraken,22.0,25.7,82.0,39.0,37.0,6.0,84.0,0.512,244.0,243.0,2.0,1.0,0.03,0.01,2.98,2.96,37.0,223.0,16.59,49.0,243.0,79.84,7.0,10.0,9.8,9.2,2534.0,9.6,2402.0,0.899,5.0,0,24.0,29.4,82.0,34.0,35.0,13.0,81.0,0.494,214.0,232.0,3.0,4.0,-0.26,-0.03,2.61,2.83,50.0,242.0,20.66,47.0,222.0,78.83,6.0,9.0,8.0,8.1,2347.0,9.1,2391.0,0.903,5.0,0,0,0,0,0,0,1,0,0,19029,9.853719410302007,0.8807083924536234,0,0
18446.0,9.822602823795664,Calgary Flames,Los Angeles Kings,25.0,29.2,82.0,38.0,39.0,5.0,81.0,0.494,253.0,267.0,0.0,4.0,-0.2,0.02,3.09,3.26,45.0,252.0,17.86,47.0,245.0,80.82,11.0,11.0,9.4,9.2,2572.0,9.8,2438.0,0.89,2.0,1,12.0,29.5,82.0,44.0,27.0,11.0,99.0,0.604,254.0,210.0,2.0,5.0,0.45,-0.05,3.1,2.56,56.0,248.0,22.58,39.0,253.0,84.58,11.0,7.0,8.7,9.5,2616.0,9.7,2296.0,0.909,7.0,0,0,0,0,0,0,1,0,1,19289,9.86729026422424,0.9562963346985328,0,0
19387.0,9.872358017339208,Chicago Blackhawks,Edmonton Oilers,31.0,27.4,82.0,23.0,53.0,6.0,52.0,0.317,178.0,289.0,1.0,1.0,-1.29,0.06,2.17,3.52,39.0,235.0,16.6,56.0,231.0,75.76,3.0,8.0,8.7,9.3,2153.0,8.3,2681.0,0.892,1.0,0,9.0,29.4,82.0,49.0,27.0,6.0,104.0,0.634,292.0,236.0,2.0,1.0,0.65,-0.04,3.56,2.88,64.0,243.0,26.34,53.0,258.0,79.46,7.0,5.0,9.5,8.5,2768.0,10.5,2307.0,0.898,4.0,1,0,0,0,0,0,1,0,0,20243,9.915564333761576,0.957713777602134,0,1
19687.0,9.887713798420087,Florida Panthers,Boston Bruins,5.0,29.5,82.0,52.0,24.0,6.0,110.0,0.671,265.0,198.0,3.0,2.0,0.81,-0.02,3.23,2.41,63.0,268.0,23.51,51.0,291.0,82.47,8.0,9.0,13.6,13.5,2764.0,9.6,2279.0,0.913,8.0,0,6.0,28.6,82.0,47.0,20.0,15.0,109.0,0.665,263.0,221.0,4.0,3.0,0.53,0.01,3.21,2.7,54.0,243.0,22.22,47.0,268.0,82.46,7.0,6.0,9.5,8.8,2399.0,11.0,2504.0,0.912,5.0,0,0,0,0,0,0,1,0,1,19109,9.857914707241372,1.0302475273431368,1,1
21105.0,9.9572652582166,Montreal Canadiens,Dallas Stars,28.0,26.7,82.0,30.0,36.0,16.0,76.0,0.463,232.0,281.0,4.0,8.0,-0.59,0.05,2.83,3.43,44.0,252.0,17.46,65.0,277.0,76.53,7.0,12.0,10.2,10.0,2269.0,10.2,2738.0,0.897,2.0,1,2.0,29.3,82.0,52.0,21.0,9.0,113.0,0.689,294.0,232.0,4.0,2.0,0.74,-0.04,3.59,2.83,58.0,240.0,24.17,43.0,239.0,82.01,12.0,4.0,6.8,7.5,2588.0,11.4,2350.0,0.901,4.0,0,0,0,0,0,0,1,0,0,21105,9.9572652582166,1.0,0,0
16514.0,9.711963784977375,New Jersey Devils,Tampa Bay Lightning,23.0,26.8,82.0,38.0,39.0,5.0,81.0,0.494,264.0,281.0,0.0,2.0,-0.22,0.01,3.22,3.43,55.0,245.0,22.45,47.0,243.0,80.66,3.0,9.0,9.1,9.6,2516.0,10.5,2458.0,0.886,1.0,0,13.0,29.1,82.0,45.0,29.0,8.0,98.0,0.598,288.0,267.0,3.0,1.0,0.28,0.0,3.51,3.26,71.0,248.0,28.63,39.0,234.0,83.33,5.0,6.0,11.0,11.0,2401.0,12.0,2430.0,0.89,4.0,0,0,0,0,0,0,1,0,0,16535,9.713234625415893,0.998729966737224,0,1
17159.0,9.750278096285621,Nashville Predators,Washington Capitals,11.0,29.5,82.0,47.0,30.0,5.0,99.0,0.604,266.0,248.0,3.0,0.0,0.23,-0.02,3.24,3.02,58.0,269.0,21.56,57.0,247.0,76.92,7.0,5.0,9.7,9.5,2642.0,10.1,2507.0,0.901,4.0,0,17.0,30.0,82.0,40.0,31.0,11.0,91.0,0.555,216.0,252.0,4.0,5.0,-0.41,0.04,2.63,3.07,47.0,228.0,20.61,49.0,233.0,78.97,3.0,5.0,7.7,7.4,2172.0,9.9,2503.0,0.899,7.0,0,0,0,0,0,0,1,0,0,17113,9.747593687577451,1.0026880149593875,1,0
19154.0,9.860266850081565,Philadelphia Flyers,Anaheim Ducks,21.0,27.1,82.0,38.0,33.0,11.0,87.0,0.53,231.0,258.0,4.0,3.0,-0.29,0.03,2.82,3.15,31.0,254.0,12.2,40.0,241.0,83.4,16.0,4.0,10.1,9.7,2708.0,8.5,2225.0,0.884,5.0,0,30.0,27.7,82.0,27.0,50.0,5.0,59.0,0.36,203.0,293.0,1.0,2.0,-1.09,0.02,2.48,3.57,43.0,235.0,18.3,91.0,330.0,72.42,12.0,5.0,13.5,10.9,2194.0,9.3,2666.0,0.89,1.0,0,0,0,0,0,0,1,0,0,19537,9.880065382591635,0.9803961713671495,0,0
18043.0,9.800513076908299,Pittsburgh Penguins,Ottawa Senators,19.0,31.3,82.0,38.0,32.0,12.0,88.0,0.537,253.0,248.0,2.0,3.0,0.05,0.0,3.09,3.02,40.0,262.0,15.27,47.0,243.0,80.66,5.0,12.0,7.4,7.9,2685.0,9.4,2479.0,0.9,8.0,0,26.0,27.0,82.0,37.0,41.0,4.0,78.0,0.476,250.0,281.0,5.0,0.0,-0.28,0.04,3.05,3.43,51.0,283.0,18.02,61.0,245.0,75.1,7.0,6.0,10.4,11.1,2602.0,9.6,2432.0,0.884,2.0,1,0,0,0,0,0,1,0,0,18387,9.819399172153842,0.9812911296024365,1,0
17435.0,9.766234959109752,San Jose Sharks,Minnesota Wild,32.0,27.7,82.0,19.0,54.0,9.0,47.0,0.287,180.0,326.0,1.0,5.0,-1.78,0.05,2.2,3.98,42.0,208.0,20.19,62.0,252.0,75.4,3.0,8.0,9.5,8.2,2069.0,8.7,2881.0,0.887,2.0,0,20.0,29.3,82.0,39.0,34.0,9.0,87.0,0.53,248.0,260.0,3.0,3.0,-0.14,0.01,3.02,3.17,62.0,273.0,22.71,67.0,263.0,74.52,3.0,11.0,11.4,11.3,2471.0,10.0,2437.0,0.893,6.0,0,0,0,0,0,0,1,0,0,17435,9.766234959109752,1.0,0,1
17591.0,9.775142686598905,St. Louis Blues,Columbus Blue Jackets,16.0,29.0,82.0,43.0,33.0,6.0,92.0,0.561,234.0,248.0,5.0,2.0,-0.14,-0.01,2.85,3.02,45.0,250.0,18.0,46.0,215.0,78.6,11.0,7.0,7.4,8.6,2370.0,9.9,2636.0,0.906,4.0,0,29.0,26.8,82.0,27.0,43.0,12.0,66.0,0.402,234.0,298.0,3.0,2.0,-0.72,0.05,2.85,3.63,32.0,212.0,15.09,56.0,236.0,76.27,5.0,6.0,8.2,7.6,2458.0,9.5,2822.0,0.894,1.0,0,0,0,0,0,0,1,0,0,18400,9.820105943597078,0.9560326086956522,0,0
19104.0,9.857653016192328,Toronto Maple Leafs,Vancouver Canucks,10.0,28.9,82.0,46.0,26.0,10.0,102.0,0.622,298.0,261.0,5.0,2.0,0.5,0.01,3.63,3.18,57.0,238.0,23.95,55.0,238.0,76.89,6.0,9.0,9.9,10.2,2671.0,11.2,2446.0,0.893,5.0,1,7.0,28.6,82.0,50.0,23.0,9.0,109.0,0.665,279.0,221.0,0.0,2.0,0.64,-0.04,3.4,2.7,58.0,257.0,22.57,53.0,254.0,79.13,7.0,7.0,9.6,9.7,2328.0,12.0,2343.0,0.906,7.0,1,0,0,0,0,0,1,0,0,18819,9.842622276764853,1.0151442690897496,1,1
18144.0,9.806095206527479,Vegas Golden Knights,New York Rangers,14.0,29.0,82.0,45.0,29.0,8.0,98.0,0.598,263.0,243.0,4.0,2.0,0.22,-0.05,3.21,2.96,51.0,252.0,20.24,44.0,213.0,79.34,9.0,8.0,7.4,8.5,2548.0,10.3,2487.0,0.902,3.0,0,1.0,29.1,82.0,55.0,23.0,4.0,114.0,0.695,278.0,226.0,4.0,3.0,0.61,-0.03,3.39,2.76,65.0,246.0,26.42,36.0,232.0,84.48,8.0,6.0,9.4,10.4,2582.0,10.8,2418.0,0.907,6.0,0,0,0,0,0,0,1,0,0,17500,9.769956159911606,1.0368,0,1
14782.0,9.601165503344832,Winnipeg Jets,Colorado Avalanche,4.0,29.4,82.0,52.0,24.0,6.0,110.0,0.671,259.0,198.0,0.0,1.0,0.69,-0.04,3.16,2.41,45.0,240.0,18.75,51.0,223.0,77.13,3.0,5.0,8.2,8.9,2488.0,10.4,2429.0,0.918,8.0,1,8.0,28.8,82.0,50.0,25.0,7.0,107.0,0.652,302.0,252.0,2.0,2.0,0.57,-0.05,3.68,3.07,68.0,278.0,24.46,53.0,264.0,79.92,7.0,6.0,8.9,9.7,2705.0,11.2,2444.0,0.897,4.0,0,0,0,0,0,0,1,0,1,15225,9.630694092578098,0.9709031198686371,0,1
18897.0,9.846758458290038,Carolina Hurricanes,Anaheim Ducks,3.0,29.4,82.0,52.0,23.0,7.0,111.0,0.677,277.0,211.0,2.0,5.0,0.73,-0.04,3.38,2.57,67.0,249.0,26.91,35.0,258.0,86.43,11.0,8.0,8.5,8.0,2733.0,10.1,2101.0,0.9,8.0,0,30.0,27.7,82.0,27.0,50.0,5.0,59.0,0.36,203.0,293.0,1.0,2.0,-1.09,0.02,2.48,3.57,43.0,235.0,18.3,91.0,330.0,72.42,12.0,5.0,13.5,10.9,2194.0,9.3,2666.0,0.89,1.0,0,0,0,0,0,0,0,1,0,18680,9.835208711782833,1.0116167023554603,0,0
19515.0,9.878938679614715,Detroit Red Wings,Seattle Kraken,18.0,29.3,82.0,41.0,32.0,9.0,91.0,0.555,275.0,273.0,3.0,1.0,0.06,0.02,3.35,3.33,63.0,273.0,23.08,49.0,240.0,79.58,7.0,10.0,8.7,9.9,2375.0,11.6,2657.0,0.897,4.0,0,24.0,29.4,82.0,34.0,35.0,13.0,81.0,0.494,214.0,232.0,3.0,4.0,-0.26,-0.03,2.61,2.83,50.0,242.0,20.66,47.0,222.0,78.83,6.0,9.0,8.0,8.1,2347.0,9.1,2391.0,0.903,5.0,0,0,0,0,0,0,0,1,0,20000,9.903487552536127,0.97575,0,0
17653.0,9.778661019589283,Ottawa Senators,Dallas Stars,26.0,27.0,82.0,37.0,41.0,4.0,78.0,0.476,250.0,281.0,5.0,0.0,-0.28,0.04,3.05,3.43,51.0,283.0,18.02,61.0,245.0,75.1,7.0,6.0,10.4,11.1,2602.0,9.6,2432.0,0.884,2.0,1,2.0,29.3,82.0,52.0,21.0,9.0,113.0,0.689,294.0,232.0,4.0,2.0,0.74,-0.04,3.59,2.83,58.0,240.0,24.17,43.0,239.0,82.01,12.0,4.0,6.8,7.5,2588.0,11.4,2350.0,0.901,4.0,0,0,0,0,0,0,0,1,0,18652,9.833708657928211,0.94644006004718,0,0
17352.0,9.761463052506711,Pittsburgh Penguins,Tampa Bay Lightning,19.0,31.3,82.0,38.0,32.0,12.0,88.0,0.537,253.0,248.0,2.0,3.0,0.05,0.0,3.09,3.02,40.0,262.0,15.27,47.0,243.0,80.66,5.0,12.0,7.4,7.9,2685.0,9.4,2479.0,0.9,8.0,0,13.0,29.1,82.0,45.0,29.0,8.0,98.0,0.598,288.0,267.0,3.0,1.0,0.28,0.0,3.51,3.26,71.0,248.0,28.63,39.0,234.0,83.33,5.0,6.0,11.0,11.0,2401.0,12.0,2430.0,0.89,4.0,0,0,0,0,0,0,0,1,0,18387,9.819399172153842,0.9437102300538424,1,1
17921.0,9.793728488543389,Vegas Golden Knights,Minnesota Wild,14.0,29.0,82.0,45.0,29.0,8.0,98.0,0.598,263.0,243.0,4.0,2.0,0.22,-0.05,3.21,2.96,51.0,252.0,20.24,44.0,213.0,79.34,9.0,8.0,7.4,8.5,2548.0,10.3,2487.0,0.902,3.0,0,20.0,29.3,82.0,39.0,34.0,9.0,87.0,0.53,248.0,260.0,3.0,3.0,-0.14,0.01,3.02,3.17,62.0,273.0,22.71,67.0,263.0,74.52,3.0,11.0,11.4,11.3,2471.0,10.0,2437.0,0.893,6.0,0,0,0,0,0,0,0,1,0,17500,9.769956159911606,1.0240571428571428,0,1
15966.0,9.678216740205745,Chicago Blackhawks,Calgary Flames,31.0,27.4,82.0,23.0,53.0,6.0,52.0,0.317,178.0,289.0,1.0,1.0,-1.29,0.06,2.17,3.52,39.0,235.0,16.6,56.0,231.0,75.76,3.0,8.0,8.7,9.3,2153.0,8.3,2681.0,0.892,1.0,0,25.0,29.2,82.0,38.0,39.0,5.0,81.0,0.494,253.0,267.0,0.0,4.0,-0.2,0.02,3.09,3.26,45.0,252.0,17.86,47.0,245.0,80.82,11.0,11.0,9.4,9.2,2572.0,9.8,2438.0,0.89,2.0,1,1,0,0,0,0,0,0,0,20243,9.915564333761576,0.788717087388233,0,0
18347.0,9.81722135237872,Edmonton Oilers,Los Angeles Kings,9.0,29.4,82.0,49.0,27.0,6.0,104.0,0.634,292.0,236.0,2.0,1.0,0.65,-0.04,3.56,2.88,64.0,243.0,26.34,53.0,258.0,79.46,7.0,5.0,9.5,8.5,2768.0,10.5,2307.0,0.898,4.0,1,12.0,29.5,82.0,44.0,27.0,11.0,99.0,0.604,254.0,210.0,2.0,5.0,0.45,-0.05,3.1,2.56,56.0,248.0,22.58,39.0,253.0,84.58,11.0,7.0,8.7,9.5,2616.0,9.7,2296.0,0.909,7.0,0,1,0,0,0,0,0,0,1,18347,9.81722135237872,1.0,1,0
19293.0,9.867497614802973,Philadelphia Flyers,Florida Panthers,21.0,27.1,82.0,38.0,33.0,11.0,87.0,0.53,231.0,258.0,4.0,3.0,-0.29,0.03,2.82,3.15,31.0,254.0,12.2,40.0,241.0,83.4,16.0,4.0,10.1,9.7,2708.0,8.5,2225.0,0.884,5.0,0,5.0,29.5,82.0,52.0,24.0,6.0,110.0,0.671,265.0,198.0,3.0,2.0,0.81,-0.02,3.23,2.41,63.0,268.0,23.51,51.0,291.0,82.47,8.0,9.0,13.6,13.5,2764.0,9.6,2279.0,0.913,8.0,0,1,0,0,0,0,0,0,0,19537,9.880065382591635,0.9875108767978708,0,1
17850.0,9.789758787207784,Boston Bruins,Tampa Bay Lightning,6.0,28.6,82.0,47.0,20.0,15.0,109.0,0.665,263.0,221.0,4.0,3.0,0.53,0.01,3.21,2.7,54.0,243.0,22.22,47.0,268.0,82.46,7.0,6.0,9.5,8.8,2399.0,11.0,2504.0,0.912,5.0,0,13.0,29.1,82.0,45.0,29.0,8.0,98.0,0.598,288.0,267.0,3.0,1.0,0.28,0.0,3.51,3.26,71.0,248.0,28.63,39.0,234.0,83.33,5.0,6.0,11.0,11.0,2401.0,12.0,2430.0,0.89,4.0,0,0,1,0,0,0,0,0,1,17565,9.773663564699927,1.0162254483347566,1,1
15018.0,9.61700476065983,Columbus Blue Jackets,Philadelphia Flyers,29.0,26.8,82.0,27.0,43.0,12.0,66.0,0.402,234.0,298.0,3.0,2.0,-0.72,0.05,2.85,3.63,32.0,212.0,15.09,56.0,236.0,76.27,5.0,6.0,8.2,7.6,2458.0,9.5,2822.0,0.894,1.0,0,21.0,27.1,82.0,38.0,33.0,11.0,87.0,0.53,231.0,258.0,4.0,3.0,-0.29,0.03,2.82,3.15,31.0,254.0,12.2,40.0,241.0,83.4,16.0,4.0,10.1,9.7,2708.0,8.5,2225.0,0.884,5.0,0,0,1,0,0,0,0,0,1,20556,9.93090814811212,0.7305896088733217,0,0
18037.0,9.8001804826702,Colorado Avalanche,New York Rangers,8.0,28.8,82.0,50.0,25.0,7.0,107.0,0.652,302.0,252.0,2.0,2.0,0.57,-0.05,3.68,3.07,68.0,278.0,24.46,53.0,264.0,79.92,7.0,6.0,8.9,9.7,2705.0,11.2,2444.0,0.897,4.0,0,1.0,29.1,82.0,55.0,23.0,4.0,114.0,0.695,278.0,226.0,4.0,3.0,0.61,-0.03,3.39,2.76,65.0,246.0,26.42,36.0,232.0,84.48,8.0,6.0,9.4,10.4,2582.0,10.8,2418.0,0.907,6.0,0,0,1,0,0,0,0,0,0,18007,9.798515850169505,1.0016660187704782,1,1
19515.0,9.878938679614715,Detroit Red Wings,San Jose Sharks,18.0,29.3,82.0,41.0,32.0,9.0,91.0,0.555,275.0,273.0,3.0,1.0,0.06,0.02,3.35,3.33,63.0,273.0,23.08,49.0,240.0,79.58,7.0,10.0,8.7,9.9,2375.0,11.6,2657.0,0.897,4.0,0,32.0,27.7,82.0,19.0,54.0,9.0,47.0,0.287,180.0,326.0,1.0,5.0,-1.78,0.05,2.2,3.98,42.0,208.0,20.19,62.0,252.0,75.4,3.0,8.0,9.5,8.2,2069.0,8.7,2881.0,0.887,2.0,0,0,1,0,0,0,0,0,0,20000,9.903487552536127,0.97575,0,0
16514.0,9.711963784977375,New Jersey Devils,Florida Panthers,23.0,26.8,82.0,38.0,39.0,5.0,81.0,0.494,264.0,281.0,0.0,2.0,-0.22,0.01,3.22,3.43,55.0,245.0,22.45,47.0,243.0,80.66,3.0,9.0,9.1,9.6,2516.0,10.5,2458.0,0.886,1.0,0,5.0,29.5,82.0,52.0,24.0,6.0,110.0,0.671,265.0,198.0,3.0,2.0,0.81,-0.02,3.23,2.41,63.0,268.0,23.51,51.0,291.0,82.47,8.0,9.0,13.6,13.5,2764.0,9.6,2279.0,0.913,8.0,0,0,1,0,0,0,0,0,0,16535,9.713234625415893,0.998729966737224,0,1
17159.0,9.750278096285621,Nashville Predators,Vegas Golden Knights,11.0,29.5,82.0,47.0,30.0,5.0,99.0,0.604,266.0,248.0,3.0,0.0,0.23,-0.02,3.24,3.02,58.0,269.0,21.56,57.0,247.0,76.92,7.0,5.0,9.7,9.5,2642.0,10.1,2507.0,0.901,4.0,0,14.0,29.0,82.0,45.0,29.0,8.0,98.0,0.598,263.0,243.0,4.0,2.0,0.22,-0.05,3.21,2.96,51.0,252.0,20.24,44.0,213.0,79.34,9.0,8.0,7.4,8.5,2548.0,10.3,2487.0,0.902,3.0,0,0,1,0,0,0,0,0,0,17113,9.747593687577451,1.0026880149593875,1,0
15101.0,9.62251624577579,New York Islanders,Ottawa Senators,15.0,29.6,82.0,39.0,27.0,16.0,94.0,0.573,245.0,258.0,1.0,5.0,-0.18,0.03,2.99,3.15,47.0,231.0,20.35,63.0,221.0,71.49,10.0,3.0,7.1,7.4,2470.0,9.9,2686.0,0.904,5.0,0,26.0,27.0,82.0,37.0,41.0,4.0,78.0,0.476,250.0,281.0,5.0,0.0,-0.28,0.04,3.05,3.43,51.0,283.0,18.02,61.0,245.0,75.1,7.0,6.0,10.4,11.1,2602.0,9.6,2432.0,0.884,2.0,1,0,1,0,0,0,0,0,0,17113,9.747593687577451,0.8824285630806988,0,0
16314.0,9.699778913860525,Pittsburgh Penguins,Seattle Kraken,19.0,31.3,82.0,38.0,32.0,12.0,88.0,0.537,253.0,248.0,2.0,3.0,0.05,0.0,3.09,3.02,40.0,262.0,15.27,47.0,243.0,80.66,5.0,12.0,7.4,7.9,2685.0,9.4,2479.0,0.9,8.0,0,24.0,29.4,82.0,34.0,35.0,13.0,81.0,0.494,214.0,232.0,3.0,4.0,-0.26,-0.03,2.61,2.83,50.0,242.0,20.66,47.0,222.0,78.83,6.0,9.0,8.0,8.1,2347.0,9.1,2391.0,0.903,5.0,0,0,1,0,0,0,0,0,0,18387,9.819399172153842,0.8872573013542177,1,0
16992.0,9.740497924041666,St. Louis Blues,Calgary Flames,16.0,29.0,82.0,43.0,33.0,6.0,92.0,0.561,234.0,248.0,5.0,2.0,-0.14,-0.01,2.85,3.02,45.0,250.0,18.0,46.0,215.0,78.6,11.0,7.0,7.4,8.6,2370.0,9.9,2636.0,0.906,4.0,0,25.0,29.2,82.0,38.0,39.0,5.0,81.0,0.494,253.0,267.0,0.0,4.0,-0.2,0.02,3.09,3.26,45.0,252.0,17.86,47.0,245.0,80.82,11.0,11.0,9.4,9.2,2572.0,9.8,2438.0,0.89,2.0,1,0,1,0,0,0,0,0,0,18400,9.820105943597078,0.9234782608695652,0,0
18535.0,9.827416115584832,Toronto Maple Leafs,Dallas Stars,10.0,28.9,82.0,46.0,26.0,10.0,102.0,0.622,298.0,261.0,5.0,2.0,0.5,0.01,3.63,3.18,57.0,238.0,23.95,55.0,238.0,76.89,6.0,9.0,9.9,10.2,2671.0,11.2,2446.0,0.893,5.0,1,2.0,29.3,82.0,52.0,21.0,9.0,113.0,0.689,294.0,232.0,4.0,2.0,0.74,-0.04,3.59,2.83,58.0,240.0,24.17,43.0,239.0,82.01,12.0,4.0,6.8,7.5,2588.0,11.4,2350.0,0.901,4.0,0,0,1,0,0,0,0,0,0,18819,9.842622276764853,0.98490886869653,1,0
14050.0,9.550377674761892,Winnipeg Jets,Vancouver Canucks,4.0,29.4,82.0,52.0,24.0,6.0,110.0,0.671,259.0,198.0,0.0,1.0,0.69,-0.04,3.16,2.41,45.0,240.0,18.75,51.0,223.0,77.13,3.0,5.0,8.2,8.9,2488.0,10.4,2429.0,0.918,8.0,1,7.0,28.6,82.0,50.0,23.0,9.0,109.0,0.665,279.0,221.0,0.0,2.0,0.64,-0.04,3.4,2.7,58.0,257.0,22.57,53.0,254.0,79.13,7.0,7.0,9.6,9.7,2328.0,12.0,2343.0,0.906,7.0,1,0,1,0,0,0,0,0,0,15225,9.630694092578098,0.922824302134647,0,1
18573.0,9.829464192187341,Washington Capitals,Anaheim Ducks,17.0,30.0,82.0,40.0,31.0,11.0,91.0,0.555,216.0,252.0,4.0,5.0,-0.41,0.04,2.63,3.07,47.0,228.0,20.61,49.0,233.0,78.97,3.0,5.0,7.7,7.4,2172.0,9.9,2503.0,0.899,7.0,0,30.0,27.7,82.0,27.0,50.0,5.0,59.0,0.36,203.0,293.0,1.0,2.0,-1.09,0.02,2.48,3.57,43.0,235.0,18.3,91.0,330.0,72.42,12.0,5.0,13.5,10.9,2194.0,9.3,2666.0,0.89,1.0,0,0,1,0,0,0,0,0,0,18506,9.825850282808975,1.0036204474224575,0,0
13449.0,9.506660032823548,Buffalo Sabres,Carolina Hurricanes,22.0,25.7,82.0,39.0,37.0,6.0,84.0,0.512,244.0,243.0,2.0,1.0,0.03,0.01,2.98,2.96,37.0,223.0,16.59,49.0,243.0,79.84,7.0,10.0,9.8,9.2,2534.0,9.6,2402.0,0.899,5.0,0,3.0,29.4,82.0,52.0,23.0,7.0,111.0,0.677,277.0,211.0,2.0,5.0,0.73,-0.04,3.38,2.57,67.0,249.0,26.91,35.0,258.0,86.43,11.0,8.0,8.5,8.0,2733.0,10.1,2101.0,0.9,8.0,0,0,0,1,0,0,0,0,0,19029,9.853719410302007,0.7067633611855589,0,0
18212.0,9.809835996454673,Minnesota Wild,Edmonton Oilers,20.0,29.3,82.0,39.0,34.0,9.0,87.0,0.53,248.0,260.0,3.0,3.0,-0.14,0.01,3.02,3.17,62.0,273.0,22.71,67.0,263.0,74.52,3.0,11.0,11.4,11.3,2471.0,10.0,2437.0,0.893,6.0,0,9.0,29.4,82.0,49.0,27.0,6.0,104.0,0.634,292.0,236.0,2.0,1.0,0.65,-0.04,3.56,2.88,64.0,243.0,26.34,53.0,258.0,79.46,7.0,5.0,9.5,8.5,2768.0,10.5,2307.0,0.898,4.0,1,0,0,1,0,0,0,0,0,17954,9.795568210316635,1.0143700568118525,1,1
15943.0,9.676775140407365,Columbus Blue Jackets,San Jose Sharks,29.0,26.8,82.0,27.0,43.0,12.0,66.0,0.402,234.0,298.0,3.0,2.0,-0.72,0.05,2.85,3.63,32.0,212.0,15.09,56.0,236.0,76.27,5.0,6.0,8.2,7.6,2458.0,9.5,2822.0,0.894,1.0,0,32.0,27.7,82.0,19.0,54.0,9.0,47.0,0.287,180.0,326.0,1.0,5.0,-1.78,0.05,2.2,3.98,42.0,208.0,20.19,62.0,252.0,75.4,3.0,8.0,9.5,8.2,2069.0,8.7,2881.0,0.887,2.0,0,0,0,0,1,0,0,0,0,20556,9.93090814811212,0.7755886359213855,0,0
18054.0,9.8011225458581,Colorado Avalanche,Edmonton Oilers,8.0,28.8,82.0,50.0,25.0,7.0,107.0,0.652,302.0,252.0,2.0,2.0,0.57,-0.05,3.68,3.07,68.0,278.0,24.46,53.0,264.0,79.92,7.0,6.0,8.9,9.7,2705.0,11.2,2444.0,0.897,4.0,0,9.0,29.4,82.0,49.0,27.0,6.0,104.0,0.634,292.0,236.0,2.0,1.0,0.65,-0.04,3.56,2.88,64.0,243.0,26.34,53.0,258.0,79.46,7.0,5.0,9.5,8.5,2768.0,10.5,2307.0,0.898,4.0,1,0,0,0,1,0,0,0,0,18007,9.798515850169505,1.0026100960737492,1,1
18532.0,9.827254246536539,Dallas Stars,Montreal Canadiens,2.0,29.3,82.0,52.0,21.0,9.0,113.0,0.689,294.0,232.0,4.0,2.0,0.74,-0.04,3.59,2.83,58.0,240.0,24.17,43.0,239.0,82.01,12.0,4.0,6.8,7.5,2588.0,11.4,2350.0,0.901,4.0,0,28.0,26.7,82.0,30.0,36.0,16.0,76.0,0.463,232.0,281.0,4.0,8.0,-0.59,0.05,2.83,3.43,44.0,252.0,17.46,65.0,277.0,76.53,7.0,12.0,10.2,10.0,2269.0,10.2,2738.0,0.897,2.0,1,0,0,0,1,0,0,0,0,18408,9.820540631715202,1.0067362016514558,0,0
19486.0,9.877451537985287,Florida Panthers,Detroit Red Wings,5.0,29.5,82.0,52.0,24.0,6.0,110.0,0.671,265.0,198.0,3.0,2.0,0.81,-0.02,3.23,2.41,63.0,268.0,23.51,51.0,291.0,82.47,8.0,9.0,13.6,13.5,2764.0,9.6,2279.0,0.913,8.0,0,18.0,29.3,82.0,41.0,32.0,9.0,91.0,0.555,275.0,273.0,3.0,1.0,0.06,0.02,3.35,3.33,63.0,273.0,23.08,49.0,240.0,79.58,7.0,10.0,8.7,9.9,2375.0,11.6,2657.0,0.897,4.0,0,0,0,0,1,0,0,0,1,19109,9.857914707241372,1.0197289235438798,1,0
17159.0,9.750278096285621,Nashville Predators,Chicago Blackhawks,11.0,29.5,82.0,47.0,30.0,5.0,99.0,0.604,266.0,248.0,3.0,0.0,0.23,-0.02,3.24,3.02,58.0,269.0,21.56,57.0,247.0,76.92,7.0,5.0,9.7,9.5,2642.0,10.1,2507.0,0.901,4.0,0,31.0,27.4,82.0,23.0,53.0,6.0,52.0,0.317,178.0,289.0,1.0,1.0,-1.29,0.06,2.17,3.52,39.0,235.0,16.6,56.0,231.0,75.76,3.0,8.0,8.7,9.3,2153.0,8.3,2681.0,0.892,1.0,0,0,0,0,1,0,0,0,1,17113,9.747593687577451,1.0026880149593875,1,0
15761.0,9.665293813175541,New York Islanders,Philadelphia Flyers,15.0,29.6,82.0,39.0,27.0,16.0,94.0,0.573,245.0,258.0,1.0,5.0,-0.18,0.03,2.99,3.15,47.0,231.0,20.35,63.0,221.0,71.49,10.0,3.0,7.1,7.4,2470.0,9.9,2686.0,0.904,5.0,0,21.0,27.1,82.0,38.0,33.0,11.0,87.0,0.53,231.0,258.0,4.0,3.0,-0.29,0.03,2.82,3.15,31.0,254.0,12.2,40.0,241.0,83.4,16.0,4.0,10.1,9.7,2708.0,8.5,2225.0,0.884,5.0,0,0,0,0,1,0,0,0,1,17113,9.747593687577451,0.9209957342371297,0,0
17242.0,9.75510354676987,Ottawa Senators,Washington Capitals,26.0,27.0,82.0,37.0,41.0,4.0,78.0,0.476,250.0,281.0,5.0,0.0,-0.28,0.04,3.05,3.43,51.0,283.0,18.02,61.0,245.0,75.1,7.0,6.0,10.4,11.1,2602.0,9.6,2432.0,0.884,2.0,1,17.0,30.0,82.0,40.0,31.0,11.0,91.0,0.555,216.0,252.0,4.0,5.0,-0.41,0.04,2.63,3.07,47.0,228.0,20.61,49.0,233.0,78.97,3.0,5.0,7.7,7.4,2172.0,9.9,2503.0,0.899,7.0,0,0,0,0,1,0,0,0,0,18652,9.833708657928211,0.9244048895560798,0,0
17456.0,9.767438708072852,St. Louis Blues,Calgary Flames,16.0,29.0,82.0,43.0,33.0,6.0,92.0,0.561,234.0,248.0,5.0,2.0,-0.14,-0.01,2.85,3.02,45.0,250.0,18.0,46.0,215.0,78.6,11.0,7.0,7.4,8.6,2370.0,9.9,2636.0,0.906,4.0,0,25.0,29.2,82.0,38.0,39.0,5.0,81.0,0.494,253.0,267.0,0.0,4.0,-0.2,0.02,3.09,3.26,45.0,252.0,17.86,47.0,245.0,80.82,11.0,11.0,9.4,9.2,2572.0,9.8,2438.0,0.89,2.0,1,0,0,0,1,0,0,0,0,18400,9.820105943597078,0.948695652173913,0,0
19092.0,9.857024678125788,Tampa Bay Lightning,Anaheim Ducks,13.0,29.1,82.0,45.0,29.0,8.0,98.0,0.598,288.0,267.0,3.0,1.0,0.28,0.0,3.51,3.26,71.0,248.0,28.63,39.0,234.0,83.33,5.0,6.0,11.0,11.0,2401.0,12.0,2430.0,0.89,4.0,0,30.0,27.7,82.0,27.0,50.0,5.0,59.0,0.36,203.0,293.0,1.0,2.0,-1.09,0.02,2.48,3.57,43.0,235.0,18.3,91.0,330.0,72.42,12.0,5.0,13.5,10.9,2194.0,9.3,2666.0,0.89,1.0,0,0,0,0,1,0,0,0,0,19204,9.862873869650832,0.9941678816913143,1,0
18577.0,9.829679535391405,Toronto Maple Leafs,New Jersey Devils,10.0,28.9,82.0,46.0,26.0,10.0,102.0,0.622,298.0,261.0,5.0,2.0,0.5,0.01,3.63,3.18,57.0,238.0,23.95,55.0,238.0,76.89,6.0,9.0,9.9,10.2,2671.0,11.2,2446.0,0.893,5.0,1,23.0,26.8,82.0,38.0,39.0,5.0,81.0,0.494,264.0,281.0,0.0,2.0,-0.22,0.01,3.22,3.43,55.0,245.0,22.45,47.0,243.0,80.66,3.0,9.0,9.1,9.6,2516.0,10.5,2458.0,0.886,1.0,0,0,0,0,1,0,0,0,0,18819,9.842622276764853,0.9871406557202826,1,0
18913.0,9.847604795288454,Vancouver Canucks,Los Angeles Kings,7.0,28.6,82.0,50.0,23.0,9.0,109.0,0.665,279.0,221.0,0.0,2.0,0.64,-0.04,3.4,2.7,58.0,257.0,22.57,53.0,254.0,79.13,7.0,7.0,9.6,9.7,2328.0,12.0,2343.0,0.906,7.0,1,12.0,29.5,82.0,44.0,27.0,11.0,99.0,0.604,254.0,210.0,2.0,5.0,0.45,-0.05,3.1,2.56,56.0,248.0,22.58,39.0,253.0,84.58,11.0,7.0,8.7,9.5,2616.0,9.7,2296.0,0.909,7.0,0,0,0,0,1,0,0,0,1,18910,9.847446161652503,1.0001586462189318,1,0
13959.0,9.543879740512757,Winnipeg Jets,Seattle Kraken,4.0,29.4,82.0,52.0,24.0,6.0,110.0,0.671,259.0,198.0,0.0,1.0,0.69,-0.04,3.16,2.41,45.0,240.0,18.75,51.0,223.0,77.13,3.0,5.0,8.2,8.9,2488.0,10.4,2429.0,0.918,8.0,1,24.0,29.4,82.0,34.0,35.0,13.0,81.0,0.494,214.0,232.0,3.0,4.0,-0.26,-0.03,2.61,2.83,50.0,242.0,20.66,47.0,222.0,78.83,6.0,9.0,8.0,8.1,2347.0,9.1,2391.0,0.903,5.0,0,0,0,0,1,0,0,0,0,15225,9.630694092578098,0.916847290640394,0,0
19070.0,9.855871698594465,Buffalo Sabres,Pittsburgh Penguins,22.0,25.7,82.0,39.0,37.0,6.0,84.0,0.512,244.0,243.0,2.0,1.0,0.03,0.01,2.98,2.96,37.0,223.0,16.59,49.0,243.0,79.84,7.0,10.0,9.8,9.2,2534.0,9.6,2402.0,0.899,5.0,0,19.0,31.3,82.0,38.0,32.0,12.0,88.0,0.537,253.0,248.0,2.0,3.0,0.05,0.0,3.09,3.02,40.0,262.0,15.27,47.0,243.0,80.66,5.0,12.0,7.4,7.9,2685.0,9.4,2479.0,0.9,8.0,0,0,0,0,0,1,0,0,0,19029,9.853719410302007,1.0021546061274895,0,1
18825.0,9.842941052668094,Carolina Hurricanes,Vegas Golden Knights,3.0,29.4,82.0,52.0,23.0,7.0,111.0,0.677,277.0,211.0,2.0,5.0,0.73,-0.04,3.38,2.57,67.0,249.0,26.91,35.0,258.0,86.43,11.0,8.0,8.5,8.0,2733.0,10.1,2101.0,0.9,8.0,0,14.0,29.0,82.0,45.0,29.0,8.0,98.0,0.598,263.0,243.0,4.0,2.0,0.22,-0.05,3.21,2.96,51.0,252.0,20.24,44.0,213.0,79.34,9.0,8.0,7.4,8.5,2548.0,10.3,2487.0,0.902,3.0,0,0,0,0,0,1,0,0,0,18680,9.835208711782833,1.0077623126338329,0,0
19340.0,9.869930769007285,Chicago Blackhawks,Vegas Golden Knights,31.0,27.4,82.0,23.0,53.0,6.0,52.0,0.317,178.0,289.0,1.0,1.0,-1.29,0.06,2.17,3.52,39.0,235.0,16.6,56.0,231.0,75.76,3.0,8.0,8.7,9.3,2153.0,8.3,2681.0,0.892,1.0,0,14.0,29.0,82.0,45.0,29.0,8.0,98.0,0.598,263.0,243.0,4.0,2.0,0.22,-0.05,3.21,2.96,51.0,252.0,20.24,44.0,213.0,79.34,9.0,8.0,7.4,8.5,2548.0,10.3,2487.0,0.902,3.0,0,0,0,0,0,0,1,0,0,20243,9.915564333761576,0.9553919873536532,0,0
18055.0,9.801177933711559,Colorado Avalanche,Dallas Stars,8.0,28.8,82.0,50.0,25.0,7.0,107.0,0.652,302.0,252.0,2.0,2.0,0.57,-0.05,3.68,3.07,68.0,278.0,24.46,53.0,264.0,79.92,7.0,6.0,8.9,9.7,2705.0,11.2,2444.0,0.897,4.0,0,2.0,29.3,82.0,52.0,21.0,9.0,113.0,0.689,294.0,232.0,4.0,2.0,0.74,-0.04,3.59,2.83,58.0,240.0,24.17,43.0,239.0,82.01,12.0,4.0,6.8,7.5,2588.0,11.4,2350.0,0.901,4.0,0,0,0,0,0,0,1,0,1,18007,9.798515850169505,1.002665630032765,1,0
19395.0,9.872770579874068,Florida Panthers,Anaheim Ducks,5.0,29.5,82.0,52.0,24.0,6.0,110.0,0.671,265.0,198.0,3.0,2.0,0.81,-0.02,3.23,2.41,63.0,268.0,23.51,51.0,291.0,82.47,8.0,9.0,13.6,13.5,2764.0,9.6,2279.0,0.913,8.0,0,30.0,27.7,82.0,27.0,50.0,5.0,59.0,0.36,203.0,293.0,1.0,2.0,-1.09,0.02,2.48,3.57,43.0,235.0,18.3,91.0,330.0,72.42,12.0,5.0,13.5,10.9,2194.0,9.3,2666.0,0.89,1.0,0,0,0,0,0,0,1,0,0,19109,9.857914707241372,1.0149667695850122,1,0
21105.0,9.9572652582166,Montreal Canadiens,Toronto Maple Leafs,28.0,26.7,82.0,30.0,36.0,16.0,76.0,0.463,232.0,281.0,4.0,8.0,-0.59,0.05,2.83,3.43,44.0,252.0,17.46,65.0,277.0,76.53,7.0,12.0,10.2,10.0,2269.0,10.2,2738.0,0.897,2.0,1,10.0,28.9,82.0,46.0,26.0,10.0,102.0,0.622,298.0,261.0,5.0,2.0,0.5,0.01,3.63,3.18,57.0,238.0,23.95,55.0,238.0,76.89,6.0,9.0,9.9,10.2,2671.0,11.2,2446.0,0.893,5.0,1,0,0,0,0,0,1,0,1,21105,9.9572652582166,1.0,0,1
16514.0,9.711963784977375,New Jersey Devils,Philadelphia Flyers,23.0,26.8,82.0,38.0,39.0,5.0,81.0,0.494,264.0,281.0,0.0,2.0,-0.22,0.01,3.22,3.43,55.0,245.0,22.45,47.0,243.0,80.66,3.0,9.0,9.1,9.6,2516.0,10.5,2458.0,0.886,1.0,0,21.0,27.1,82.0,38.0,33.0,11.0,87.0,0.53,231.0,258.0,4.0,3.0,-0.29,0.03,2.82,3.15,31.0,254.0,12.2,40.0,241.0,83.4,16.0,4.0,10.1,9.7,2708.0,8.5,2225.0,0.884,5.0,0,0,0,0,0,0,1,0,1,16535,9.713234625415893,0.998729966737224,0,0
17615.0,9.776506090775339,Nashville Predators,Minnesota Wild,11.0,29.5,82.0,47.0,30.0,5.0,99.0,0.604,266.0,248.0,3.0,0.0,0.23,-0.02,3.24,3.02,58.0,269.0,21.56,57.0,247.0,76.92,7.0,5.0,9.7,9.5,2642.0,10.1,2507.0,0.901,4.0,0,20.0,29.3,82.0,39.0,34.0,9.0,87.0,0.53,248.0,260.0,3.0,3.0,-0.14,0.01,3.02,3.17,62.0,273.0,22.71,67.0,263.0,74.52,3.0,11.0,11.4,11.3,2471.0,10.0,2437.0,0.893,6.0,0,0,0,0,0,0,1,0,1,17113,9.747593687577451,1.0293344241220126,1,1
17255.0,9.755857235532103,New York Islanders,San Jose Sharks,15.0,29.6,82.0,39.0,27.0,16.0,94.0,0.573,245.0,258.0,1.0,5.0,-0.18,0.03,2.99,3.15,47.0,231.0,20.35,63.0,221.0,71.49,10.0,3.0,7.1,7.4,2470.0,9.9,2686.0,0.904,5.0,0,32.0,27.7,82.0,19.0,54.0,9.0,47.0,0.287,180.0,326.0,1.0,5.0,-1.78,0.05,2.2,3.98,42.0,208.0,20.19,62.0,252.0,75.4,3.0,8.0,9.5,8.2,2069.0,8.7,2881.0,0.887,2.0,0,0,0,0,0,0,1,0,0,17113,9.747593687577451,1.008297785309414,0,0
18006.0,9.798460314668421,New York Rangers,Columbus Blue Jackets,1.0,29.1,82.0,55.0,23.0,4.0,114.0,0.695,278.0,226.0,4.0,3.0,0.61,-0.03,3.39,2.76,65.0,246.0,26.42,36.0,232.0,84.48,8.0,6.0,9.4,10.4,2582.0,10.8,2418.0,0.907,6.0,0,29.0,26.8,82.0,27.0,43.0,12.0,66.0,0.402,234.0,298.0,3.0,2.0,-0.72,0.05,2.85,3.63,32.0,212.0,15.09,56.0,236.0,76.27,5.0,6.0,8.2,7.6,2458.0,9.5,2822.0,0.894,1.0,0,0,0,0,0,0,1,0,1,18006,9.798460314668421,1.0,1,0
18768.0,9.839908570893257,Ottawa Senators,Boston Bruins,26.0,27.0,82.0,37.0,41.0,4.0,78.0,0.476,250.0,281.0,5.0,0.0,-0.28,0.04,3.05,3.43,51.0,283.0,18.02,61.0,245.0,75.1,7.0,6.0,10.4,11.1,2602.0,9.6,2432.0,0.884,2.0,1,6.0,28.6,82.0,47.0,20.0,15.0,109.0,0.665,263.0,221.0,4.0,3.0,0.53,0.01,3.21,2.7,54.0,243.0,22.22,47.0,268.0,82.46,7.0,6.0,9.5,8.8,2399.0,11.0,2504.0,0.912,5.0,0,0,0,0,0,0,1,0,1,18652,9.833708657928211,1.006219172206734,0,1
17151.0,9.749811759932081,Seattle Kraken,Los Angeles Kings,24.0,29.4,82.0,34.0,35.0,13.0,81.0,0.494,214.0,232.0,3.0,4.0,-0.26,-0.03,2.61,2.83,50.0,242.0,20.66,47.0,222.0,78.83,6.0,9.0,8.0,8.1,2347.0,9.1,2391.0,0.903,5.0,0,12.0,29.5,82.0,44.0,27.0,11.0,99.0,0.604,254.0,210.0,2.0,5.0,0.45,-0.05,3.1,2.56,56.0,248.0,22.58,39.0,253.0,84.58,11.0,7.0,8.7,9.5,2616.0,9.7,2296.0,0.909,7.0,0,0,0,0,0,0,1,0,1,17100,9.746833742490752,1.0029824561403509,0,0
19092.0,9.857024678125788,Tampa Bay Lightning,Detroit Red Wings,13.0,29.1,82.0,45.0,29.0,8.0,98.0,0.598,288.0,267.0,3.0,1.0,0.28,0.0,3.51,3.26,71.0,248.0,28.63,39.0,234.0,83.33,5.0,6.0,11.0,11.0,2401.0,12.0,2430.0,0.89,4.0,0,18.0,29.3,82.0,41.0,32.0,9.0,91.0,0.555,275.0,273.0,3.0,1.0,0.06,0.02,3.35,3.33,63.0,273.0,23.08,49.0,240.0,79.58,7.0,10.0,8.7,9.9,2375.0,11.6,2657.0,0.897,4.0,0,0,0,0,0,0,1,0,1,19204,9.862873869650832,0.9941678816913143,1,0
18965.0,9.850350454123,Vancouver Canucks,Edmonton Oilers,7.0,28.6,82.0,50.0,23.0,9.0,109.0,0.665,279.0,221.0,0.0,2.0,0.64,-0.04,3.4,2.7,58.0,257.0,22.57,53.0,254.0,79.13,7.0,7.0,9.6,9.7,2328.0,12.0,2343.0,0.906,7.0,1,9.0,29.4,82.0,49.0,27.0,6.0,104.0,0.634,292.0,236.0,2.0,1.0,0.65,-0.04,3.56,2.88,64.0,243.0,26.34,53.0,258.0,79.46,7.0,5.0,9.5,8.5,2768.0,10.5,2307.0,0.898,4.0,1,0,0,0,0,0,1,0,1,18910,9.847446161652503,1.0029085140137493,1,1
15225.0,9.630694092578098,Winnipeg Jets,Calgary Flames,4.0,29.4,82.0,52.0,24.0,6.0,110.0,0.671,259.0,198.0,0.0,1.0,0.69,-0.04,3.16,2.41,45.0,240.0,18.75,51.0,223.0,77.13,3.0,5.0,8.2,8.9,2488.0,10.4,2429.0,0.918,8.0,1,25.0,29.2,82.0,38.0,39.0,5.0,81.0,0.494,253.0,267.0,0.0,4.0,-0.2,0.02,3.09,3.26,45.0,252.0,17.86,47.0,245.0,80.82,11.0,11.0,9.4,9.2,2572.0,9.8,2438.0,0.89,2.0,1,0,0,0,0,0,1,0,0,15225,9.630694092578098,1.0,0,0
18573.0,9.829464192187341,Washington Capitals,Pittsburgh Penguins,17.0,30.0,82.0,40.0,31.0,11.0,91.0,0.555,216.0,252.0,4.0,5.0,-0.41,0.04,2.63,3.07,47.0,228.0,20.61,49.0,233.0,78.97,3.0,5.0,7.7,7.4,2172.0,9.9,2503.0,0.899,7.0,0,19.0,31.3,82.0,38.0,32.0,12.0,88.0,0.537,253.0,248.0,2.0,3.0,0.05,0.0,3.09,3.02,40.0,262.0,15.27,47.0,243.0,80.66,5.0,12.0,7.4,7.9,2685.0,9.4,2479.0,0.9,8.0,0,0,0,0,0,0,1,0,1,18506,9.825850282808975,1.0036204474224575,0,1
18532.0,9.827254246536539,Dallas Stars,Detroit Red Wings,2.0,29.3,82.0,52.0,21.0,9.0,113.0,0.689,294.0,232.0,4.0,2.0,0.74,-0.04,3.59,2.83,58.0,240.0,24.17,43.0,239.0,82.01,12.0,4.0,6.8,7.5,2588.0,11.4,2350.0,0.901,4.0,0,18.0,29.3,82.0,41.0,32.0,9.0,91.0,0.555,275.0,273.0,3.0,1.0,0.06,0.02,3.35,3.33,63.0,273.0,23.08,49.0,240.0,79.58,7.0,10.0,8.7,9.9,2375.0,11.6,2657.0,0.897,4.0,0,0,0,0,0,0,0,1,0,18408,9.820540631715202,1.0067362016514558,0,0
21105.0,9.9572652582166,Montreal Canadiens,New York Rangers,28.0,26.7,82.0,30.0,36.0,16.0,76.0,0.463,232.0,281.0,4.0,8.0,-0.59,0.05,2.83,3.43,44.0,252.0,17.46,65.0,277.0,76.53,7.0,12.0,10.2,10.0,2269.0,10.2,2738.0,0.897,2.0,1,1.0,29.1,82.0,55.0,23.0,4.0,114.0,0.695,278.0,226.0,4.0,3.0,0.61,-0.03,3.39,2.76,65.0,246.0,26.42,36.0,232.0,84.48,8.0,6.0,9.4,10.4,2582.0,10.8,2418.0,0.907,6.0,0,0,0,0,0,0,0,1,0,21105,9.9572652582166,1.0,0,1
16514.0,9.711963784977375,New Jersey Devils,Ottawa Senators,23.0,26.8,82.0,38.0,39.0,5.0,81.0,0.494,264.0,281.0,0.0,2.0,-0.22,0.01,3.22,3.43,55.0,245.0,22.45,47.0,243.0,80.66,3.0,9.0,9.1,9.6,2516.0,10.5,2458.0,0.886,1.0,0,26.0,27.0,82.0,37.0,41.0,4.0,78.0,0.476,250.0,281.0,5.0,0.0,-0.28,0.04,3.05,3.43,51.0,283.0,18.02,61.0,245.0,75.1,7.0,6.0,10.4,11.1,2602.0,9.6,2432.0,0.884,2.0,1,0,0,0,0,0,0,1,0,16535,9.713234625415893,0.998729966737224,0,0
17850.0,9.789758787207784,Boston Bruins,San Jose Sharks,6.0,28.6,82.0,47.0,20.0,15.0,109.0,0.665,263.0,221.0,4.0,3.0,0.53,0.01,3.21,2.7,54.0,243.0,22.22,47.0,268.0,82.46,7.0,6.0,9.5,8.8,2399.0,11.0,2504.0,0.912,5.0,0,32.0,27.7,82.0,19.0,54.0,9.0,47.0,0.287,180.0,326.0,1.0,5.0,-1.78,0.05,2.2,3.98,42.0,208.0,20.19,62.0,252.0,75.4,3.0,8.0,9.5,8.2,2069.0,8.7,2881.0,0.887,2.0,0,1,0,0,0,0,0,0,0,17565,9.773663564699927,1.0162254483347566,1,0
15831.0,9.669725322073777,Chicago Blackhawks,Carolina Hurricanes,31.0,27.4,82.0,23.0,53.0,6.0,52.0,0.317,178.0,289.0,1.0,1.0,-1.29,0.06,2.17,3.52,39.0,235.0,16.6,56.0,231.0,75.76,3.0,8.0,8.7,9.3,2153.0,8.3,2681.0,0.892,1.0,0,3.0,29.4,82.0,52.0,23.0,7.0,111.0,0.677,277.0,211.0,2.0,5.0,0.73,-0.04,3.38,2.57,67.0,249.0,26.91,35.0,258.0,86.43,11.0,8.0,8.5,8.0,2733.0,10.1,2101.0,0.9,8.0,0,1,0,0,0,0,0,0,0,20243,9.915564333761576,0.7820481153979153,0,0
18072.0,9.80211905814784,Colorado Avalanche,Minnesota Wild,8.0,28.8,82.0,50.0,25.0,7.0,107.0,0.652,302.0,252.0,2.0,2.0,0.57,-0.05,3.68,3.07,68.0,278.0,24.46,53.0,264.0,79.92,7.0,6.0,8.9,9.7,2705.0,11.2,2444.0,0.897,4.0,0,20.0,29.3,82.0,39.0,34.0,9.0,87.0,0.53,248.0,260.0,3.0,3.0,-0.14,0.01,3.02,3.17,62.0,273.0,22.71,67.0,263.0,74.52,3.0,11.0,11.4,11.3,2471.0,10.0,2437.0,0.893,6.0,0,1,0,0,0,0,0,0,1,18007,9.798515850169505,1.003609707336036,1,1
18145.0,9.806150319647172,Los Angeles Kings,Pittsburgh Penguins,12.0,29.5,82.0,44.0,27.0,11.0,99.0,0.604,254.0,210.0,2.0,5.0,0.45,-0.05,3.1,2.56,56.0,248.0,22.58,39.0,253.0,84.58,11.0,7.0,8.7,9.5,2616.0,9.7,2296.0,0.909,7.0,0,19.0,31.3,82.0,38.0,32.0,12.0,88.0,0.537,253.0,248.0,2.0,3.0,0.05,0.0,3.09,3.02,40.0,262.0,15.27,47.0,243.0,80.66,5.0,12.0,7.4,7.9,2685.0,9.4,2479.0,0.9,8.0,0,1,0,0,0,0,0,0,0,18118,9.804661198229233,1.0014902307097913,0,1
14551.0,9.585414998760278,New York Islanders,Columbus Blue Jackets,15.0,29.6,82.0,39.0,27.0,16.0,94.0,0.573,245.0,258.0,1.0,5.0,-0.18,0.03,2.99,3.15,47.0,231.0,20.35,63.0,221.0,71.49,10.0,3.0,7.1,7.4,2470.0,9.9,2686.0,0.904,5.0,0,29.0,26.8,82.0,27.0,43.0,12.0,66.0,0.402,234.0,298.0,3.0,2.0,-0.72,0.05,2.85,3.63,32.0,212.0,15.09,56.0,236.0,76.27,5.0,6.0,8.2,7.6,2458.0,9.5,2822.0,0.894,1.0,0,1,0,0,0,0,0,0,1,17113,9.747593687577451,0.8502892537836733,0,0
17151.0,9.749811759932081,Seattle Kraken,Buffalo Sabres,24.0,29.4,82.0,34.0,35.0,13.0,81.0,0.494,214.0,232.0,3.0,4.0,-0.26,-0.03,2.61,2.83,50.0,242.0,20.66,47.0,222.0,78.83,6.0,9.0,8.0,8.1,2347.0,9.1,2391.0,0.903,5.0,0,22.0,25.7,82.0,39.0,37.0,6.0,84.0,0.512,244.0,243.0,2.0,1.0,0.03,0.01,2.98,2.96,37.0,223.0,16.59,49.0,243.0,79.84,7.0,10.0,9.8,9.2,2534.0,9.6,2402.0,0.899,5.0,0,1,0,0,0,0,0,0,0,17100,9.746833742490752,1.0029824561403509,0,0
19123.0,9.858647078062974,Toronto Maple Leafs,Tampa Bay Lightning,10.0,28.9,82.0,46.0,26.0,10.0,102.0,0.622,298.0,261.0,5.0,2.0,0.5,0.01,3.63,3.18,57.0,238.0,23.95,55.0,238.0,76.89,6.0,9.0,9.9,10.2,2671.0,11.2,2446.0,0.893,5.0,1,13.0,29.1,82.0,45.0,29.0,8.0,98.0,0.598,288.0,267.0,3.0,1.0,0.28,0.0,3.51,3.26,71.0,248.0,28.63,39.0,234.0,83.33,5.0,6.0,11.0,11.0,2401.0,12.0,2430.0,0.89,4.0,0,1,0,0,0,0,0,0,1,18819,9.842622276764853,1.0161538870290663,1,1
17879.0,9.79138211875182,Vegas Golden Knights,St. Louis Blues,14.0,29.0,82.0,45.0,29.0,8.0,98.0,0.598,263.0,243.0,4.0,2.0,0.22,-0.05,3.21,2.96,51.0,252.0,20.24,44.0,213.0,79.34,9.0,8.0,7.4,8.5,2548.0,10.3,2487.0,0.902,3.0,0,16.0,29.0,82.0,43.0,33.0,6.0,92.0,0.561,234.0,248.0,5.0,2.0,-0.14,-0.01,2.85,3.02,45.0,250.0,18.0,46.0,215.0,78.6,11.0,7.0,7.4,8.6,2370.0,9.9,2636.0,0.906,4.0,0,1,0,0,0,0,0,0,0,17500,9.769956159911606,1.0216571428571428,0,0
14694.0,9.595194526180222,Anaheim Ducks,Florida Panthers,30.0,27.7,82.0,27.0,50.0,5.0,59.0,0.36,203.0,293.0,1.0,2.0,-1.09,0.02,2.48,3.57,43.0,235.0,18.3,91.0,330.0,72.42,12.0,5.0,13.5,10.9,2194.0,9.3,2666.0,0.89,1.0,0,5.0,29.5,82.0,52.0,24.0,6.0,110.0,0.671,265.0,198.0,3.0,2.0,0.81,-0.02,3.23,2.41,63.0,268.0,23.51,51.0,291.0,82.47,8.0,9.0,13.6,13.5,2764.0,9.6,2279.0,0.913,8.0,0,0,1,0,0,0,0,0,0,17174,9.75115189123243,0.855595667870036,0,1
18532.0,9.827254246536539,Dallas Stars,Carolina Hurricanes,2.0,29.3,82.0,52.0,21.0,9.0,113.0,0.689,294.0,232.0,4.0,2.0,0.74,-0.04,3.59,2.83,58.0,240.0,24.17,43.0,239.0,82.01,12.0,4.0,6.8,7.5,2588.0,11.4,2350.0,0.901,4.0,0,3.0,29.4,82.0,52.0,23.0,7.0,111.0,0.677,277.0,211.0,2.0,5.0,0.73,-0.04,3.38,2.57,67.0,249.0,26.91,35.0,258.0,86.43,11.0,8.0,8.5,8.0,2733.0,10.1,2101.0,0.9,8.0,0,0,1,0,0,0,0,0,0,18408,9.820540631715202,1.0067362016514558,0,0
18347.0,9.81722135237872,Edmonton Oilers,Washington Capitals,9.0,29.4,82.0,49.0,27.0,6.0,104.0,0.634,292.0,236.0,2.0,1.0,0.65,-0.04,3.56,2.88,64.0,243.0,26.34,53.0,258.0,79.46,7.0,5.0,9.5,8.5,2768.0,10.5,2307.0,0.898,4.0,1,17.0,30.0,82.0,40.0,31.0,11.0,91.0,0.555,216.0,252.0,4.0,5.0,-0.41,0.04,2.63,3.07,47.0,228.0,20.61,49.0,233.0,78.97,3.0,5.0,7.7,7.4,2172.0,9.9,2503.0,0.899,7.0,0,0,1,0,0,0,0,0,0,18347,9.81722135237872,1.0,1,0
21105.0,9.9572652582166,Montreal Canadiens,Tampa Bay Lightning,28.0,26.7,82.0,30.0,36.0,16.0,76.0,0.463,232.0,281.0,4.0,8.0,-0.59,0.05,2.83,3.43,44.0,252.0,17.46,65.0,277.0,76.53,7.0,12.0,10.2,10.0,2269.0,10.2,2738.0,0.897,2.0,1,13.0,29.1,82.0,45.0,29.0,8.0,98.0,0.598,288.0,267.0,3.0,1.0,0.28,0.0,3.51,3.26,71.0,248.0,28.63,39.0,234.0,83.33,5.0,6.0,11.0,11.0,2401.0,12.0,2430.0,0.89,4.0,0,0,1,0,0,0,0,0,1,21105,9.9572652582166,1.0,0,1
17159.0,9.750278096285621,Nashville Predators,San Jose Sharks,11.0,29.5,82.0,47.0,30.0,5.0,99.0,0.604,266.0,248.0,3.0,0.0,0.23,-0.02,3.24,3.02,58.0,269.0,21.56,57.0,247.0,76.92,7.0,5.0,9.7,9.5,2642.0,10.1,2507.0,0.901,4.0,0,32.0,27.7,82.0,19.0,54.0,9.0,47.0,0.287,180.0,326.0,1.0,5.0,-1.78,0.05,2.2,3.98,42.0,208.0,20.19,62.0,252.0,75.4,3.0,8.0,9.5,8.2,2069.0,8.7,2881.0,0.887,2.0,0,0,1,0,0,0,0,0,0,17113,9.747593687577451,1.0026880149593875,1,0
17662.0,9.779170718028748,New York Rangers,Ottawa Senators,1.0,29.1,82.0,55.0,23.0,4.0,114.0,0.695,278.0,226.0,4.0,3.0,0.61,-0.03,3.39,2.76,65.0,246.0,26.42,36.0,232.0,84.48,8.0,6.0,9.4,10.4,2582.0,10.8,2418.0,0.907,6.0,0,26.0,27.0,82.0,37.0,41.0,4.0,78.0,0.476,250.0,281.0,5.0,0.0,-0.28,0.04,3.05,3.43,51.0,283.0,18.02,61.0,245.0,75.1,7.0,6.0,10.4,11.1,2602.0,9.6,2432.0,0.884,2.0,1,0,1,0,0,0,0,0,0,18006,9.798460314668421,0.98089525713651,1,0
17635.0,9.777640842670152,Philadelphia Flyers,Detroit Red Wings,21.0,27.1,82.0,38.0,33.0,11.0,87.0,0.53,231.0,258.0,4.0,3.0,-0.29,0.03,2.82,3.15,31.0,254.0,12.2,40.0,241.0,83.4,16.0,4.0,10.1,9.7,2708.0,8.5,2225.0,0.884,5.0,0,18.0,29.3,82.0,41.0,32.0,9.0,91.0,0.555,275.0,273.0,3.0,1.0,0.06,0.02,3.35,3.33,63.0,273.0,23.08,49.0,240.0,79.58,7.0,10.0,8.7,9.9,2375.0,11.6,2657.0,0.897,4.0,0,0,1,0,0,0,0,0,0,19537,9.880065382591635,0.902646260940779,0,0
19064.0,9.855557018778578,Vancouver Canucks,Buffalo Sabres,7.0,28.6,82.0,50.0,23.0,9.0,109.0,0.665,279.0,221.0,0.0,2.0,0.64,-0.04,3.4,2.7,58.0,257.0,22.57,53.0,254.0,79.13,7.0,7.0,9.6,9.7,2328.0,12.0,2343.0,0.906,7.0,1,22.0,25.7,82.0,39.0,37.0,6.0,84.0,0.512,244.0,243.0,2.0,1.0,0.03,0.01,2.98,2.96,37.0,223.0,16.59,49.0,243.0,79.84,7.0,10.0,9.8,9.2,2534.0,9.6,2402.0,0.899,5.0,0,0,1,0,0,0,0,0,0,18910,9.847446161652503,1.008143839238498,1,0
18125.0,9.805047479722875,Colorado Avalanche,Winnipeg Jets,8.0,28.8,82.0,50.0,25.0,7.0,107.0,0.652,302.0,252.0,2.0,2.0,0.57,-0.05,3.68,3.07,68.0,278.0,24.46,53.0,264.0,79.92,7.0,6.0,8.9,9.7,2705.0,11.2,2444.0,0.897,4.0,0,4.0,29.4,82.0,52.0,24.0,6.0,110.0,0.671,259.0,198.0,0.0,1.0,0.69,-0.04,3.16,2.41,45.0,240.0,18.75,51.0,223.0,77.13,3.0,5.0,8.2,8.9,2488.0,10.4,2429.0,0.918,8.0,1,0,0,1,0,0,0,0,1,18007,9.798515850169505,1.0065530071638806,1,0
15090.0,9.621787551761894,Los Angeles Kings,Florida Panthers,12.0,29.5,82.0,44.0,27.0,11.0,99.0,0.604,254.0,210.0,2.0,5.0,0.45,-0.05,3.1,2.56,56.0,248.0,22.58,39.0,253.0,84.58,11.0,7.0,8.7,9.5,2616.0,9.7,2296.0,0.909,7.0,0,5.0,29.5,82.0,52.0,24.0,6.0,110.0,0.671,265.0,198.0,3.0,2.0,0.81,-0.02,3.23,2.41,63.0,268.0,23.51,51.0,291.0,82.47,8.0,9.0,13.6,13.5,2764.0,9.6,2279.0,0.913,8.0,0,0,0,1,0,0,0,0,0,18118,9.804661198229233,0.8328733855833977,0,1
16025.0,9.68190528178887,New Jersey Devils,Boston Bruins,23.0,26.8,82.0,38.0,39.0,5.0,81.0,0.494,264.0,281.0,0.0,2.0,-0.22,0.01,3.22,3.43,55.0,245.0,22.45,47.0,243.0,80.66,3.0,9.0,9.1,9.6,2516.0,10.5,2458.0,0.886,1.0,0,6.0,28.6,82.0,47.0,20.0,15.0,109.0,0.665,263.0,221.0,4.0,3.0,0.53,0.01,3.21,2.7,54.0,243.0,22.22,47.0,268.0,82.46,7.0,6.0,9.5,8.8,2399.0,11.0,2504.0,0.912,5.0,0,0,0,1,0,0,0,0,0,16535,9.713234625415893,0.9691563350468703,0,1
18459.0,9.8233073354086,Toronto Maple Leafs,Columbus Blue Jackets,10.0,28.9,82.0,46.0,26.0,10.0,102.0,0.622,298.0,261.0,5.0,2.0,0.5,0.01,3.63,3.18,57.0,238.0,23.95,55.0,238.0,76.89,6.0,9.0,9.9,10.2,2671.0,11.2,2446.0,0.893,5.0,1,29.0,26.8,82.0,27.0,43.0,12.0,66.0,0.402,234.0,298.0,3.0,2.0,-0.72,0.05,2.85,3.63,32.0,212.0,15.09,56.0,236.0,76.27,5.0,6.0,8.2,7.6,2458.0,9.5,2822.0,0.894,1.0,0,0,0,1,0,0,0,0,0,18819,9.842622276764853,0.9808703969392635,1,0
15330.0,9.63756697186586,Anaheim Ducks,Pittsburgh Penguins,30.0,27.7,82.0,27.0,50.0,5.0,59.0,0.36,203.0,293.0,1.0,2.0,-1.09,0.02,2.48,3.57,43.0,235.0,18.3,91.0,330.0,72.42,12.0,5.0,13.5,10.9,2194.0,9.3,2666.0,0.89,1.0,0,19.0,31.3,82.0,38.0,32.0,12.0,88.0,0.537,253.0,248.0,2.0,3.0,0.05,0.0,3.09,3.02,40.0,262.0,15.27,47.0,243.0,80.66,5.0,12.0,7.4,7.9,2685.0,9.4,2479.0,0.9,8.0,0,0,0,0,1,0,0,0,0,17174,9.75115189123243,0.8926283917549784,0,1
17850.0,9.789758787207784,Boston Bruins,Ottawa Senators,6.0,28.6,82.0,47.0,20.0,15.0,109.0,0.665,263.0,221.0,4.0,3.0,0.53,0.01,3.21,2.7,54.0,243.0,22.22,47.0,268.0,82.46,7.0,6.0,9.5,8.8,2399.0,11.0,2504.0,0.912,5.0,0,26.0,27.0,82.0,37.0,41.0,4.0,78.0,0.476,250.0,281.0,5.0,0.0,-0.28,0.04,3.05,3.43,51.0,283.0,18.02,61.0,245.0,75.1,7.0,6.0,10.4,11.1,2602.0,9.6,2432.0,0.884,2.0,1,0,0,0,1,0,0,0,1,17565,9.773663564699927,1.0162254483347566,1,0
18700.0,9.836278802842678,Carolina Hurricanes,Columbus Blue Jackets,3.0,29.4,82.0,52.0,23.0,7.0,111.0,0.677,277.0,211.0,2.0,5.0,0.73,-0.04,3.38,2.57,67.0,249.0,26.91,35.0,258.0,86.43,11.0,8.0,8.5,8.0,2733.0,10.1,2101.0,0.9,8.0,0,29.0,26.8,82.0,27.0,43.0,12.0,66.0,0.402,234.0,298.0,3.0,2.0,-0.72,0.05,2.85,3.63,32.0,212.0,15.09,56.0,236.0,76.27,5.0,6.0,8.2,7.6,2458.0,9.5,2822.0,0.894,1.0,0,0,0,0,1,0,0,0,1,18680,9.835208711782833,1.0010706638115632,0,0
17585.0,9.774801544908083,Calgary Flames,Buffalo Sabres,25.0,29.2,82.0,38.0,39.0,5.0,81.0,0.494,253.0,267.0,0.0,4.0,-0.2,0.02,3.09,3.26,45.0,252.0,17.86,47.0,245.0,80.82,11.0,11.0,9.4,9.2,2572.0,9.8,2438.0,0.89,2.0,1,22.0,25.7,82.0,39.0,37.0,6.0,84.0,0.512,244.0,243.0,2.0,1.0,0.03,0.01,2.98,2.96,37.0,223.0,16.59,49.0,243.0,79.84,7.0,10.0,9.8,9.2,2534.0,9.6,2402.0,0.899,5.0,0,0,0,0,1,0,0,0,0,19289,9.86729026422424,0.9116594950489917,0,0
18825.0,9.842941052668094,Detroit Red Wings,Montreal Canadiens,18.0,29.3,82.0,41.0,32.0,9.0,91.0,0.555,275.0,273.0,3.0,1.0,0.06,0.02,3.35,3.33,63.0,273.0,23.08,49.0,240.0,79.58,7.0,10.0,8.7,9.9,2375.0,11.6,2657.0,0.897,4.0,0,28.0,26.7,82.0,30.0,36.0,16.0,76.0,0.463,232.0,281.0,4.0,8.0,-0.59,0.05,2.83,3.43,44.0,252.0,17.46,65.0,277.0,76.53,7.0,12.0,10.2,10.0,2269.0,10.2,2738.0,0.897,2.0,1,0,0,0,1,0,0,0,1,20000,9.903487552536127,0.94125,0,0
18347.0,9.81722135237872,Edmonton Oilers,Vancouver Canucks,9.0,29.4,82.0,49.0,27.0,6.0,104.0,0.634,292.0,236.0,2.0,1.0,0.65,-0.04,3.56,2.88,64.0,243.0,26.34,53.0,258.0,79.46,7.0,5.0,9.5,8.5,2768.0,10.5,2307.0,0.898,4.0,1,7.0,28.6,82.0,50.0,23.0,9.0,109.0,0.665,279.0,221.0,0.0,2.0,0.64,-0.04,3.4,2.7,58.0,257.0,22.57,53.0,254.0,79.13,7.0,7.0,9.6,9.7,2328.0,12.0,2343.0,0.906,7.0,1,0,0,0,1,0,0,0,1,18347,9.81722135237872,1.0,1,1
18006.0,9.798460314668421,New York Rangers,Philadelphia Flyers,1.0,29.1,82.0,55.0,23.0,4.0,114.0,0.695,278.0,226.0,4.0,3.0,0.61,-0.03,3.39,2.76,65.0,246.0,26.42,36.0,232.0,84.48,8.0,6.0,9.4,10.4,2582.0,10.8,2418.0,0.907,6.0,0,21.0,27.1,82.0,38.0,33.0,11.0,87.0,0.53,231.0,258.0,4.0,3.0,-0.29,0.03,2.82,3.15,31.0,254.0,12.2,40.0,241.0,83.4,16.0,4.0,10.1,9.7,2708.0,8.5,2225.0,0.884,5.0,0,0,0,0,1,0,0,0,1,18006,9.798460314668421,1.0,1,0
17151.0,9.749811759932081,Seattle Kraken,Washington Capitals,24.0,29.4,82.0,34.0,35.0,13.0,81.0,0.494,214.0,232.0,3.0,4.0,-0.26,-0.03,2.61,2.83,50.0,242.0,20.66,47.0,222.0,78.83,6.0,9.0,8.0,8.1,2347.0,9.1,2391.0,0.903,5.0,0,17.0,30.0,82.0,40.0,31.0,11.0,91.0,0.555,216.0,252.0,4.0,5.0,-0.41,0.04,2.63,3.07,47.0,228.0,20.61,49.0,233.0,78.97,3.0,5.0,7.7,7.4,2172.0,9.9,2503.0,0.899,7.0,0,0,0,0,1,0,0,0,0,17100,9.746833742490752,1.0029824561403509,0,0
17430.0,9.765948138514066,St. Louis Blues,Vegas Golden Knights,16.0,29.0,82.0,43.0,33.0,6.0,92.0,0.561,234.0,248.0,5.0,2.0,-0.14,-0.01,2.85,3.02,45.0,250.0,18.0,46.0,215.0,78.6,11.0,7.0,7.4,8.6,2370.0,9.9,2636.0,0.906,4.0,0,14.0,29.0,82.0,45.0,29.0,8.0,98.0,0.598,263.0,243.0,4.0,2.0,0.22,-0.05,3.21,2.96,51.0,252.0,20.24,44.0,213.0,79.34,9.0,8.0,7.4,8.5,2548.0,10.3,2487.0,0.902,3.0,0,0,0,0,1,0,0,0,0,18400,9.820105943597078,0.9472826086956522,0,0
18975.0,9.85087760226383,Chicago Blackhawks,Tampa Bay Lightning,31.0,27.4,82.0,23.0,53.0,6.0,52.0,0.317,178.0,289.0,1.0,1.0,-1.29,0.06,2.17,3.52,39.0,235.0,16.6,56.0,231.0,75.76,3.0,8.0,8.7,9.3,2153.0,8.3,2681.0,0.892,1.0,0,13.0,29.1,82.0,45.0,29.0,8.0,98.0,0.598,288.0,267.0,3.0,1.0,0.28,0.0,3.51,3.26,71.0,248.0,28.63,39.0,234.0,83.33,5.0,6.0,11.0,11.0,2401.0,12.0,2430.0,0.89,4.0,0,0,0,0,0,1,0,0,0,20243,9.915564333761576,0.9373610630835351,0,1
18532.0,9.827254246536539,Dallas Stars,Vegas Golden Knights,2.0,29.3,82.0,52.0,21.0,9.0,113.0,0.689,294.0,232.0,4.0,2.0,0.74,-0.04,3.59,2.83,58.0,240.0,24.17,43.0,239.0,82.01,12.0,4.0,6.8,7.5,2588.0,11.4,2350.0,0.901,4.0,0,14.0,29.0,82.0,45.0,29.0,8.0,98.0,0.598,263.0,243.0,4.0,2.0,0.22,-0.05,3.21,2.96,51.0,252.0,20.24,44.0,213.0,79.34,9.0,8.0,7.4,8.5,2548.0,10.3,2487.0,0.902,3.0,0,0,0,0,0,1,0,0,0,18408,9.820540631715202,1.0067362016514558,0,0
17255.0,9.755857235532103,New York Islanders,Philadelphia Flyers,15.0,29.6,82.0,39.0,27.0,16.0,94.0,0.573,245.0,258.0,1.0,5.0,-0.18,0.03,2.99,3.15,47.0,231.0,20.35,63.0,221.0,71.49,10.0,3.0,7.1,7.4,2470.0,9.9,2686.0,0.904,5.0,0,21.0,27.1,82.0,38.0,33.0,11.0,87.0,0.53,231.0,258.0,4.0,3.0,-0.29,0.03,2.82,3.15,31.0,254.0,12.2,40.0,241.0,83.4,16.0,4.0,10.1,9.7,2708.0,8.5,2225.0,0.884,5.0,0,0,0,0,0,1,0,0,1,17113,9.747593687577451,1.008297785309414,0,0
15748.0,9.664468652063627,Anaheim Ducks,Nashville Predators,30.0,27.7,82.0,27.0,50.0,5.0,59.0,0.36,203.0,293.0,1.0,2.0,-1.09,0.02,2.48,3.57,43.0,235.0,18.3,91.0,330.0,72.42,12.0,5.0,13.5,10.9,2194.0,9.3,2666.0,0.89,1.0,0,11.0,29.5,82.0,47.0,30.0,5.0,99.0,0.604,266.0,248.0,3.0,0.0,0.23,-0.02,3.24,3.02,58.0,269.0,21.56,57.0,247.0,76.92,7.0,5.0,9.7,9.5,2642.0,10.1,2507.0,0.901,4.0,0,0,0,0,0,0,1,0,0,17174,9.75115189123243,0.9169675090252708,0,1
17850.0,9.789758787207784,Boston Bruins,Colorado Avalanche,6.0,28.6,82.0,47.0,20.0,15.0,109.0,0.665,263.0,221.0,4.0,3.0,0.53,0.01,3.21,2.7,54.0,243.0,22.22,47.0,268.0,82.46,7.0,6.0,9.5,8.8,2399.0,11.0,2504.0,0.912,5.0,0,8.0,28.8,82.0,50.0,25.0,7.0,107.0,0.652,302.0,252.0,2.0,2.0,0.57,-0.05,3.68,3.07,68.0,278.0,24.46,53.0,264.0,79.92,7.0,6.0,8.9,9.7,2705.0,11.2,2444.0,0.897,4.0,0,0,0,0,0,0,1,0,0,17565,9.773663564699927,1.0162254483347566,1,1
18919.0,9.84792198708642,Columbus Blue Jackets,Los Angeles Kings,29.0,26.8,82.0,27.0,43.0,12.0,66.0,0.402,234.0,298.0,3.0,2.0,-0.72,0.05,2.85,3.63,32.0,212.0,15.09,56.0,236.0,76.27,5.0,6.0,8.2,7.6,2458.0,9.5,2822.0,0.894,1.0,0,12.0,29.5,82.0,44.0,27.0,11.0,99.0,0.604,254.0,210.0,2.0,5.0,0.45,-0.05,3.1,2.56,56.0,248.0,22.58,39.0,253.0,84.58,11.0,7.0,8.7,9.5,2616.0,9.7,2296.0,0.909,7.0,0,0,0,0,0,0,1,0,0,20556,9.93090814811212,0.9203638840241292,0,0
19515.0,9.878938679614715,Detroit Red Wings,Tampa Bay Lightning,18.0,29.3,82.0,41.0,32.0,9.0,91.0,0.555,275.0,273.0,3.0,1.0,0.06,0.02,3.35,3.33,63.0,273.0,23.08,49.0,240.0,79.58,7.0,10.0,8.7,9.9,2375.0,11.6,2657.0,0.897,4.0,0,13.0,29.1,82.0,45.0,29.0,8.0,98.0,0.598,288.0,267.0,3.0,1.0,0.28,0.0,3.51,3.26,71.0,248.0,28.63,39.0,234.0,83.33,5.0,6.0,11.0,11.0,2401.0,12.0,2430.0,0.89,4.0,0,0,0,0,0,0,1,0,1,20000,9.903487552536127,0.97575,0,1
18347.0,9.81722135237872,Edmonton Oilers,Buffalo Sabres,9.0,29.4,82.0,49.0,27.0,6.0,104.0,0.634,292.0,236.0,2.0,1.0,0.65,-0.04,3.56,2.88,64.0,243.0,26.34,53.0,258.0,79.46,7.0,5.0,9.5,8.5,2768.0,10.5,2307.0,0.898,4.0,1,22.0,25.7,82.0,39.0,37.0,6.0,84.0,0.512,244.0,243.0,2.0,1.0,0.03,0.01,2.98,2.96,37.0,223.0,16.59,49.0,243.0,79.84,7.0,10.0,9.8,9.2,2534.0,9.6,2402.0,0.899,5.0,0,0,0,0,0,0,1,0,0,18347,9.81722135237872,1.0,1,0
19212.0,9.863290362784715,Minnesota Wild,Calgary Flames,20.0,29.3,82.0,39.0,34.0,9.0,87.0,0.53,248.0,260.0,3.0,3.0,-0.14,0.01,3.02,3.17,62.0,273.0,22.71,67.0,263.0,74.52,3.0,11.0,11.4,11.3,2471.0,10.0,2437.0,0.893,6.0,0,25.0,29.2,82.0,38.0,39.0,5.0,81.0,0.494,253.0,267.0,0.0,4.0,-0.2,0.02,3.09,3.26,45.0,252.0,17.86,47.0,245.0,80.82,11.0,11.0,9.4,9.2,2572.0,9.8,2438.0,0.89,2.0,1,0,0,0,0,0,1,0,0,17954,9.795568210316635,1.070067951431436,1,0
21105.0,9.9572652582166,Montreal Canadiens,New Jersey Devils,28.0,26.7,82.0,30.0,36.0,16.0,76.0,0.463,232.0,281.0,4.0,8.0,-0.59,0.05,2.83,3.43,44.0,252.0,17.46,65.0,277.0,76.53,7.0,12.0,10.2,10.0,2269.0,10.2,2738.0,0.897,2.0,1,23.0,26.8,82.0,38.0,39.0,5.0,81.0,0.494,264.0,281.0,0.0,2.0,-0.22,0.01,3.22,3.43,55.0,245.0,22.45,47.0,243.0,80.66,3.0,9.0,9.1,9.6,2516.0,10.5,2458.0,0.886,1.0,0,0,0,0,0,0,1,0,0,21105,9.9572652582166,1.0,0,0
17255.0,9.755857235532103,New York Islanders,Carolina Hurricanes,15.0,29.6,82.0,39.0,27.0,16.0,94.0,0.573,245.0,258.0,1.0,5.0,-0.18,0.03,2.99,3.15,47.0,231.0,20.35,63.0,221.0,71.49,10.0,3.0,7.1,7.4,2470.0,9.9,2686.0,0.904,5.0,0,3.0,29.4,82.0,52.0,23.0,7.0,111.0,0.677,277.0,211.0,2.0,5.0,0.73,-0.04,3.38,2.57,67.0,249.0,26.91,35.0,258.0,86.43,11.0,8.0,8.5,8.0,2733.0,10.1,2101.0,0.9,8.0,0,0,0,0,0,0,1,0,1,17113,9.747593687577451,1.008297785309414,0,0
18818.0,9.842569137566711,Ottawa Senators,Toronto Maple Leafs,26.0,27.0,82.0,37.0,41.0,4.0,78.0,0.476,250.0,281.0,5.0,0.0,-0.28,0.04,3.05,3.43,51.0,283.0,18.02,61.0,245.0,75.1,7.0,6.0,10.4,11.1,2602.0,9.6,2432.0,0.884,2.0,1,10.0,28.9,82.0,46.0,26.0,10.0,102.0,0.622,298.0,261.0,5.0,2.0,0.5,0.01,3.63,3.18,57.0,238.0,23.95,55.0,238.0,76.89,6.0,9.0,9.9,10.2,2671.0,11.2,2446.0,0.893,5.0,1,0,0,0,0,0,1,0,1,18652,9.833708657928211,1.0088998498820503,0,1
17151.0,9.749811759932081,Seattle Kraken,Pittsburgh Penguins,24.0,29.4,82.0,34.0,35.0,13.0,81.0,0.494,214.0,232.0,3.0,4.0,-0.26,-0.03,2.61,2.83,50.0,242.0,20.66,47.0,222.0,78.83,6.0,9.0,8.0,8.1,2347.0,9.1,2391.0,0.903,5.0,0,19.0,31.3,82.0,38.0,32.0,12.0,88.0,0.537,253.0,248.0,2.0,3.0,0.05,0.0,3.09,3.02,40.0,262.0,15.27,47.0,243.0,80.66,5.0,12.0,7.4,7.9,2685.0,9.4,2479.0,0.9,8.0,0,0,0,0,0,0,1,0,0,17100,9.746833742490752,1.0029824561403509,0,1
17435.0,9.766234959109752,San Jose Sharks,Florida Panthers,32.0,27.7,82.0,19.0,54.0,9.0,47.0,0.287,180.0,326.0,1.0,5.0,-1.78,0.05,2.2,3.98,42.0,208.0,20.19,62.0,252.0,75.4,3.0,8.0,9.5,8.2,2069.0,8.7,2881.0,0.887,2.0,0,5.0,29.5,82.0,52.0,24.0,6.0,110.0,0.671,265.0,198.0,3.0,2.0,0.81,-0.02,3.23,2.41,63.0,268.0,23.51,51.0,291.0,82.47,8.0,9.0,13.6,13.5,2764.0,9.6,2279.0,0.913,8.0,0,0,0,0,0,0,1,0,0,17435,9.766234959109752,1.0,0,1
17755.0,9.784422445377189,St. Louis Blues,Dallas Stars,16.0,29.0,82.0,43.0,33.0,6.0,92.0,0.561,234.0,248.0,5.0,2.0,-0.14,-0.01,2.85,3.02,45.0,250.0,18.0,46.0,215.0,78.6,11.0,7.0,7.4,8.6,2370.0,9.9,2636.0,0.906,4.0,0,2.0,29.3,82.0,52.0,21.0,9.0,113.0,0.689,294.0,232.0,4.0,2.0,0.74,-0.04,3.59,2.83,58.0,240.0,24.17,43.0,239.0,82.01,12.0,4.0,6.8,7.5,2588.0,11.4,2350.0,0.901,4.0,0,0,0,0,0,0,1,0,1,18400,9.820105943597078,0.964945652173913,0,0
18876.0,9.845646552846278,Vancouver Canucks,Washington Capitals,7.0,28.6,82.0,50.0,23.0,9.0,109.0,0.665,279.0,221.0,0.0,2.0,0.64,-0.04,3.4,2.7,58.0,257.0,22.57,53.0,254.0,79.13,7.0,7.0,9.6,9.7,2328.0,12.0,2343.0,0.906,7.0,1,17.0,30.0,82.0,40.0,31.0,11.0,91.0,0.555,216.0,252.0,4.0,5.0,-0.41,0.04,2.63,3.07,47.0,228.0,20.61,49.0,233.0,78.97,3.0,5.0,7.7,7.4,2172.0,9.9,2503.0,0.899,7.0,0,0,0,0,0,0,1,0,0,18910,9.847446161652503,0.9982020095187731,1,0
18701.0,9.83633227734872,Chicago Blackhawks,Minnesota Wild,31.0,27.4,82.0,23.0,53.0,6.0,52.0,0.317,178.0,289.0,1.0,1.0,-1.29,0.06,2.17,3.52,39.0,235.0,16.6,56.0,231.0,75.76,3.0,8.0,8.7,9.3,2153.0,8.3,2681.0,0.892,1.0,0,20.0,29.3,82.0,39.0,34.0,9.0,87.0,0.53,248.0,260.0,3.0,3.0,-0.14,0.01,3.02,3.17,62.0,273.0,22.71,67.0,263.0,74.52,3.0,11.0,11.4,11.3,2471.0,10.0,2437.0,0.893,6.0,0,0,0,0,0,0,0,1,1,20243,9.915564333761576,0.9238255199328163,0,1
18006.0,9.798460314668421,New York Rangers,Colorado Avalanche,1.0,29.1,82.0,55.0,23.0,4.0,114.0,0.695,278.0,226.0,4.0,3.0,0.61,-0.03,3.39,2.76,65.0,246.0,26.42,36.0,232.0,84.48,8.0,6.0,9.4,10.4,2582.0,10.8,2418.0,0.907,6.0,0,8.0,28.8,82.0,50.0,25.0,7.0,107.0,0.652,302.0,252.0,2.0,2.0,0.57,-0.05,3.68,3.07,68.0,278.0,24.46,53.0,264.0,79.92,7.0,6.0,8.9,9.7,2705.0,11.2,2444.0,0.897,4.0,0,0,0,0,0,0,0,1,0,18006,9.798460314668421,1.0,1,1
17716.0,9.782223465043089,Vegas Golden Knights,Florida Panthers,14.0,29.0,82.0,45.0,29.0,8.0,98.0,0.598,263.0,243.0,4.0,2.0,0.22,-0.05,3.21,2.96,51.0,252.0,20.24,44.0,213.0,79.34,9.0,8.0,7.4,8.5,2548.0,10.3,2487.0,0.902,3.0,0,5.0,29.5,82.0,52.0,24.0,6.0,110.0,0.671,265.0,198.0,3.0,2.0,0.81,-0.02,3.23,2.41,63.0,268.0,23.51,51.0,291.0,82.47,8.0,9.0,13.6,13.5,2764.0,9.6,2279.0,0.913,8.0,0,0,0,0,0,0,0,1,0,17500,9.769956159911606,1.0123428571428572,0,1
14491.0,9.581283046045924,Winnipeg Jets,Calgary Flames,4.0,29.4,82.0,52.0,24.0,6.0,110.0,0.671,259.0,198.0,0.0,1.0,0.69,-0.04,3.16,2.41,45.0,240.0,18.75,51.0,223.0,77.13,3.0,5.0,8.2,8.9,2488.0,10.4,2429.0,0.918,8.0,1,25.0,29.2,82.0,38.0,39.0,5.0,81.0,0.494,253.0,267.0,0.0,4.0,-0.2,0.02,3.09,3.26,45.0,252.0,17.86,47.0,245.0,80.82,11.0,11.0,9.4,9.2,2572.0,9.8,2438.0,0.89,2.0,1,0,0,0,0,0,0,1,0,15225,9.630694092578098,0.9517898193760262,0,0
17450.0,9.767094927630573,Detroit Red Wings,Los Angeles Kings,18.0,29.3,82.0,41.0,32.0,9.0,91.0,0.555,275.0,273.0,3.0,1.0,0.06,0.02,3.35,3.33,63.0,273.0,23.08,49.0,240.0,79.58,7.0,10.0,8.7,9.9,2375.0,11.6,2657.0,0.897,4.0,0,12.0,29.5,82.0,44.0,27.0,11.0,99.0,0.604,254.0,210.0,2.0,5.0,0.45,-0.05,3.1,2.56,56.0,248.0,22.58,39.0,253.0,84.58,11.0,7.0,8.7,9.5,2616.0,9.7,2296.0,0.909,7.0,0,1,0,0,0,0,0,0,0,20000,9.903487552536127,0.8725,0,0
18347.0,9.81722135237872,Edmonton Oilers,Seattle Kraken,9.0,29.4,82.0,49.0,27.0,6.0,104.0,0.634,292.0,236.0,2.0,1.0,0.65,-0.04,3.56,2.88,64.0,243.0,26.34,53.0,258.0,79.46,7.0,5.0,9.5,8.5,2768.0,10.5,2307.0,0.898,4.0,1,24.0,29.4,82.0,34.0,35.0,13.0,81.0,0.494,214.0,232.0,3.0,4.0,-0.26,-0.03,2.61,2.83,50.0,242.0,20.66,47.0,222.0,78.83,6.0,9.0,8.0,8.1,2347.0,9.1,2391.0,0.903,5.0,0,1,0,0,0,0,0,0,1,18347,9.81722135237872,1.0,1,0
19380.0,9.871996885444757,Philadelphia Flyers,New Jersey Devils,21.0,27.1,82.0,38.0,33.0,11.0,87.0,0.53,231.0,258.0,4.0,3.0,-0.29,0.03,2.82,3.15,31.0,254.0,12.2,40.0,241.0,83.4,16.0,4.0,10.1,9.7,2708.0,8.5,2225.0,0.884,5.0,0,23.0,26.8,82.0,38.0,39.0,5.0,81.0,0.494,264.0,281.0,0.0,2.0,-0.22,0.01,3.22,3.43,55.0,245.0,22.45,47.0,243.0,80.66,3.0,9.0,9.1,9.6,2516.0,10.5,2458.0,0.886,1.0,0,1,0,0,0,0,0,0,1,19537,9.880065382591635,0.991963965808466,0,0
17445.0,9.766808353620874,St. Louis Blues,Vancouver Canucks,16.0,29.0,82.0,43.0,33.0,6.0,92.0,0.561,234.0,248.0,5.0,2.0,-0.14,-0.01,2.85,3.02,45.0,250.0,18.0,46.0,215.0,78.6,11.0,7.0,7.4,8.6,2370.0,9.9,2636.0,0.906,4.0,0,7.0,28.6,82.0,50.0,23.0,9.0,109.0,0.665,279.0,221.0,0.0,2.0,0.64,-0.04,3.4,2.7,58.0,257.0,22.57,53.0,254.0,79.13,7.0,7.0,9.6,9.7,2328.0,12.0,2343.0,0.906,7.0,1,1,0,0,0,0,0,0,0,18400,9.820105943597078,0.9480978260869565,0,1
15607.0,9.655474810542554,Buffalo Sabres,Boston Bruins,22.0,25.7,82.0,39.0,37.0,6.0,84.0,0.512,244.0,243.0,2.0,1.0,0.03,0.01,2.98,2.96,37.0,223.0,16.59,49.0,243.0,79.84,7.0,10.0,9.8,9.2,2534.0,9.6,2402.0,0.899,5.0,0,6.0,28.6,82.0,47.0,20.0,15.0,109.0,0.665,263.0,221.0,4.0,3.0,0.53,0.01,3.21,2.7,54.0,243.0,22.22,47.0,268.0,82.46,7.0,6.0,9.5,8.8,2399.0,11.0,2504.0,0.912,5.0,0,0,1,0,0,0,0,0,1,19029,9.853719410302007,0.8201692154080614,0,1
17455.0,9.767381419539136,Calgary Flames,Washington Capitals,25.0,29.2,82.0,38.0,39.0,5.0,81.0,0.494,253.0,267.0,0.0,4.0,-0.2,0.02,3.09,3.26,45.0,252.0,17.86,47.0,245.0,80.82,11.0,11.0,9.4,9.2,2572.0,9.8,2438.0,0.89,2.0,1,17.0,30.0,82.0,40.0,31.0,11.0,91.0,0.555,216.0,252.0,4.0,5.0,-0.41,0.04,2.63,3.07,47.0,228.0,20.61,49.0,233.0,78.97,3.0,5.0,7.7,7.4,2172.0,9.9,2503.0,0.899,7.0,0,0,1,0,0,0,0,0,0,19289,9.86729026422424,0.9049199025351237,0,0
21105.0,9.9572652582166,Montreal Canadiens,Winnipeg Jets,28.0,26.7,82.0,30.0,36.0,16.0,76.0,0.463,232.0,281.0,4.0,8.0,-0.59,0.05,2.83,3.43,44.0,252.0,17.46,65.0,277.0,76.53,7.0,12.0,10.2,10.0,2269.0,10.2,2738.0,0.897,2.0,1,4.0,29.4,82.0,52.0,24.0,6.0,110.0,0.671,259.0,198.0,0.0,1.0,0.69,-0.04,3.16,2.41,45.0,240.0,18.75,51.0,223.0,77.13,3.0,5.0,8.2,8.9,2488.0,10.4,2429.0,0.918,8.0,1,0,1,0,0,0,0,0,0,21105,9.9572652582166,1.0,0,0
15735.0,9.663642809498507,New York Islanders,Colorado Avalanche,15.0,29.6,82.0,39.0,27.0,16.0,94.0,0.573,245.0,258.0,1.0,5.0,-0.18,0.03,2.99,3.15,47.0,231.0,20.35,63.0,221.0,71.49,10.0,3.0,7.1,7.4,2470.0,9.9,2686.0,0.904,5.0,0,8.0,28.8,82.0,50.0,25.0,7.0,107.0,0.652,302.0,252.0,2.0,2.0,0.57,-0.05,3.68,3.07,68.0,278.0,24.46,53.0,264.0,79.92,7.0,6.0,8.9,9.7,2705.0,11.2,2444.0,0.897,4.0,0,0,1,0,0,0,0,0,0,17113,9.747593687577451,0.9194764214339975,0,1
17629.0,9.777300552285743,New York Rangers,Carolina Hurricanes,1.0,29.1,82.0,55.0,23.0,4.0,114.0,0.695,278.0,226.0,4.0,3.0,0.61,-0.03,3.39,2.76,65.0,246.0,26.42,36.0,232.0,84.48,8.0,6.0,9.4,10.4,2582.0,10.8,2418.0,0.907,6.0,0,3.0,29.4,82.0,52.0,23.0,7.0,111.0,0.677,277.0,211.0,2.0,5.0,0.73,-0.04,3.38,2.57,67.0,249.0,26.91,35.0,258.0,86.43,11.0,8.0,8.5,8.0,2733.0,10.1,2101.0,0.9,8.0,0,0,1,0,0,0,0,0,1,18006,9.798460314668421,0.979062534710652,1,0
17151.0,9.749811759932081,Seattle Kraken,Anaheim Ducks,24.0,29.4,82.0,34.0,35.0,13.0,81.0,0.494,214.0,232.0,3.0,4.0,-0.26,-0.03,2.61,2.83,50.0,242.0,20.66,47.0,222.0,78.83,6.0,9.0,8.0,8.1,2347.0,9.1,2391.0,0.903,5.0,0,30.0,27.7,82.0,27.0,50.0,5.0,59.0,0.36,203.0,293.0,1.0,2.0,-1.09,0.02,2.48,3.57,43.0,235.0,18.3,91.0,330.0,72.42,12.0,5.0,13.5,10.9,2194.0,9.3,2666.0,0.89,1.0,0,0,1,0,0,0,0,0,1,17100,9.746833742490752,1.0029824561403509,0,0
19092.0,9.857024678125788,Tampa Bay Lightning,Chicago Blackhawks,13.0,29.1,82.0,45.0,29.0,8.0,98.0,0.598,288.0,267.0,3.0,1.0,0.28,0.0,3.51,3.26,71.0,248.0,28.63,39.0,234.0,83.33,5.0,6.0,11.0,11.0,2401.0,12.0,2430.0,0.89,4.0,0,31.0,27.4,82.0,23.0,53.0,6.0,52.0,0.317,178.0,289.0,1.0,1.0,-1.29,0.06,2.17,3.52,39.0,235.0,16.6,56.0,231.0,75.76,3.0,8.0,8.7,9.3,2153.0,8.3,2681.0,0.892,1.0,0,0,1,0,0,0,0,0,0,19204,9.862873869650832,0.9941678816913143,1,0
17811.0,9.787571522938785,Vegas Golden Knights,Dallas Stars,14.0,29.0,82.0,45.0,29.0,8.0,98.0,0.598,263.0,243.0,4.0,2.0,0.22,-0.05,3.21,2.96,51.0,252.0,20.24,44.0,213.0,79.34,9.0,8.0,7.4,8.5,2548.0,10.3,2487.0,0.902,3.0,0,2.0,29.3,82.0,52.0,21.0,9.0,113.0,0.689,294.0,232.0,4.0,2.0,0.74,-0.04,3.59,2.83,58.0,240.0,24.17,43.0,239.0,82.01,12.0,4.0,6.8,7.5,2588.0,11.4,2350.0,0.901,4.0,0,0,1,0,0,0,0,0,0,17500,9.769956159911606,1.0177714285714285,0,0
19515.0,9.878938679614715,Florida Panthers,Los Angeles Kings,5.0,29.5,82.0,52.0,24.0,6.0,110.0,0.671,265.0,198.0,3.0,2.0,0.81,-0.02,3.23,2.41,63.0,268.0,23.51,51.0,291.0,82.47,8.0,9.0,13.6,13.5,2764.0,9.6,2279.0,0.913,8.0,0,12.0,29.5,82.0,44.0,27.0,11.0,99.0,0.604,254.0,210.0,2.0,5.0,0.45,-0.05,3.1,2.56,56.0,248.0,22.58,39.0,253.0,84.58,11.0,7.0,8.7,9.5,2616.0,9.7,2296.0,0.909,7.0,0,0,0,1,0,0,0,0,0,19109,9.857914707241372,1.0212465330472553,1,0
16026.0,9.681967682338016,New Jersey Devils,Philadelphia Flyers,23.0,26.8,82.0,38.0,39.0,5.0,81.0,0.494,264.0,281.0,0.0,2.0,-0.22,0.01,3.22,3.43,55.0,245.0,22.45,47.0,243.0,80.66,3.0,9.0,9.1,9.6,2516.0,10.5,2458.0,0.886,1.0,0,21.0,27.1,82.0,38.0,33.0,11.0,87.0,0.53,231.0,258.0,4.0,3.0,-0.29,0.03,2.82,3.15,31.0,254.0,12.2,40.0,241.0,83.4,16.0,4.0,10.1,9.7,2708.0,8.5,2225.0,0.884,5.0,0,0,0,1,0,0,0,0,1,16535,9.713234625415893,0.9692168128212881,0,0
17159.0,9.750278096285621,Nashville Predators,Vancouver Canucks,11.0,29.5,82.0,47.0,30.0,5.0,99.0,0.604,266.0,248.0,3.0,0.0,0.23,-0.02,3.24,3.02,58.0,269.0,21.56,57.0,247.0,76.92,7.0,5.0,9.7,9.5,2642.0,10.1,2507.0,0.901,4.0,0,7.0,28.6,82.0,50.0,23.0,9.0,109.0,0.665,279.0,221.0,0.0,2.0,0.64,-0.04,3.4,2.7,58.0,257.0,22.57,53.0,254.0,79.13,7.0,7.0,9.6,9.7,2328.0,12.0,2343.0,0.906,7.0,1,0,0,1,0,0,0,0,0,17113,9.747593687577451,1.0026880149593875,1,1
18544.0,9.827901565579532,Toronto Maple Leafs,Minnesota Wild,10.0,28.9,82.0,46.0,26.0,10.0,102.0,0.622,298.0,261.0,5.0,2.0,0.5,0.01,3.63,3.18,57.0,238.0,23.95,55.0,238.0,76.89,6.0,9.0,9.9,10.2,2671.0,11.2,2446.0,0.893,5.0,1,20.0,29.3,82.0,39.0,34.0,9.0,87.0,0.53,248.0,260.0,3.0,3.0,-0.14,0.01,3.02,3.17,62.0,273.0,22.71,67.0,263.0,74.52,3.0,11.0,11.4,11.3,2471.0,10.0,2437.0,0.893,6.0,0,0,0,1,0,0,0,0,0,18819,9.842622276764853,0.9853871087730485,1,1
17850.0,9.789758787207784,Boston Bruins,Winnipeg Jets,6.0,28.6,82.0,47.0,20.0,15.0,109.0,0.665,263.0,221.0,4.0,3.0,0.53,0.01,3.21,2.7,54.0,243.0,22.22,47.0,268.0,82.46,7.0,6.0,9.5,8.8,2399.0,11.0,2504.0,0.912,5.0,0,4.0,29.4,82.0,52.0,24.0,6.0,110.0,0.671,259.0,198.0,0.0,1.0,0.69,-0.04,3.16,2.41,45.0,240.0,18.75,51.0,223.0,77.13,3.0,5.0,8.2,8.9,2488.0,10.4,2429.0,0.918,8.0,1,0,0,0,1,0,0,0,0,17565,9.773663564699927,1.0162254483347566,1,0
18896.0,9.846705538437144,Carolina Hurricanes,Chicago Blackhawks,3.0,29.4,82.0,52.0,23.0,7.0,111.0,0.677,277.0,211.0,2.0,5.0,0.73,-0.04,3.38,2.57,67.0,249.0,26.91,35.0,258.0,86.43,11.0,8.0,8.5,8.0,2733.0,10.1,2101.0,0.9,8.0,0,31.0,27.4,82.0,23.0,53.0,6.0,52.0,0.317,178.0,289.0,1.0,1.0,-1.29,0.06,2.17,3.52,39.0,235.0,16.6,56.0,231.0,75.76,3.0,8.0,8.7,9.3,2153.0,8.3,2681.0,0.892,1.0,0,0,0,0,1,0,0,0,0,18680,9.835208711782833,1.0115631691648823,0,0
17123.0,9.748177867988971,Calgary Flames,Anaheim Ducks,25.0,29.2,82.0,38.0,39.0,5.0,81.0,0.494,253.0,267.0,0.0,4.0,-0.2,0.02,3.09,3.26,45.0,252.0,17.86,47.0,245.0,80.82,11.0,11.0,9.4,9.2,2572.0,9.8,2438.0,0.89,2.0,1,30.0,27.7,82.0,27.0,50.0,5.0,59.0,0.36,203.0,293.0,1.0,2.0,-1.09,0.02,2.48,3.57,43.0,235.0,18.3,91.0,330.0,72.42,12.0,5.0,13.5,10.9,2194.0,9.3,2666.0,0.89,1.0,0,0,0,0,1,0,0,0,1,19289,9.86729026422424,0.8877080201150915,0,0
18347.0,9.81722135237872,Edmonton Oilers,Detroit Red Wings,9.0,29.4,82.0,49.0,27.0,6.0,104.0,0.634,292.0,236.0,2.0,1.0,0.65,-0.04,3.56,2.88,64.0,243.0,26.34,53.0,258.0,79.46,7.0,5.0,9.5,8.5,2768.0,10.5,2307.0,0.898,4.0,1,18.0,29.3,82.0,41.0,32.0,9.0,91.0,0.555,275.0,273.0,3.0,1.0,0.06,0.02,3.35,3.33,63.0,273.0,23.08,49.0,240.0,79.58,7.0,10.0,8.7,9.9,2375.0,11.6,2657.0,0.897,4.0,0,0,0,0,1,0,0,0,0,18347,9.81722135237872,1.0,1,0
21105.0,9.9572652582166,Montreal Canadiens,Minnesota Wild,28.0,26.7,82.0,30.0,36.0,16.0,76.0,0.463,232.0,281.0,4.0,8.0,-0.59,0.05,2.83,3.43,44.0,252.0,17.46,65.0,277.0,76.53,7.0,12.0,10.2,10.0,2269.0,10.2,2738.0,0.897,2.0,1,20.0,29.3,82.0,39.0,34.0,9.0,87.0,0.53,248.0,260.0,3.0,3.0,-0.14,0.01,3.02,3.17,62.0,273.0,22.71,67.0,263.0,74.52,3.0,11.0,11.4,11.3,2471.0,10.0,2437.0,0.893,6.0,0,0,0,0,1,0,0,0,0,21105,9.9572652582166,1.0,0,1
18792.0,9.841186526338749,Ottawa Senators,Washington Capitals,26.0,27.0,82.0,37.0,41.0,4.0,78.0,0.476,250.0,281.0,5.0,0.0,-0.28,0.04,3.05,3.43,51.0,283.0,18.02,61.0,245.0,75.1,7.0,6.0,10.4,11.1,2602.0,9.6,2432.0,0.884,2.0,1,17.0,30.0,82.0,40.0,31.0,11.0,91.0,0.555,216.0,252.0,4.0,5.0,-0.41,0.04,2.63,3.07,47.0,228.0,20.61,49.0,233.0,78.97,3.0,5.0,7.7,7.4,2172.0,9.9,2503.0,0.899,7.0,0,0,0,0,1,0,0,0,0,18652,9.833708657928211,1.0075058974908857,0,0
18703.0,9.836439217783001,Philadelphia Flyers,New York Islanders,21.0,27.1,82.0,38.0,33.0,11.0,87.0,0.53,231.0,258.0,4.0,3.0,-0.29,0.03,2.82,3.15,31.0,254.0,12.2,40.0,241.0,83.4,16.0,4.0,10.1,9.7,2708.0,8.5,2225.0,0.884,5.0,0,15.0,29.6,82.0,39.0,27.0,16.0,94.0,0.573,245.0,258.0,1.0,5.0,-0.18,0.03,2.99,3.15,47.0,231.0,20.35,63.0,221.0,71.49,10.0,3.0,7.1,7.4,2470.0,9.9,2686.0,0.904,5.0,0,0,0,0,1,0,0,0,1,19537,9.880065382591635,0.9573117674156728,0,0
17151.0,9.749811759932081,Seattle Kraken,San Jose Sharks,24.0,29.4,82.0,34.0,35.0,13.0,81.0,0.494,214.0,232.0,3.0,4.0,-0.26,-0.03,2.61,2.83,50.0,242.0,20.66,47.0,222.0,78.83,6.0,9.0,8.0,8.1,2347.0,9.1,2391.0,0.903,5.0,0,32.0,27.7,82.0,19.0,54.0,9.0,47.0,0.287,180.0,326.0,1.0,5.0,-1.78,0.05,2.2,3.98,42.0,208.0,20.19,62.0,252.0,75.4,3.0,8.0,9.5,8.2,2069.0,8.7,2881.0,0.887,2.0,0,0,0,0,1,0,0,0,1,17100,9.746833742490752,1.0029824561403509,0,0
19092.0,9.857024678125788,Tampa Bay Lightning,Los Angeles Kings,13.0,29.1,82.0,45.0,29.0,8.0,98.0,0.598,288.0,267.0,3.0,1.0,0.28,0.0,3.51,3.26,71.0,248.0,28.63,39.0,234.0,83.33,5.0,6.0,11.0,11.0,2401.0,12.0,2430.0,0.89,4.0,0,12.0,29.5,82.0,44.0,27.0,11.0,99.0,0.604,254.0,210.0,2.0,5.0,0.45,-0.05,3.1,2.56,56.0,248.0,22.58,39.0,253.0,84.58,11.0,7.0,8.7,9.5,2616.0,9.7,2296.0,0.909,7.0,0,0,0,0,1,0,0,0,0,19204,9.862873869650832,0.9941678816913143,1,0
17783.0,9.785998223743661,Vegas Golden Knights,Columbus Blue Jackets,14.0,29.0,82.0,45.0,29.0,8.0,98.0,0.598,263.0,243.0,4.0,2.0,0.22,-0.05,3.21,2.96,51.0,252.0,20.24,44.0,213.0,79.34,9.0,8.0,7.4,8.5,2548.0,10.3,2487.0,0.902,3.0,0,29.0,26.8,82.0,27.0,43.0,12.0,66.0,0.402,234.0,298.0,3.0,2.0,-0.72,0.05,2.85,3.63,32.0,212.0,15.09,56.0,236.0,76.27,5.0,6.0,8.2,7.6,2458.0,9.5,2822.0,0.894,1.0,0,0,0,0,1,0,0,0,0,17500,9.769956159911606,1.0161714285714285,0,0
18347.0,9.81722135237872,Buffalo Sabres,Nashville Predators,22.0,25.7,82.0,39.0,37.0,6.0,84.0,0.512,244.0,243.0,2.0,1.0,0.03,0.01,2.98,2.96,37.0,223.0,16.59,49.0,243.0,79.84,7.0,10.0,9.8,9.2,2534.0,9.6,2402.0,0.899,5.0,0,11.0,29.5,82.0,47.0,30.0,5.0,99.0,0.604,266.0,248.0,3.0,0.0,0.23,-0.02,3.24,3.02,58.0,269.0,21.56,57.0,247.0,76.92,7.0,5.0,9.7,9.5,2642.0,10.1,2507.0,0.901,4.0,0,0,0,0,0,1,0,0,0,19029,9.853719410302007,0.9641599663671239,0,1
18073.0,9.802174390835638,Colorado Avalanche,St. Louis Blues,8.0,28.8,82.0,50.0,25.0,7.0,107.0,0.652,302.0,252.0,2.0,2.0,0.57,-0.05,3.68,3.07,68.0,278.0,24.46,53.0,264.0,79.92,7.0,6.0,8.9,9.7,2705.0,11.2,2444.0,0.897,4.0,0,16.0,29.0,82.0,43.0,33.0,6.0,92.0,0.561,234.0,248.0,5.0,2.0,-0.14,-0.01,2.85,3.02,45.0,250.0,18.0,46.0,215.0,78.6,11.0,7.0,7.4,8.6,2370.0,9.9,2636.0,0.906,4.0,0,0,0,0,0,1,0,0,1,18007,9.798515850169505,1.003665241295052,1,0
18532.0,9.827254246536539,Dallas Stars,Vancouver Canucks,2.0,29.3,82.0,52.0,21.0,9.0,113.0,0.689,294.0,232.0,4.0,2.0,0.74,-0.04,3.59,2.83,58.0,240.0,24.17,43.0,239.0,82.01,12.0,4.0,6.8,7.5,2588.0,11.4,2350.0,0.901,4.0,0,7.0,28.6,82.0,50.0,23.0,9.0,109.0,0.665,279.0,221.0,0.0,2.0,0.64,-0.04,3.4,2.7,58.0,257.0,22.57,53.0,254.0,79.13,7.0,7.0,9.6,9.7,2328.0,12.0,2343.0,0.906,7.0,1,0,0,0,0,1,0,0,0,18408,9.820540631715202,1.0067362016514558,0,1
17850.0,9.789758787207784,Boston Bruins,New York Rangers,6.0,28.6,82.0,47.0,20.0,15.0,109.0,0.665,263.0,221.0,4.0,3.0,0.53,0.01,3.21,2.7,54.0,243.0,22.22,47.0,268.0,82.46,7.0,6.0,9.5,8.8,2399.0,11.0,2504.0,0.912,5.0,0,1.0,29.1,82.0,55.0,23.0,4.0,114.0,0.695,278.0,226.0,4.0,3.0,0.61,-0.03,3.39,2.76,65.0,246.0,26.42,36.0,232.0,84.48,8.0,6.0,9.4,10.4,2582.0,10.8,2418.0,0.907,6.0,0,0,0,0,0,0,1,0,0,17565,9.773663564699927,1.0162254483347566,1,1
18977.0,9.85098299855398,Carolina Hurricanes,Los Angeles Kings,3.0,29.4,82.0,52.0,23.0,7.0,111.0,0.677,277.0,211.0,2.0,5.0,0.73,-0.04,3.38,2.57,67.0,249.0,26.91,35.0,258.0,86.43,11.0,8.0,8.5,8.0,2733.0,10.1,2101.0,0.9,8.0,0,12.0,29.5,82.0,44.0,27.0,11.0,99.0,0.604,254.0,210.0,2.0,5.0,0.45,-0.05,3.1,2.56,56.0,248.0,22.58,39.0,253.0,84.58,11.0,7.0,8.7,9.5,2616.0,9.7,2296.0,0.909,7.0,0,0,0,0,0,0,1,0,0,18680,9.835208711782833,1.015899357601713,0,0
17707.0,9.781715320606217,Calgary Flames,Detroit Red Wings,25.0,29.2,82.0,38.0,39.0,5.0,81.0,0.494,253.0,267.0,0.0,4.0,-0.2,0.02,3.09,3.26,45.0,252.0,17.86,47.0,245.0,80.82,11.0,11.0,9.4,9.2,2572.0,9.8,2438.0,0.89,2.0,1,18.0,29.3,82.0,41.0,32.0,9.0,91.0,0.555,275.0,273.0,3.0,1.0,0.06,0.02,3.35,3.33,63.0,273.0,23.08,49.0,240.0,79.58,7.0,10.0,8.7,9.9,2375.0,11.6,2657.0,0.897,4.0,0,0,0,0,0,0,1,0,0,19289,9.86729026422424,0.91798434340816,0,0
18347.0,9.81722135237872,Edmonton Oilers,Toronto Maple Leafs,9.0,29.4,82.0,49.0,27.0,6.0,104.0,0.634,292.0,236.0,2.0,1.0,0.65,-0.04,3.56,2.88,64.0,243.0,26.34,53.0,258.0,79.46,7.0,5.0,9.5,8.5,2768.0,10.5,2307.0,0.898,4.0,1,10.0,28.9,82.0,46.0,26.0,10.0,102.0,0.622,298.0,261.0,5.0,2.0,0.5,0.01,3.63,3.18,57.0,238.0,23.95,55.0,238.0,76.89,6.0,9.0,9.9,10.2,2671.0,11.2,2446.0,0.893,5.0,1,0,0,0,0,0,1,0,0,18347,9.81722135237872,1.0,1,1
19457.0,9.875962181471376,Florida Panthers,Chicago Blackhawks,5.0,29.5,82.0,52.0,24.0,6.0,110.0,0.671,265.0,198.0,3.0,2.0,0.81,-0.02,3.23,2.41,63.0,268.0,23.51,51.0,291.0,82.47,8.0,9.0,13.6,13.5,2764.0,9.6,2279.0,0.913,8.0,0,31.0,27.4,82.0,23.0,53.0,6.0,52.0,0.317,178.0,289.0,1.0,1.0,-1.29,0.06,2.17,3.52,39.0,235.0,16.6,56.0,231.0,75.76,3.0,8.0,8.7,9.3,2153.0,8.3,2681.0,0.892,1.0,0,0,0,0,0,0,1,0,0,19109,9.857914707241372,1.0182113140405045,1,0
18822.0,9.842781677418733,Ottawa Senators,Minnesota Wild,26.0,27.0,82.0,37.0,41.0,4.0,78.0,0.476,250.0,281.0,5.0,0.0,-0.28,0.04,3.05,3.43,51.0,283.0,18.02,61.0,245.0,75.1,7.0,6.0,10.4,11.1,2602.0,9.6,2432.0,0.884,2.0,1,20.0,29.3,82.0,39.0,34.0,9.0,87.0,0.53,248.0,260.0,3.0,3.0,-0.14,0.01,3.02,3.17,62.0,273.0,22.71,67.0,263.0,74.52,3.0,11.0,11.4,11.3,2471.0,10.0,2437.0,0.893,6.0,0,0,0,0,0,0,1,0,0,18652,9.833708657928211,1.0091143040960755,0,1
18272.0,9.813125112455737,Pittsburgh Penguins,Nashville Predators,19.0,31.3,82.0,38.0,32.0,12.0,88.0,0.537,253.0,248.0,2.0,3.0,0.05,0.0,3.09,3.02,40.0,262.0,15.27,47.0,243.0,80.66,5.0,12.0,7.4,7.9,2685.0,9.4,2479.0,0.9,8.0,0,11.0,29.5,82.0,47.0,30.0,5.0,99.0,0.604,266.0,248.0,3.0,0.0,0.23,-0.02,3.24,3.02,58.0,269.0,21.56,57.0,247.0,76.92,7.0,5.0,9.7,9.5,2642.0,10.1,2507.0,0.901,4.0,0,0,0,0,0,0,1,0,0,18387,9.819399172153842,0.9937455811170935,1,1
19092.0,9.857024678125788,Tampa Bay Lightning,New York Islanders,13.0,29.1,82.0,45.0,29.0,8.0,98.0,0.598,288.0,267.0,3.0,1.0,0.28,0.0,3.51,3.26,71.0,248.0,28.63,39.0,234.0,83.33,5.0,6.0,11.0,11.0,2401.0,12.0,2430.0,0.89,4.0,0,15.0,29.6,82.0,39.0,27.0,16.0,94.0,0.573,245.0,258.0,1.0,5.0,-0.18,0.03,2.99,3.15,47.0,231.0,20.35,63.0,221.0,71.49,10.0,3.0,7.1,7.4,2470.0,9.9,2686.0,0.904,5.0,0,0,0,0,0,0,1,0,0,19204,9.862873869650832,0.9941678816913143,1,0
18573.0,9.829464192187341,Washington Capitals,Winnipeg Jets,17.0,30.0,82.0,40.0,31.0,11.0,91.0,0.555,216.0,252.0,4.0,5.0,-0.41,0.04,2.63,3.07,47.0,228.0,20.61,49.0,233.0,78.97,3.0,5.0,7.7,7.4,2172.0,9.9,2503.0,0.899,7.0,0,4.0,29.4,82.0,52.0,24.0,6.0,110.0,0.671,259.0,198.0,0.0,1.0,0.69,-0.04,3.16,2.41,45.0,240.0,18.75,51.0,223.0,77.13,3.0,5.0,8.2,8.9,2488.0,10.4,2429.0,0.918,8.0,1,0,0,0,0,0,1,0,0,18506,9.825850282808975,1.0036204474224575,0,0
17174.0,9.75115189123243,Anaheim Ducks,Montreal Canadiens,30.0,27.7,82.0,27.0,50.0,5.0,59.0,0.36,203.0,293.0,1.0,2.0,-1.09,0.02,2.48,3.57,43.0,235.0,18.3,91.0,330.0,72.42,12.0,5.0,13.5,10.9,2194.0,9.3,2666.0,0.89,1.0,0,28.0,26.7,82.0,30.0,36.0,16.0,76.0,0.463,232.0,281.0,4.0,8.0,-0.59,0.05,2.83,3.43,44.0,252.0,17.46,65.0,277.0,76.53,7.0,12.0,10.2,10.0,2269.0,10.2,2738.0,0.897,2.0,1,0,0,0,0,0,0,1,0,17174,9.75115189123243,1.0,0,0
15710.0,9.662052731249666,Buffalo Sabres,New Jersey Devils,22.0,25.7,82.0,39.0,37.0,6.0,84.0,0.512,244.0,243.0,2.0,1.0,0.03,0.01,2.98,2.96,37.0,223.0,16.59,49.0,243.0,79.84,7.0,10.0,9.8,9.2,2534.0,9.6,2402.0,0.899,5.0,0,23.0,26.8,82.0,38.0,39.0,5.0,81.0,0.494,264.0,281.0,0.0,2.0,-0.22,0.01,3.22,3.43,55.0,245.0,22.45,47.0,243.0,80.66,3.0,9.0,9.1,9.6,2516.0,10.5,2458.0,0.886,1.0,0,0,0,0,0,0,0,1,0,19029,9.853719410302007,0.825582006411267,0,0
18076.0,9.802340370531171,Colorado Avalanche,Philadelphia Flyers,8.0,28.8,82.0,50.0,25.0,7.0,107.0,0.652,302.0,252.0,2.0,2.0,0.57,-0.05,3.68,3.07,68.0,278.0,24.46,53.0,264.0,79.92,7.0,6.0,8.9,9.7,2705.0,11.2,2444.0,0.897,4.0,0,21.0,27.1,82.0,38.0,33.0,11.0,87.0,0.53,231.0,258.0,4.0,3.0,-0.29,0.03,2.82,3.15,31.0,254.0,12.2,40.0,241.0,83.4,16.0,4.0,10.1,9.7,2708.0,8.5,2225.0,0.884,5.0,0,0,0,0,0,0,0,1,0,18007,9.798515850169505,1.0038318431720998,1,0
18532.0,9.827254246536539,Dallas Stars,Columbus Blue Jackets,2.0,29.3,82.0,52.0,21.0,9.0,113.0,0.689,294.0,232.0,4.0,2.0,0.74,-0.04,3.59,2.83,58.0,240.0,24.17,43.0,239.0,82.01,12.0,4.0,6.8,7.5,2588.0,11.4,2350.0,0.901,4.0,0,29.0,26.8,82.0,27.0,43.0,12.0,66.0,0.402,234.0,298.0,3.0,2.0,-0.72,0.05,2.85,3.63,32.0,212.0,15.09,56.0,236.0,76.27,5.0,6.0,8.2,7.6,2458.0,9.5,2822.0,0.894,1.0,0,0,0,0,0,0,0,1,0,18408,9.820540631715202,1.0067362016514558,0,0
19721.0,9.889439336810069,Florida Panthers,New York Islanders,5.0,29.5,82.0,52.0,24.0,6.0,110.0,0.671,265.0,198.0,3.0,2.0,0.81,-0.02,3.23,2.41,63.0,268.0,23.51,51.0,291.0,82.47,8.0,9.0,13.6,13.5,2764.0,9.6,2279.0,0.913,8.0,0,15.0,29.6,82.0,39.0,27.0,16.0,94.0,0.573,245.0,258.0,1.0,5.0,-0.18,0.03,2.99,3.15,47.0,231.0,20.35,63.0,221.0,71.49,10.0,3.0,7.1,7.4,2470.0,9.9,2686.0,0.904,5.0,0,0,0,0,0,0,0,1,0,19109,9.857914707241372,1.032026793657439,1,0
18006.0,9.798460314668421,New York Rangers,Vegas Golden Knights,1.0,29.1,82.0,55.0,23.0,4.0,114.0,0.695,278.0,226.0,4.0,3.0,0.61,-0.03,3.39,2.76,65.0,246.0,26.42,36.0,232.0,84.48,8.0,6.0,9.4,10.4,2582.0,10.8,2418.0,0.907,6.0,0,14.0,29.0,82.0,45.0,29.0,8.0,98.0,0.598,263.0,243.0,4.0,2.0,0.22,-0.05,3.21,2.96,51.0,252.0,20.24,44.0,213.0,79.34,9.0,8.0,7.4,8.5,2548.0,10.3,2487.0,0.902,3.0,0,0,0,0,0,0,0,1,0,18006,9.798460314668421,1.0,1,0
17151.0,9.749811759932081,Seattle Kraken,Calgary Flames,24.0,29.4,82.0,34.0,35.0,13.0,81.0,0.494,214.0,232.0,3.0,4.0,-0.26,-0.03,2.61,2.83,50.0,242.0,20.66,47.0,222.0,78.83,6.0,9.0,8.0,8.1,2347.0,9.1,2391.0,0.903,5.0,0,25.0,29.2,82.0,38.0,39.0,5.0,81.0,0.494,253.0,267.0,0.0,4.0,-0.2,0.02,3.09,3.26,45.0,252.0,17.86,47.0,245.0,80.82,11.0,11.0,9.4,9.2,2572.0,9.8,2438.0,0.89,2.0,1,0,0,0,0,0,0,1,1,17100,9.746833742490752,1.0029824561403509,0,0
18872.0,9.845434621087511,Vancouver Canucks,Detroit Red Wings,7.0,28.6,82.0,50.0,23.0,9.0,109.0,0.665,279.0,221.0,0.0,2.0,0.64,-0.04,3.4,2.7,58.0,257.0,22.57,53.0,254.0,79.13,7.0,7.0,9.6,9.7,2328.0,12.0,2343.0,0.906,7.0,1,18.0,29.3,82.0,41.0,32.0,9.0,91.0,0.555,275.0,273.0,3.0,1.0,0.06,0.02,3.35,3.33,63.0,273.0,23.08,49.0,240.0,79.58,7.0,10.0,8.7,9.9,2375.0,11.6,2657.0,0.897,4.0,0,0,0,0,0,0,0,1,0,18910,9.847446161652503,0.9979904812268641,1,0
17159.0,9.750278096285621,Nashville Predators,Ottawa Senators,11.0,29.5,82.0,47.0,30.0,5.0,99.0,0.604,266.0,248.0,3.0,0.0,0.23,-0.02,3.24,3.02,58.0,269.0,21.56,57.0,247.0,76.92,7.0,5.0,9.7,9.5,2642.0,10.1,2507.0,0.901,4.0,0,26.0,27.0,82.0,37.0,41.0,4.0,78.0,0.476,250.0,281.0,5.0,0.0,-0.28,0.04,3.05,3.43,51.0,283.0,18.02,61.0,245.0,75.1,7.0,6.0,10.4,11.1,2602.0,9.6,2432.0,0.884,2.0,1,1,0,0,0,0,0,0,0,17113,9.747593687577451,1.0026880149593875,1,0
16714.0,9.724001970561382,Anaheim Ducks,Dallas Stars,30.0,27.7,82.0,27.0,50.0,5.0,59.0,0.36,203.0,293.0,1.0,2.0,-1.09,0.02,2.48,3.57,43.0,235.0,18.3,91.0,330.0,72.42,12.0,5.0,13.5,10.9,2194.0,9.3,2666.0,0.89,1.0,0,2.0,29.3,82.0,52.0,21.0,9.0,113.0,0.689,294.0,232.0,4.0,2.0,0.74,-0.04,3.59,2.83,58.0,240.0,24.17,43.0,239.0,82.01,12.0,4.0,6.8,7.5,2588.0,11.4,2350.0,0.901,4.0,0,0,1,0,0,0,0,0,0,17174,9.75115189123243,0.9732153254920228,0,0
17850.0,9.789758787207784,Boston Bruins,Minnesota Wild,6.0,28.6,82.0,47.0,20.0,15.0,109.0,0.665,263.0,221.0,4.0,3.0,0.53,0.01,3.21,2.7,54.0,243.0,22.22,47.0,268.0,82.46,7.0,6.0,9.5,8.8,2399.0,11.0,2504.0,0.912,5.0,0,20.0,29.3,82.0,39.0,34.0,9.0,87.0,0.53,248.0,260.0,3.0,3.0,-0.14,0.01,3.02,3.17,62.0,273.0,22.71,67.0,263.0,74.52,3.0,11.0,11.4,11.3,2471.0,10.0,2437.0,0.893,6.0,0,0,1,0,0,0,0,0,0,17565,9.773663564699927,1.0162254483347566,1,1
14198.0,9.560856388599332,Buffalo Sabres,Columbus Blue Jackets,22.0,25.7,82.0,39.0,37.0,6.0,84.0,0.512,244.0,243.0,2.0,1.0,0.03,0.01,2.98,2.96,37.0,223.0,16.59,49.0,243.0,79.84,7.0,10.0,9.8,9.2,2534.0,9.6,2402.0,0.899,5.0,0,29.0,26.8,82.0,27.0,43.0,12.0,66.0,0.402,234.0,298.0,3.0,2.0,-0.72,0.05,2.85,3.63,32.0,212.0,15.09,56.0,236.0,76.27,5.0,6.0,8.2,7.6,2458.0,9.5,2822.0,0.894,1.0,0,0,1,0,0,0,0,0,0,19029,9.853719410302007,0.7461243365389668,0,0
18769.0,9.83996185165625,Calgary Flames,Toronto Maple Leafs,25.0,29.2,82.0,38.0,39.0,5.0,81.0,0.494,253.0,267.0,0.0,4.0,-0.2,0.02,3.09,3.26,45.0,252.0,17.86,47.0,245.0,80.82,11.0,11.0,9.4,9.2,2572.0,9.8,2438.0,0.89,2.0,1,10.0,28.9,82.0,46.0,26.0,10.0,102.0,0.622,298.0,261.0,5.0,2.0,0.5,0.01,3.63,3.18,57.0,238.0,23.95,55.0,238.0,76.89,6.0,9.0,9.9,10.2,2671.0,11.2,2446.0,0.893,5.0,1,0,1,0,0,0,0,0,0,19289,9.86729026422424,0.9730416299445279,0,1
16031.0,9.682279626689674,New York Islanders,Vegas Golden Knights,15.0,29.6,82.0,39.0,27.0,16.0,94.0,0.573,245.0,258.0,1.0,5.0,-0.18,0.03,2.99,3.15,47.0,231.0,20.35,63.0,221.0,71.49,10.0,3.0,7.1,7.4,2470.0,9.9,2686.0,0.904,5.0,0,14.0,29.0,82.0,45.0,29.0,8.0,98.0,0.598,263.0,243.0,4.0,2.0,0.22,-0.05,3.21,2.96,51.0,252.0,20.24,44.0,213.0,79.34,9.0,8.0,7.4,8.5,2548.0,10.3,2487.0,0.902,3.0,0,0,1,0,0,0,0,0,0,17113,9.747593687577451,0.9367732133465786,0,0
15916.0,9.675080171546819,Pittsburgh Penguins,New Jersey Devils,19.0,31.3,82.0,38.0,32.0,12.0,88.0,0.537,253.0,248.0,2.0,3.0,0.05,0.0,3.09,3.02,40.0,262.0,15.27,47.0,243.0,80.66,5.0,12.0,7.4,7.9,2685.0,9.4,2479.0,0.9,8.0,0,23.0,26.8,82.0,38.0,39.0,5.0,81.0,0.494,264.0,281.0,0.0,2.0,-0.22,0.01,3.22,3.43,55.0,245.0,22.45,47.0,243.0,80.66,3.0,9.0,9.1,9.6,2516.0,10.5,2458.0,0.886,1.0,0,0,1,0,0,0,0,0,1,18387,9.819399172153842,0.8656115733942459,1,0
17151.0,9.749811759932081,Seattle Kraken,Detroit Red Wings,24.0,29.4,82.0,34.0,35.0,13.0,81.0,0.494,214.0,232.0,3.0,4.0,-0.26,-0.03,2.61,2.83,50.0,242.0,20.66,47.0,222.0,78.83,6.0,9.0,8.0,8.1,2347.0,9.1,2391.0,0.903,5.0,0,18.0,29.3,82.0,41.0,32.0,9.0,91.0,0.555,275.0,273.0,3.0,1.0,0.06,0.02,3.35,3.33,63.0,273.0,23.08,49.0,240.0,79.58,7.0,10.0,8.7,9.9,2375.0,11.6,2657.0,0.897,4.0,0,0,1,0,0,0,0,0,0,17100,9.746833742490752,1.0029824561403509,0,0
17485.0,9.769098649497476,St. Louis Blues,Edmonton Oilers,16.0,29.0,82.0,43.0,33.0,6.0,92.0,0.561,234.0,248.0,5.0,2.0,-0.14,-0.01,2.85,3.02,45.0,250.0,18.0,46.0,215.0,78.6,11.0,7.0,7.4,8.6,2370.0,9.9,2636.0,0.906,4.0,0,9.0,29.4,82.0,49.0,27.0,6.0,104.0,0.634,292.0,236.0,2.0,1.0,0.65,-0.04,3.56,2.88,64.0,243.0,26.34,53.0,258.0,79.46,7.0,5.0,9.5,8.5,2768.0,10.5,2307.0,0.898,4.0,1,0,1,0,0,0,0,0,0,18400,9.820105943597078,0.9502717391304348,0,1
19092.0,9.857024678125788,Tampa Bay Lightning,Ottawa Senators,13.0,29.1,82.0,45.0,29.0,8.0,98.0,0.598,288.0,267.0,3.0,1.0,0.28,0.0,3.51,3.26,71.0,248.0,28.63,39.0,234.0,83.33,5.0,6.0,11.0,11.0,2401.0,12.0,2430.0,0.89,4.0,0,26.0,27.0,82.0,37.0,41.0,4.0,78.0,0.476,250.0,281.0,5.0,0.0,-0.28,0.04,3.05,3.43,51.0,283.0,18.02,61.0,245.0,75.1,7.0,6.0,10.4,11.1,2602.0,9.6,2432.0,0.884,2.0,1,0,1,0,0,0,0,0,1,19204,9.862873869650832,0.9941678816913143,1,0
18924.0,9.848186236751038,Vancouver Canucks,Colorado Avalanche,7.0,28.6,82.0,50.0,23.0,9.0,109.0,0.665,279.0,221.0,0.0,2.0,0.64,-0.04,3.4,2.7,58.0,257.0,22.57,53.0,254.0,79.13,7.0,7.0,9.6,9.7,2328.0,12.0,2343.0,0.906,7.0,1,8.0,28.8,82.0,50.0,25.0,7.0,107.0,0.652,302.0,252.0,2.0,2.0,0.57,-0.05,3.68,3.07,68.0,278.0,24.46,53.0,264.0,79.92,7.0,6.0,8.9,9.7,2705.0,11.2,2444.0,0.897,4.0,0,0,1,0,0,0,0,0,0,18910,9.847446161652503,1.0007403490216817,1,1
13802.0,9.532568788180548,Winnipeg Jets,Carolina Hurricanes,4.0,29.4,82.0,52.0,24.0,6.0,110.0,0.671,259.0,198.0,0.0,1.0,0.69,-0.04,3.16,2.41,45.0,240.0,18.75,51.0,223.0,77.13,3.0,5.0,8.2,8.9,2488.0,10.4,2429.0,0.918,8.0,1,3.0,29.4,82.0,52.0,23.0,7.0,111.0,0.677,277.0,211.0,2.0,5.0,0.73,-0.04,3.38,2.57,67.0,249.0,26.91,35.0,258.0,86.43,11.0,8.0,8.5,8.0,2733.0,10.1,2101.0,0.9,8.0,0,0,1,0,0,0,0,0,0,15225,9.630694092578098,0.9065353037766831,0,0
18573.0,9.829464192187341,Washington Capitals,Florida Panthers,17.0,30.0,82.0,40.0,31.0,11.0,91.0,0.555,216.0,252.0,4.0,5.0,-0.41,0.04,2.63,3.07,47.0,228.0,20.61,49.0,233.0,78.97,3.0,5.0,7.7,7.4,2172.0,9.9,2503.0,0.899,7.0,0,5.0,29.5,82.0,52.0,24.0,6.0,110.0,0.671,265.0,198.0,3.0,2.0,0.81,-0.02,3.23,2.41,63.0,268.0,23.51,51.0,291.0,82.47,8.0,9.0,13.6,13.5,2764.0,9.6,2279.0,0.913,8.0,0,0,1,0,0,0,0,0,0,18506,9.825850282808975,1.0036204474224575,0,1
17103.0,9.74700916569969,Chicago Blackhawks,Edmonton Oilers,31.0,27.4,82.0,23.0,53.0,6.0,52.0,0.317,178.0,289.0,1.0,1.0,-1.29,0.06,2.17,3.52,39.0,235.0,16.6,56.0,231.0,75.76,3.0,8.0,8.7,9.3,2153.0,8.3,2681.0,0.892,1.0,0,9.0,29.4,82.0,49.0,27.0,6.0,104.0,0.634,292.0,236.0,2.0,1.0,0.65,-0.04,3.56,2.88,64.0,243.0,26.34,53.0,258.0,79.46,7.0,5.0,9.5,8.5,2768.0,10.5,2307.0,0.898,4.0,1,0,0,1,0,0,0,0,0,20243,9.915564333761576,0.8448846514844638,0,1
15584.0,9.654000025882317,Los Angeles Kings,Montreal Canadiens,12.0,29.5,82.0,44.0,27.0,11.0,99.0,0.604,254.0,210.0,2.0,5.0,0.45,-0.05,3.1,2.56,56.0,248.0,22.58,39.0,253.0,84.58,11.0,7.0,8.7,9.5,2616.0,9.7,2296.0,0.909,7.0,0,28.0,26.7,82.0,30.0,36.0,16.0,76.0,0.463,232.0,281.0,4.0,8.0,-0.59,0.05,2.83,3.43,44.0,252.0,17.46,65.0,277.0,76.53,7.0,12.0,10.2,10.0,2269.0,10.2,2738.0,0.897,2.0,1,0,0,1,0,0,0,0,0,18118,9.804661198229233,0.8601390881995805,0,0
18006.0,9.798460314668421,New York Rangers,Boston Bruins,1.0,29.1,82.0,55.0,23.0,4.0,114.0,0.695,278.0,226.0,4.0,3.0,0.61,-0.03,3.39,2.76,65.0,246.0,26.42,36.0,232.0,84.48,8.0,6.0,9.4,10.4,2582.0,10.8,2418.0,0.907,6.0,0,6.0,28.6,82.0,47.0,20.0,15.0,109.0,0.665,263.0,221.0,4.0,3.0,0.53,0.01,3.21,2.7,54.0,243.0,22.22,47.0,268.0,82.46,7.0,6.0,9.5,8.8,2399.0,11.0,2504.0,0.912,5.0,0,0,0,1,0,0,0,0,0,18006,9.798460314668421,1.0,1,1
17345.0,9.76105955940385,Calgary Flames,Colorado Avalanche,25.0,29.2,82.0,38.0,39.0,5.0,81.0,0.494,253.0,267.0,0.0,4.0,-0.2,0.02,3.09,3.26,45.0,252.0,17.86,47.0,245.0,80.82,11.0,11.0,9.4,9.2,2572.0,9.8,2438.0,0.89,2.0,1,8.0,28.8,82.0,50.0,25.0,7.0,107.0,0.652,302.0,252.0,2.0,2.0,0.57,-0.05,3.68,3.07,68.0,278.0,24.46,53.0,264.0,79.92,7.0,6.0,8.9,9.7,2705.0,11.2,2444.0,0.897,4.0,0,0,0,0,1,0,0,0,0,19289,9.86729026422424,0.8992171704080045,0,1
18273.0,9.813179839504594,Minnesota Wild,Carolina Hurricanes,20.0,29.3,82.0,39.0,34.0,9.0,87.0,0.53,248.0,260.0,3.0,3.0,-0.14,0.01,3.02,3.17,62.0,273.0,22.71,67.0,263.0,74.52,3.0,11.0,11.4,11.3,2471.0,10.0,2437.0,0.893,6.0,0,3.0,29.4,82.0,52.0,23.0,7.0,111.0,0.677,277.0,211.0,2.0,5.0,0.73,-0.04,3.38,2.57,67.0,249.0,26.91,35.0,258.0,86.43,11.0,8.0,8.5,8.0,2733.0,10.1,2101.0,0.9,8.0,0,0,0,0,1,0,0,0,0,17954,9.795568210316635,1.0177676283836472,1,0
16514.0,9.711963784977375,New Jersey Devils,Vegas Golden Knights,23.0,26.8,82.0,38.0,39.0,5.0,81.0,0.494,264.0,281.0,0.0,2.0,-0.22,0.01,3.22,3.43,55.0,245.0,22.45,47.0,243.0,80.66,3.0,9.0,9.1,9.6,2516.0,10.5,2458.0,0.886,1.0,0,14.0,29.0,82.0,45.0,29.0,8.0,98.0,0.598,263.0,243.0,4.0,2.0,0.22,-0.05,3.21,2.96,51.0,252.0,20.24,44.0,213.0,79.34,9.0,8.0,7.4,8.5,2548.0,10.3,2487.0,0.902,3.0,0,0,0,0,1,0,0,0,0,16535,9.713234625415893,0.998729966737224,0,0
18726.0,9.837668211498835,Philadelphia Flyers,Washington Capitals,21.0,27.1,82.0,38.0,33.0,11.0,87.0,0.53,231.0,258.0,4.0,3.0,-0.29,0.03,2.82,3.15,31.0,254.0,12.2,40.0,241.0,83.4,16.0,4.0,10.1,9.7,2708.0,8.5,2225.0,0.884,5.0,0,17.0,30.0,82.0,40.0,31.0,11.0,91.0,0.555,216.0,252.0,4.0,5.0,-0.41,0.04,2.63,3.07,47.0,228.0,20.61,49.0,233.0,78.97,3.0,5.0,7.7,7.4,2172.0,9.9,2503.0,0.899,7.0,0,0,0,0,1,0,0,0,1,19537,9.880065382591635,0.958489020832267,0,0
17151.0,9.749811759932081,Seattle Kraken,Toronto Maple Leafs,24.0,29.4,82.0,34.0,35.0,13.0,81.0,0.494,214.0,232.0,3.0,4.0,-0.26,-0.03,2.61,2.83,50.0,242.0,20.66,47.0,222.0,78.83,6.0,9.0,8.0,8.1,2347.0,9.1,2391.0,0.903,5.0,0,10.0,28.9,82.0,46.0,26.0,10.0,102.0,0.622,298.0,261.0,5.0,2.0,0.5,0.01,3.63,3.18,57.0,238.0,23.95,55.0,238.0,76.89,6.0,9.0,9.9,10.2,2671.0,11.2,2446.0,0.893,5.0,1,0,0,0,1,0,0,0,0,17100,9.746833742490752,1.0029824561403509,0,1
17230.0,9.754407329521975,St. Louis Blues,Florida Panthers,16.0,29.0,82.0,43.0,33.0,6.0,92.0,0.561,234.0,248.0,5.0,2.0,-0.14,-0.01,2.85,3.02,45.0,250.0,18.0,46.0,215.0,78.6,11.0,7.0,7.4,8.6,2370.0,9.9,2636.0,0.906,4.0,0,5.0,29.5,82.0,52.0,24.0,6.0,110.0,0.671,265.0,198.0,3.0,2.0,0.81,-0.02,3.23,2.41,63.0,268.0,23.51,51.0,291.0,82.47,8.0,9.0,13.6,13.5,2764.0,9.6,2279.0,0.913,8.0,0,0,0,0,1,0,0,0,0,18400,9.820105943597078,0.9364130434782608,0,1
19092.0,9.857024678125788,Tampa Bay Lightning,Ottawa Senators,13.0,29.1,82.0,45.0,29.0,8.0,98.0,0.598,288.0,267.0,3.0,1.0,0.28,0.0,3.51,3.26,71.0,248.0,28.63,39.0,234.0,83.33,5.0,6.0,11.0,11.0,2401.0,12.0,2430.0,0.89,4.0,0,26.0,27.0,82.0,37.0,41.0,4.0,78.0,0.476,250.0,281.0,5.0,0.0,-0.28,0.04,3.05,3.43,51.0,283.0,18.02,61.0,245.0,75.1,7.0,6.0,10.4,11.1,2602.0,9.6,2432.0,0.884,2.0,1,0,0,0,1,0,0,0,1,19204,9.862873869650832,0.9941678816913143,1,0
19347.0,9.870292647678488,Chicago Blackhawks,Nashville Predators,31.0,27.4,82.0,23.0,53.0,6.0,52.0,0.317,178.0,289.0,1.0,1.0,-1.29,0.06,2.17,3.52,39.0,235.0,16.6,56.0,231.0,75.76,3.0,8.0,8.7,9.3,2153.0,8.3,2681.0,0.892,1.0,0,11.0,29.5,82.0,47.0,30.0,5.0,99.0,0.604,266.0,248.0,3.0,0.0,0.23,-0.02,3.24,3.02,58.0,269.0,21.56,57.0,247.0,76.92,7.0,5.0,9.7,9.5,2642.0,10.1,2507.0,0.901,4.0,0,0,0,0,0,1,0,0,1,20243,9.915564333761576,0.9557377859012992,0,1
18347.0,9.81722135237872,Edmonton Oilers,Colorado Avalanche,9.0,29.4,82.0,49.0,27.0,6.0,104.0,0.634,292.0,236.0,2.0,1.0,0.65,-0.04,3.56,2.88,64.0,243.0,26.34,53.0,258.0,79.46,7.0,5.0,9.5,8.5,2768.0,10.5,2307.0,0.898,4.0,1,8.0,28.8,82.0,50.0,25.0,7.0,107.0,0.652,302.0,252.0,2.0,2.0,0.57,-0.05,3.68,3.07,68.0,278.0,24.46,53.0,264.0,79.92,7.0,6.0,8.9,9.7,2705.0,11.2,2444.0,0.897,4.0,0,0,0,0,0,1,0,0,0,18347,9.81722135237872,1.0,1,1
18145.0,9.806150319647172,Los Angeles Kings,Dallas Stars,12.0,29.5,82.0,44.0,27.0,11.0,99.0,0.604,254.0,210.0,2.0,5.0,0.45,-0.05,3.1,2.56,56.0,248.0,22.58,39.0,253.0,84.58,11.0,7.0,8.7,9.5,2616.0,9.7,2296.0,0.909,7.0,0,2.0,29.3,82.0,52.0,21.0,9.0,113.0,0.689,294.0,232.0,4.0,2.0,0.74,-0.04,3.59,2.83,58.0,240.0,24.17,43.0,239.0,82.01,12.0,4.0,6.8,7.5,2588.0,11.4,2350.0,0.901,4.0,0,0,0,0,0,1,0,0,0,18118,9.804661198229233,1.0014902307097913,0,0
18006.0,9.798460314668421,New York Rangers,Pittsburgh Penguins,1.0,29.1,82.0,55.0,23.0,4.0,114.0,0.695,278.0,226.0,4.0,3.0,0.61,-0.03,3.39,2.76,65.0,246.0,26.42,36.0,232.0,84.48,8.0,6.0,9.4,10.4,2582.0,10.8,2418.0,0.907,6.0,0,19.0,31.3,82.0,38.0,32.0,12.0,88.0,0.537,253.0,248.0,2.0,3.0,0.05,0.0,3.09,3.02,40.0,262.0,15.27,47.0,243.0,80.66,5.0,12.0,7.4,7.9,2685.0,9.4,2479.0,0.9,8.0,0,0,0,0,0,1,0,0,1,18006,9.798460314668421,1.0,1,1
14685.0,9.59458184363272,Winnipeg Jets,New York Islanders,4.0,29.4,82.0,52.0,24.0,6.0,110.0,0.671,259.0,198.0,0.0,1.0,0.69,-0.04,3.16,2.41,45.0,240.0,18.75,51.0,223.0,77.13,3.0,5.0,8.2,8.9,2488.0,10.4,2429.0,0.918,8.0,1,15.0,29.6,82.0,39.0,27.0,16.0,94.0,0.573,245.0,258.0,1.0,5.0,-0.18,0.03,2.99,3.15,47.0,231.0,20.35,63.0,221.0,71.49,10.0,3.0,7.1,7.4,2470.0,9.9,2686.0,0.904,5.0,0,0,0,0,0,1,0,0,0,15225,9.630694092578098,0.9645320197044335,0,0
17850.0,9.789758787207784,Boston Bruins,Vegas Golden Knights,6.0,28.6,82.0,47.0,20.0,15.0,109.0,0.665,263.0,221.0,4.0,3.0,0.53,0.01,3.21,2.7,54.0,243.0,22.22,47.0,268.0,82.46,7.0,6.0,9.5,8.8,2399.0,11.0,2504.0,0.912,5.0,0,14.0,29.0,82.0,45.0,29.0,8.0,98.0,0.598,263.0,243.0,4.0,2.0,0.22,-0.05,3.21,2.96,51.0,252.0,20.24,44.0,213.0,79.34,9.0,8.0,7.4,8.5,2548.0,10.3,2487.0,0.902,3.0,0,0,0,0,0,0,1,0,0,17565,9.773663564699927,1.0162254483347566,1,0
18755.0,9.839215662515988,Columbus Blue Jackets,New York Rangers,29.0,26.8,82.0,27.0,43.0,12.0,66.0,0.402,234.0,298.0,3.0,2.0,-0.72,0.05,2.85,3.63,32.0,212.0,15.09,56.0,236.0,76.27,5.0,6.0,8.2,7.6,2458.0,9.5,2822.0,0.894,1.0,0,1.0,29.1,82.0,55.0,23.0,4.0,114.0,0.695,278.0,226.0,4.0,3.0,0.61,-0.03,3.39,2.76,65.0,246.0,26.42,36.0,232.0,84.48,8.0,6.0,9.4,10.4,2582.0,10.8,2418.0,0.907,6.0,0,0,0,0,0,0,1,0,1,20556,9.93090814811212,0.9123856781474995,0,1
17795.0,9.786672797944293,Calgary Flames,Seattle Kraken,25.0,29.2,82.0,38.0,39.0,5.0,81.0,0.494,253.0,267.0,0.0,4.0,-0.2,0.02,3.09,3.26,45.0,252.0,17.86,47.0,245.0,80.82,11.0,11.0,9.4,9.2,2572.0,9.8,2438.0,0.89,2.0,1,24.0,29.4,82.0,34.0,35.0,13.0,81.0,0.494,214.0,232.0,3.0,4.0,-0.26,-0.03,2.61,2.83,50.0,242.0,20.66,47.0,222.0,78.83,6.0,9.0,8.0,8.1,2347.0,9.1,2391.0,0.903,5.0,0,0,0,0,0,0,1,0,1,19289,9.86729026422424,0.9225465291098554,0,0
19515.0,9.878938679614715,Detroit Red Wings,Tampa Bay Lightning,18.0,29.3,82.0,41.0,32.0,9.0,91.0,0.555,275.0,273.0,3.0,1.0,0.06,0.02,3.35,3.33,63.0,273.0,23.08,49.0,240.0,79.58,7.0,10.0,8.7,9.9,2375.0,11.6,2657.0,0.897,4.0,0,13.0,29.1,82.0,45.0,29.0,8.0,98.0,0.598,288.0,267.0,3.0,1.0,0.28,0.0,3.51,3.26,71.0,248.0,28.63,39.0,234.0,83.33,5.0,6.0,11.0,11.0,2401.0,12.0,2430.0,0.89,4.0,0,0,0,0,0,0,1,0,1,20000,9.903487552536127,0.97575,0,1
19660.0,9.886341393701157,Florida Panthers,Ottawa Senators,5.0,29.5,82.0,52.0,24.0,6.0,110.0,0.671,265.0,198.0,3.0,2.0,0.81,-0.02,3.23,2.41,63.0,268.0,23.51,51.0,291.0,82.47,8.0,9.0,13.6,13.5,2764.0,9.6,2279.0,0.913,8.0,0,26.0,27.0,82.0,37.0,41.0,4.0,78.0,0.476,250.0,281.0,5.0,0.0,-0.28,0.04,3.05,3.43,51.0,283.0,18.02,61.0,245.0,75.1,7.0,6.0,10.4,11.1,2602.0,9.6,2432.0,0.884,2.0,1,0,0,0,0,0,1,0,1,19109,9.857914707241372,1.0288345805641321,1,0
18145.0,9.806150319647172,Los Angeles Kings,Anaheim Ducks,12.0,29.5,82.0,44.0,27.0,11.0,99.0,0.604,254.0,210.0,2.0,5.0,0.45,-0.05,3.1,2.56,56.0,248.0,22.58,39.0,253.0,84.58,11.0,7.0,8.7,9.5,2616.0,9.7,2296.0,0.909,7.0,0,30.0,27.7,82.0,27.0,50.0,5.0,59.0,0.36,203.0,293.0,1.0,2.0,-1.09,0.02,2.48,3.57,43.0,235.0,18.3,91.0,330.0,72.42,12.0,5.0,13.5,10.9,2194.0,9.3,2666.0,0.89,1.0,0,0,0,0,0,0,1,0,1,18118,9.804661198229233,1.0014902307097913,0,0
18539.0,9.827631900232593,Minnesota Wild,New York Islanders,20.0,29.3,82.0,39.0,34.0,9.0,87.0,0.53,248.0,260.0,3.0,3.0,-0.14,0.01,3.02,3.17,62.0,273.0,22.71,67.0,263.0,74.52,3.0,11.0,11.4,11.3,2471.0,10.0,2437.0,0.893,6.0,0,15.0,29.6,82.0,39.0,27.0,16.0,94.0,0.573,245.0,258.0,1.0,5.0,-0.18,0.03,2.99,3.15,47.0,231.0,20.35,63.0,221.0,71.49,10.0,3.0,7.1,7.4,2470.0,9.9,2686.0,0.904,5.0,0,0,0,0,0,0,1,0,0,17954,9.795568210316635,1.0325832683524563,1,0
21105.0,9.9572652582166,Montreal Canadiens,New Jersey Devils,28.0,26.7,82.0,30.0,36.0,16.0,76.0,0.463,232.0,281.0,4.0,8.0,-0.59,0.05,2.83,3.43,44.0,252.0,17.46,65.0,277.0,76.53,7.0,12.0,10.2,10.0,2269.0,10.2,2738.0,0.897,2.0,1,23.0,26.8,82.0,38.0,39.0,5.0,81.0,0.494,264.0,281.0,0.0,2.0,-0.22,0.01,3.22,3.43,55.0,245.0,22.45,47.0,243.0,80.66,3.0,9.0,9.1,9.6,2516.0,10.5,2458.0,0.886,1.0,0,0,0,0,0,0,1,0,0,21105,9.9572652582166,1.0,0,0
17159.0,9.750278096285621,Nashville Predators,Buffalo Sabres,11.0,29.5,82.0,47.0,30.0,5.0,99.0,0.604,266.0,248.0,3.0,0.0,0.23,-0.02,3.24,3.02,58.0,269.0,21.56,57.0,247.0,76.92,7.0,5.0,9.7,9.5,2642.0,10.1,2507.0,0.901,4.0,0,22.0,25.7,82.0,39.0,37.0,6.0,84.0,0.512,244.0,243.0,2.0,1.0,0.03,0.01,2.98,2.96,37.0,223.0,16.59,49.0,243.0,79.84,7.0,10.0,9.8,9.2,2534.0,9.6,2402.0,0.899,5.0,0,0,0,0,0,0,1,0,0,17113,9.747593687577451,1.0026880149593875,1,0
19280.0,9.866823568164536,Philadelphia Flyers,Pittsburgh Penguins,21.0,27.1,82.0,38.0,33.0,11.0,87.0,0.53,231.0,258.0,4.0,3.0,-0.29,0.03,2.82,3.15,31.0,254.0,12.2,40.0,241.0,83.4,16.0,4.0,10.1,9.7,2708.0,8.5,2225.0,0.884,5.0,0,19.0,31.3,82.0,38.0,32.0,12.0,88.0,0.537,253.0,248.0,2.0,3.0,0.05,0.0,3.09,3.02,40.0,262.0,15.27,47.0,243.0,80.66,5.0,12.0,7.4,7.9,2685.0,9.4,2479.0,0.9,8.0,0,0,0,0,0,0,1,0,1,19537,9.880065382591635,0.9868454726928392,0,1
17435.0,9.766234959109752,San Jose Sharks,Dallas Stars,32.0,27.7,82.0,19.0,54.0,9.0,47.0,0.287,180.0,326.0,1.0,5.0,-1.78,0.05,2.2,3.98,42.0,208.0,20.19,62.0,252.0,75.4,3.0,8.0,9.5,8.2,2069.0,8.7,2881.0,0.887,2.0,0,2.0,29.3,82.0,52.0,21.0,9.0,113.0,0.689,294.0,232.0,4.0,2.0,0.74,-0.04,3.59,2.83,58.0,240.0,24.17,43.0,239.0,82.01,12.0,4.0,6.8,7.5,2588.0,11.4,2350.0,0.901,4.0,0,0,0,0,0,0,1,0,0,17435,9.766234959109752,1.0,0,0
18096.0,9.803446198355902,St. Louis Blues,Chicago Blackhawks,16.0,29.0,82.0,43.0,33.0,6.0,92.0,0.561,234.0,248.0,5.0,2.0,-0.14,-0.01,2.85,3.02,45.0,250.0,18.0,46.0,215.0,78.6,11.0,7.0,7.4,8.6,2370.0,9.9,2636.0,0.906,4.0,0,31.0,27.4,82.0,23.0,53.0,6.0,52.0,0.317,178.0,289.0,1.0,1.0,-1.29,0.06,2.17,3.52,39.0,235.0,16.6,56.0,231.0,75.76,3.0,8.0,8.7,9.3,2153.0,8.3,2681.0,0.892,1.0,0,0,0,0,0,0,1,0,1,18400,9.820105943597078,0.9834782608695652,0,0
19022.0,9.853351483042331,Vancouver Canucks,Toronto Maple Leafs,7.0,28.6,82.0,50.0,23.0,9.0,109.0,0.665,279.0,221.0,0.0,2.0,0.64,-0.04,3.4,2.7,58.0,257.0,22.57,53.0,254.0,79.13,7.0,7.0,9.6,9.7,2328.0,12.0,2343.0,0.906,7.0,1,10.0,28.9,82.0,46.0,26.0,10.0,102.0,0.622,298.0,261.0,5.0,2.0,0.5,0.01,3.63,3.18,57.0,238.0,23.95,55.0,238.0,76.89,6.0,9.0,9.9,10.2,2671.0,11.2,2446.0,0.893,5.0,1,0,0,0,0,0,1,0,0,18910,9.847446161652503,1.0059227921734533,1,1
21105.0,9.9572652582166,Montreal Canadiens,Tampa Bay Lightning,28.0,26.7,82.0,30.0,36.0,16.0,76.0,0.463,232.0,281.0,4.0,8.0,-0.59,0.05,2.83,3.43,44.0,252.0,17.46,65.0,277.0,76.53,7.0,12.0,10.2,10.0,2269.0,10.2,2738.0,0.897,2.0,1,13.0,29.1,82.0,45.0,29.0,8.0,98.0,0.598,288.0,267.0,3.0,1.0,0.28,0.0,3.51,3.26,71.0,248.0,28.63,39.0,234.0,83.33,5.0,6.0,11.0,11.0,2401.0,12.0,2430.0,0.89,4.0,0,0,0,0,0,0,0,1,1,21105,9.9572652582166,1.0,0,1
17850.0,9.789758787207784,Boston Bruins,Anaheim Ducks,6.0,28.6,82.0,47.0,20.0,15.0,109.0,0.665,263.0,221.0,4.0,3.0,0.53,0.01,3.21,2.7,54.0,243.0,22.22,47.0,268.0,82.46,7.0,6.0,9.5,8.8,2399.0,11.0,2504.0,0.912,5.0,0,30.0,27.7,82.0,27.0,50.0,5.0,59.0,0.36,203.0,293.0,1.0,2.0,-1.09,0.02,2.48,3.57,43.0,235.0,18.3,91.0,330.0,72.42,12.0,5.0,13.5,10.9,2194.0,9.3,2666.0,0.89,1.0,0,0,0,0,0,0,1,0,0,17565,9.773663564699927,1.0162254483347566,1,0
19070.0,9.855871698594465,Buffalo Sabres,New York Rangers,22.0,25.7,82.0,39.0,37.0,6.0,84.0,0.512,244.0,243.0,2.0,1.0,0.03,0.01,2.98,2.96,37.0,223.0,16.59,49.0,243.0,79.84,7.0,10.0,9.8,9.2,2534.0,9.6,2402.0,0.899,5.0,0,1.0,29.1,82.0,55.0,23.0,4.0,114.0,0.695,278.0,226.0,4.0,3.0,0.61,-0.03,3.39,2.76,65.0,246.0,26.42,36.0,232.0,84.48,8.0,6.0,9.4,10.4,2582.0,10.8,2418.0,0.907,6.0,0,0,0,0,0,0,1,0,0,19029,9.853719410302007,1.0021546061274895,0,1
18809.0,9.842090757670805,Columbus Blue Jackets,Chicago Blackhawks,29.0,26.8,82.0,27.0,43.0,12.0,66.0,0.402,234.0,298.0,3.0,2.0,-0.72,0.05,2.85,3.63,32.0,212.0,15.09,56.0,236.0,76.27,5.0,6.0,8.2,7.6,2458.0,9.5,2822.0,0.894,1.0,0,31.0,27.4,82.0,23.0,53.0,6.0,52.0,0.317,178.0,289.0,1.0,1.0,-1.29,0.06,2.17,3.52,39.0,235.0,16.6,56.0,231.0,75.76,3.0,8.0,8.7,9.3,2153.0,8.3,2681.0,0.892,1.0,0,0,0,0,0,0,1,0,0,20556,9.93090814811212,0.9150126483751703,0,0
19515.0,9.878938679614715,Detroit Red Wings,Minnesota Wild,18.0,29.3,82.0,41.0,32.0,9.0,91.0,0.555,275.0,273.0,3.0,1.0,0.06,0.02,3.35,3.33,63.0,273.0,23.08,49.0,240.0,79.58,7.0,10.0,8.7,9.9,2375.0,11.6,2657.0,0.897,4.0,0,20.0,29.3,82.0,39.0,34.0,9.0,87.0,0.53,248.0,260.0,3.0,3.0,-0.14,0.01,3.02,3.17,62.0,273.0,22.71,67.0,263.0,74.52,3.0,11.0,11.4,11.3,2471.0,10.0,2437.0,0.893,6.0,0,0,0,0,0,0,1,0,0,20000,9.903487552536127,0.97575,0,1
19628.0,9.884712397209794,Florida Panthers,Seattle Kraken,5.0,29.5,82.0,52.0,24.0,6.0,110.0,0.671,265.0,198.0,3.0,2.0,0.81,-0.02,3.23,2.41,63.0,268.0,23.51,51.0,291.0,82.47,8.0,9.0,13.6,13.5,2764.0,9.6,2279.0,0.913,8.0,0,24.0,29.4,82.0,34.0,35.0,13.0,81.0,0.494,214.0,232.0,3.0,4.0,-0.26,-0.03,2.61,2.83,50.0,242.0,20.66,47.0,222.0,78.83,6.0,9.0,8.0,8.1,2347.0,9.1,2391.0,0.903,5.0,0,0,0,0,0,0,1,0,0,19109,9.857914707241372,1.0271599769742006,1,0
16514.0,9.711963784977375,New Jersey Devils,Dallas Stars,23.0,26.8,82.0,38.0,39.0,5.0,81.0,0.494,264.0,281.0,0.0,2.0,-0.22,0.01,3.22,3.43,55.0,245.0,22.45,47.0,243.0,80.66,3.0,9.0,9.1,9.6,2516.0,10.5,2458.0,0.886,1.0,0,2.0,29.3,82.0,52.0,21.0,9.0,113.0,0.689,294.0,232.0,4.0,2.0,0.74,-0.04,3.59,2.83,58.0,240.0,24.17,43.0,239.0,82.01,12.0,4.0,6.8,7.5,2588.0,11.4,2350.0,0.901,4.0,0,0,0,0,0,0,1,0,0,16535,9.713234625415893,0.998729966737224,0,0
17159.0,9.750278096285621,Nashville Predators,Colorado Avalanche,11.0,29.5,82.0,47.0,30.0,5.0,99.0,0.604,266.0,248.0,3.0,0.0,0.23,-0.02,3.24,3.02,58.0,269.0,21.56,57.0,247.0,76.92,7.0,5.0,9.7,9.5,2642.0,10.1,2507.0,0.901,4.0,0,8.0,28.8,82.0,50.0,25.0,7.0,107.0,0.652,302.0,252.0,2.0,2.0,0.57,-0.05,3.68,3.07,68.0,278.0,24.46,53.0,264.0,79.92,7.0,6.0,8.9,9.7,2705.0,11.2,2444.0,0.897,4.0,0,0,0,0,0,0,1,0,1,17113,9.747593687577451,1.0026880149593875,1,1
18840.0,9.843737548130354,Ottawa Senators,Montreal Canadiens,26.0,27.0,82.0,37.0,41.0,4.0,78.0,0.476,250.0,281.0,5.0,0.0,-0.28,0.04,3.05,3.43,51.0,283.0,18.02,61.0,245.0,75.1,7.0,6.0,10.4,11.1,2602.0,9.6,2432.0,0.884,2.0,1,28.0,26.7,82.0,30.0,36.0,16.0,76.0,0.463,232.0,281.0,4.0,8.0,-0.59,0.05,2.83,3.43,44.0,252.0,17.46,65.0,277.0,76.53,7.0,12.0,10.2,10.0,2269.0,10.2,2738.0,0.897,2.0,1,0,0,0,0,0,1,0,1,18652,9.833708657928211,1.0100793480591894,0,0
19847.0,9.895808141192258,Philadelphia Flyers,Edmonton Oilers,21.0,27.1,82.0,38.0,33.0,11.0,87.0,0.53,231.0,258.0,4.0,3.0,-0.29,0.03,2.82,3.15,31.0,254.0,12.2,40.0,241.0,83.4,16.0,4.0,10.1,9.7,2708.0,8.5,2225.0,0.884,5.0,0,9.0,29.4,82.0,49.0,27.0,6.0,104.0,0.634,292.0,236.0,2.0,1.0,0.65,-0.04,3.56,2.88,64.0,243.0,26.34,53.0,258.0,79.46,7.0,5.0,9.5,8.5,2768.0,10.5,2307.0,0.898,4.0,1,0,0,0,0,0,1,0,0,19537,9.880065382591635,1.015867328658443,0,1
18207.0,9.809561414503964,Pittsburgh Penguins,Washington Capitals,19.0,31.3,82.0,38.0,32.0,12.0,88.0,0.537,253.0,248.0,2.0,3.0,0.05,0.0,3.09,3.02,40.0,262.0,15.27,47.0,243.0,80.66,5.0,12.0,7.4,7.9,2685.0,9.4,2479.0,0.9,8.0,0,17.0,30.0,82.0,40.0,31.0,11.0,91.0,0.555,216.0,252.0,4.0,5.0,-0.41,0.04,2.63,3.07,47.0,228.0,20.61,49.0,233.0,78.97,3.0,5.0,7.7,7.4,2172.0,9.9,2503.0,0.899,7.0,0,0,0,0,0,0,1,0,1,18387,9.819399172153842,0.9902104747919726,1,0
17665.0,9.779340559793246,St. Louis Blues,Winnipeg Jets,16.0,29.0,82.0,43.0,33.0,6.0,92.0,0.561,234.0,248.0,5.0,2.0,-0.14,-0.01,2.85,3.02,45.0,250.0,18.0,46.0,215.0,78.6,11.0,7.0,7.4,8.6,2370.0,9.9,2636.0,0.906,4.0,0,4.0,29.4,82.0,52.0,24.0,6.0,110.0,0.671,259.0,198.0,0.0,1.0,0.69,-0.04,3.16,2.41,45.0,240.0,18.75,51.0,223.0,77.13,3.0,5.0,8.2,8.9,2488.0,10.4,2429.0,0.918,8.0,1,0,0,0,0,0,1,0,1,18400,9.820105943597078,0.960054347826087,0,0
18914.0,9.847657667575458,Toronto Maple Leafs,Carolina Hurricanes,10.0,28.9,82.0,46.0,26.0,10.0,102.0,0.622,298.0,261.0,5.0,2.0,0.5,0.01,3.63,3.18,57.0,238.0,23.95,55.0,238.0,76.89,6.0,9.0,9.9,10.2,2671.0,11.2,2446.0,0.893,5.0,1,3.0,29.4,82.0,52.0,23.0,7.0,111.0,0.677,277.0,211.0,2.0,5.0,0.73,-0.04,3.38,2.57,67.0,249.0,26.91,35.0,258.0,86.43,11.0,8.0,8.5,8.0,2733.0,10.1,2101.0,0.9,8.0,0,0,0,0,0,0,1,0,0,18819,9.842622276764853,1.0050480896965832,1,0
18309.0,9.815148021212604,Vegas Golden Knights,Vancouver Canucks,14.0,29.0,82.0,45.0,29.0,8.0,98.0,0.598,263.0,243.0,4.0,2.0,0.22,-0.05,3.21,2.96,51.0,252.0,20.24,44.0,213.0,79.34,9.0,8.0,7.4,8.5,2548.0,10.3,2487.0,0.902,3.0,0,7.0,28.6,82.0,50.0,23.0,9.0,109.0,0.665,279.0,221.0,0.0,2.0,0.64,-0.04,3.4,2.7,58.0,257.0,22.57,53.0,254.0,79.13,7.0,7.0,9.6,9.7,2328.0,12.0,2343.0,0.906,7.0,1,0,0,0,0,0,1,0,1,17500,9.769956159911606,1.0462285714285715,0,1
17686.0,9.78052864513568,Calgary Flames,San Jose Sharks,25.0,29.2,82.0,38.0,39.0,5.0,81.0,0.494,253.0,267.0,0.0,4.0,-0.2,0.02,3.09,3.26,45.0,252.0,17.86,47.0,245.0,80.82,11.0,11.0,9.4,9.2,2572.0,9.8,2438.0,0.89,2.0,1,32.0,27.7,82.0,19.0,54.0,9.0,47.0,0.287,180.0,326.0,1.0,5.0,-1.78,0.05,2.2,3.98,42.0,208.0,20.19,62.0,252.0,75.4,3.0,8.0,9.5,8.2,2069.0,8.7,2881.0,0.887,2.0,0,0,0,0,0,0,0,1,1,19289,9.86729026422424,0.9168956400020737,0,0
19199.0,9.862613473326157,Chicago Blackhawks,Toronto Maple Leafs,31.0,27.4,82.0,23.0,53.0,6.0,52.0,0.317,178.0,289.0,1.0,1.0,-1.29,0.06,2.17,3.52,39.0,235.0,16.6,56.0,231.0,75.76,3.0,8.0,8.7,9.3,2153.0,8.3,2681.0,0.892,1.0,0,10.0,28.9,82.0,46.0,26.0,10.0,102.0,0.622,298.0,261.0,5.0,2.0,0.5,0.01,3.63,3.18,57.0,238.0,23.95,55.0,238.0,76.89,6.0,9.0,9.9,10.2,2671.0,11.2,2446.0,0.893,5.0,1,0,0,0,0,0,0,1,0,20243,9.915564333761576,0.9484266166082103,0,1
19515.0,9.878938679614715,Detroit Red Wings,Anaheim Ducks,18.0,29.3,82.0,41.0,32.0,9.0,91.0,0.555,275.0,273.0,3.0,1.0,0.06,0.02,3.35,3.33,63.0,273.0,23.08,49.0,240.0,79.58,7.0,10.0,8.7,9.9,2375.0,11.6,2657.0,0.897,4.0,0,30.0,27.7,82.0,27.0,50.0,5.0,59.0,0.36,203.0,293.0,1.0,2.0,-1.09,0.02,2.48,3.57,43.0,235.0,18.3,91.0,330.0,72.42,12.0,5.0,13.5,10.9,2194.0,9.3,2666.0,0.89,1.0,0,0,0,0,0,0,0,1,0,20000,9.903487552536127,0.97575,0,0
17159.0,9.750278096285621,Nashville Predators,New Jersey Devils,11.0,29.5,82.0,47.0,30.0,5.0,99.0,0.604,266.0,248.0,3.0,0.0,0.23,-0.02,3.24,3.02,58.0,269.0,21.56,57.0,247.0,76.92,7.0,5.0,9.7,9.5,2642.0,10.1,2507.0,0.901,4.0,0,23.0,26.8,82.0,38.0,39.0,5.0,81.0,0.494,264.0,281.0,0.0,2.0,-0.22,0.01,3.22,3.43,55.0,245.0,22.45,47.0,243.0,80.66,3.0,9.0,9.1,9.6,2516.0,10.5,2458.0,0.886,1.0,0,0,0,0,0,0,0,1,0,17113,9.747593687577451,1.0026880149593875,1,0
16602.0,9.71727844901498,New York Islanders,Dallas Stars,15.0,29.6,82.0,39.0,27.0,16.0,94.0,0.573,245.0,258.0,1.0,5.0,-0.18,0.03,2.99,3.15,47.0,231.0,20.35,63.0,221.0,71.49,10.0,3.0,7.1,7.4,2470.0,9.9,2686.0,0.904,5.0,0,2.0,29.3,82.0,52.0,21.0,9.0,113.0,0.689,294.0,232.0,4.0,2.0,0.74,-0.04,3.59,2.83,58.0,240.0,24.17,43.0,239.0,82.01,12.0,4.0,6.8,7.5,2588.0,11.4,2350.0,0.901,4.0,0,0,0,0,0,0,0,1,0,17113,9.747593687577451,0.9701396599076725,0,0
17186.0,9.751850377873168,Pittsburgh Penguins,New York Rangers,19.0,31.3,82.0,38.0,32.0,12.0,88.0,0.537,253.0,248.0,2.0,3.0,0.05,0.0,3.09,3.02,40.0,262.0,15.27,47.0,243.0,80.66,5.0,12.0,7.4,7.9,2685.0,9.4,2479.0,0.9,8.0,0,1.0,29.1,82.0,55.0,23.0,4.0,114.0,0.695,278.0,226.0,4.0,3.0,0.61,-0.03,3.39,2.76,65.0,246.0,26.42,36.0,232.0,84.48,8.0,6.0,9.4,10.4,2582.0,10.8,2418.0,0.907,6.0,0,0,0,0,0,0,0,1,1,18387,9.819399172153842,0.9346821123619948,1,1
17806.0,9.787290758133617,St. Louis Blues,Colorado Avalanche,16.0,29.0,82.0,43.0,33.0,6.0,92.0,0.561,234.0,248.0,5.0,2.0,-0.14,-0.01,2.85,3.02,45.0,250.0,18.0,46.0,215.0,78.6,11.0,7.0,7.4,8.6,2370.0,9.9,2636.0,0.906,4.0,0,8.0,28.8,82.0,50.0,25.0,7.0,107.0,0.652,302.0,252.0,2.0,2.0,0.57,-0.05,3.68,3.07,68.0,278.0,24.46,53.0,264.0,79.92,7.0,6.0,8.9,9.7,2705.0,11.2,2444.0,0.897,4.0,0,0,0,0,0,0,0,1,1,18400,9.820105943597078,0.9677173913043479,0,1
19092.0,9.857024678125788,Tampa Bay Lightning,Seattle Kraken,13.0,29.1,82.0,45.0,29.0,8.0,98.0,0.598,288.0,267.0,3.0,1.0,0.28,0.0,3.51,3.26,71.0,248.0,28.63,39.0,234.0,83.33,5.0,6.0,11.0,11.0,2401.0,12.0,2430.0,0.89,4.0,0,24.0,29.4,82.0,34.0,35.0,13.0,81.0,0.494,214.0,232.0,3.0,4.0,-0.26,-0.03,2.61,2.83,50.0,242.0,20.66,47.0,222.0,78.83,6.0,9.0,8.0,8.1,2347.0,9.1,2391.0,0.903,5.0,0,0,0,0,0,0,0,1,0,19204,9.862873869650832,0.9941678816913143,1,0
18573.0,9.829464192187341,Washington Capitals,Edmonton Oilers,17.0,30.0,82.0,40.0,31.0,11.0,91.0,0.555,216.0,252.0,4.0,5.0,-0.41,0.04,2.63,3.07,47.0,228.0,20.61,49.0,233.0,78.97,3.0,5.0,7.7,7.4,2172.0,9.9,2503.0,0.899,7.0,0,9.0,29.4,82.0,49.0,27.0,6.0,104.0,0.634,292.0,236.0,2.0,1.0,0.65,-0.04,3.56,2.88,64.0,243.0,26.34,53.0,258.0,79.46,7.0,5.0,9.5,8.5,2768.0,10.5,2307.0,0.898,4.0,1,0,0,0,0,0,0,1,0,18506,9.825850282808975,1.0036204474224575,0,1
18145.0,9.806150319647172,Los Angeles Kings,Vegas Golden Knights,12.0,29.5,82.0,44.0,27.0,11.0,99.0,0.604,254.0,210.0,2.0,5.0,0.45,-0.05,3.1,2.56,56.0,248.0,22.58,39.0,253.0,84.58,11.0,7.0,8.7,9.5,2616.0,9.7,2296.0,0.909,7.0,0,14.0,29.0,82.0,45.0,29.0,8.0,98.0,0.598,263.0,243.0,4.0,2.0,0.22,-0.05,3.21,2.96,51.0,252.0,20.24,44.0,213.0,79.34,9.0,8.0,7.4,8.5,2548.0,10.3,2487.0,0.902,3.0,0,1,0,0,0,0,0,0,1,18118,9.804661198229233,1.0014902307097913,0,0
13801.0,9.53249633228804,Winnipeg Jets,San Jose Sharks,4.0,29.4,82.0,52.0,24.0,6.0,110.0,0.671,259.0,198.0,0.0,1.0,0.69,-0.04,3.16,2.41,45.0,240.0,18.75,51.0,223.0,77.13,3.0,5.0,8.2,8.9,2488.0,10.4,2429.0,0.918,8.0,1,32.0,27.7,82.0,19.0,54.0,9.0,47.0,0.287,180.0,326.0,1.0,5.0,-1.78,0.05,2.2,3.98,42.0,208.0,20.19,62.0,252.0,75.4,3.0,8.0,9.5,8.2,2069.0,8.7,2881.0,0.887,2.0,0,1,0,0,0,0,0,0,0,15225,9.630694092578098,0.9064696223316913,0,0
17850.0,9.789758787207784,Boston Bruins,Toronto Maple Leafs,6.0,28.6,82.0,47.0,20.0,15.0,109.0,0.665,263.0,221.0,4.0,3.0,0.53,0.01,3.21,2.7,54.0,243.0,22.22,47.0,268.0,82.46,7.0,6.0,9.5,8.8,2399.0,11.0,2504.0,0.912,5.0,0,10.0,28.9,82.0,46.0,26.0,10.0,102.0,0.622,298.0,261.0,5.0,2.0,0.5,0.01,3.63,3.18,57.0,238.0,23.95,55.0,238.0,76.89,6.0,9.0,9.9,10.2,2671.0,11.2,2446.0,0.893,5.0,1,0,1,0,0,0,0,0,1,17565,9.773663564699927,1.0162254483347566,1,1
13921.0,9.541153770388567,Buffalo Sabres,Anaheim Ducks,22.0,25.7,82.0,39.0,37.0,6.0,84.0,0.512,244.0,243.0,2.0,1.0,0.03,0.01,2.98,2.96,37.0,223.0,16.59,49.0,243.0,79.84,7.0,10.0,9.8,9.2,2534.0,9.6,2402.0,0.899,5.0,0,30.0,27.7,82.0,27.0,50.0,5.0,59.0,0.36,203.0,293.0,1.0,2.0,-1.09,0.02,2.48,3.57,43.0,235.0,18.3,91.0,330.0,72.42,12.0,5.0,13.5,10.9,2194.0,9.3,2666.0,0.89,1.0,0,0,1,0,0,0,0,0,0,19029,9.853719410302007,0.7315676073361711,0,0
16897.0,9.73489137036065,Columbus Blue Jackets,Dallas Stars,29.0,26.8,82.0,27.0,43.0,12.0,66.0,0.402,234.0,298.0,3.0,2.0,-0.72,0.05,2.85,3.63,32.0,212.0,15.09,56.0,236.0,76.27,5.0,6.0,8.2,7.6,2458.0,9.5,2822.0,0.894,1.0,0,2.0,29.3,82.0,52.0,21.0,9.0,113.0,0.689,294.0,232.0,4.0,2.0,0.74,-0.04,3.59,2.83,58.0,240.0,24.17,43.0,239.0,82.01,12.0,4.0,6.8,7.5,2588.0,11.4,2350.0,0.901,4.0,0,0,1,0,0,0,0,0,0,20556,9.93090814811212,0.8219984432769021,0,0
18618.0,9.831884133676436,Minnesota Wild,Detroit Red Wings,20.0,29.3,82.0,39.0,34.0,9.0,87.0,0.53,248.0,260.0,3.0,3.0,-0.14,0.01,3.02,3.17,62.0,273.0,22.71,67.0,263.0,74.52,3.0,11.0,11.4,11.3,2471.0,10.0,2437.0,0.893,6.0,0,18.0,29.3,82.0,41.0,32.0,9.0,91.0,0.555,275.0,273.0,3.0,1.0,0.06,0.02,3.35,3.33,63.0,273.0,23.08,49.0,240.0,79.58,7.0,10.0,8.7,9.9,2375.0,11.6,2657.0,0.897,4.0,0,0,1,0,0,0,0,0,0,17954,9.795568210316635,1.0369834020274034,1,0
21105.0,9.9572652582166,Montreal Canadiens,Carolina Hurricanes,28.0,26.7,82.0,30.0,36.0,16.0,76.0,0.463,232.0,281.0,4.0,8.0,-0.59,0.05,2.83,3.43,44.0,252.0,17.46,65.0,277.0,76.53,7.0,12.0,10.2,10.0,2269.0,10.2,2738.0,0.897,2.0,1,3.0,29.4,82.0,52.0,23.0,7.0,111.0,0.677,277.0,211.0,2.0,5.0,0.73,-0.04,3.38,2.57,67.0,249.0,26.91,35.0,258.0,86.43,11.0,8.0,8.5,8.0,2733.0,10.1,2101.0,0.9,8.0,0,0,1,0,0,0,0,0,0,21105,9.9572652582166,1.0,0,0
17159.0,9.750278096285621,Nashville Predators,Florida Panthers,11.0,29.5,82.0,47.0,30.0,5.0,99.0,0.604,266.0,248.0,3.0,0.0,0.23,-0.02,3.24,3.02,58.0,269.0,21.56,57.0,247.0,76.92,7.0,5.0,9.7,9.5,2642.0,10.1,2507.0,0.901,4.0,0,5.0,29.5,82.0,52.0,24.0,6.0,110.0,0.671,265.0,198.0,3.0,2.0,0.81,-0.02,3.23,2.41,63.0,268.0,23.51,51.0,291.0,82.47,8.0,9.0,13.6,13.5,2764.0,9.6,2279.0,0.913,8.0,0,0,1,0,0,0,0,0,0,17113,9.747593687577451,1.0026880149593875,1,1
17255.0,9.755857235532103,New York Islanders,New York Rangers,15.0,29.6,82.0,39.0,27.0,16.0,94.0,0.573,245.0,258.0,1.0,5.0,-0.18,0.03,2.99,3.15,47.0,231.0,20.35,63.0,221.0,71.49,10.0,3.0,7.1,7.4,2470.0,9.9,2686.0,0.904,5.0,0,1.0,29.1,82.0,55.0,23.0,4.0,114.0,0.695,278.0,226.0,4.0,3.0,0.61,-0.03,3.39,2.76,65.0,246.0,26.42,36.0,232.0,84.48,8.0,6.0,9.4,10.4,2582.0,10.8,2418.0,0.907,6.0,0,0,1,0,0,0,0,0,1,17113,9.747593687577451,1.008297785309414,0,1
19089.0,9.856867531900901,Philadelphia Flyers,Pittsburgh Penguins,21.0,27.1,82.0,38.0,33.0,11.0,87.0,0.53,231.0,258.0,4.0,3.0,-0.29,0.03,2.82,3.15,31.0,254.0,12.2,40.0,241.0,83.4,16.0,4.0,10.1,9.7,2708.0,8.5,2225.0,0.884,5.0,0,19.0,31.3,82.0,38.0,32.0,12.0,88.0,0.537,253.0,248.0,2.0,3.0,0.05,0.0,3.09,3.02,40.0,262.0,15.27,47.0,243.0,80.66,5.0,12.0,7.4,7.9,2685.0,9.4,2479.0,0.9,8.0,0,0,1,0,0,0,0,0,1,19537,9.880065382591635,0.9770691508419921,0,1
18096.0,9.803446198355902,St. Louis Blues,Seattle Kraken,16.0,29.0,82.0,43.0,33.0,6.0,92.0,0.561,234.0,248.0,5.0,2.0,-0.14,-0.01,2.85,3.02,45.0,250.0,18.0,46.0,215.0,78.6,11.0,7.0,7.4,8.6,2370.0,9.9,2636.0,0.906,4.0,0,24.0,29.4,82.0,34.0,35.0,13.0,81.0,0.494,214.0,232.0,3.0,4.0,-0.26,-0.03,2.61,2.83,50.0,242.0,20.66,47.0,222.0,78.83,6.0,9.0,8.0,8.1,2347.0,9.1,2391.0,0.903,5.0,0,0,1,0,0,0,0,0,0,18400,9.820105943597078,0.9834782608695652,0,0
19092.0,9.857024678125788,Tampa Bay Lightning,Edmonton Oilers,13.0,29.1,82.0,45.0,29.0,8.0,98.0,0.598,288.0,267.0,3.0,1.0,0.28,0.0,3.51,3.26,71.0,248.0,28.63,39.0,234.0,83.33,5.0,6.0,11.0,11.0,2401.0,12.0,2430.0,0.89,4.0,0,9.0,29.4,82.0,49.0,27.0,6.0,104.0,0.634,292.0,236.0,2.0,1.0,0.65,-0.04,3.56,2.88,64.0,243.0,26.34,53.0,258.0,79.46,7.0,5.0,9.5,8.5,2768.0,10.5,2307.0,0.898,4.0,1,0,1,0,0,0,0,0,0,19204,9.862873869650832,0.9941678816913143,1,1
18573.0,9.829464192187341,Washington Capitals,Calgary Flames,17.0,30.0,82.0,40.0,31.0,11.0,91.0,0.555,216.0,252.0,4.0,5.0,-0.41,0.04,2.63,3.07,47.0,228.0,20.61,49.0,233.0,78.97,3.0,5.0,7.7,7.4,2172.0,9.9,2503.0,0.899,7.0,0,25.0,29.2,82.0,38.0,39.0,5.0,81.0,0.494,253.0,267.0,0.0,4.0,-0.2,0.02,3.09,3.26,45.0,252.0,17.86,47.0,245.0,80.82,11.0,11.0,9.4,9.2,2572.0,9.8,2438.0,0.89,2.0,1,0,1,0,0,0,0,0,0,18506,9.825850282808975,1.0036204474224575,0,0
18087.0,9.802948727157515,Colorado Avalanche,New Jersey Devils,8.0,28.8,82.0,50.0,25.0,7.0,107.0,0.652,302.0,252.0,2.0,2.0,0.57,-0.05,3.68,3.07,68.0,278.0,24.46,53.0,264.0,79.92,7.0,6.0,8.9,9.7,2705.0,11.2,2444.0,0.897,4.0,0,23.0,26.8,82.0,38.0,39.0,5.0,81.0,0.494,264.0,281.0,0.0,2.0,-0.22,0.01,3.22,3.43,55.0,245.0,22.45,47.0,243.0,80.66,3.0,9.0,9.1,9.6,2516.0,10.5,2458.0,0.886,1.0,0,0,0,1,0,0,0,0,0,18007,9.798515850169505,1.004442716721275,1,0
15470.0,9.646657943567112,Los Angeles Kings,Vancouver Canucks,12.0,29.5,82.0,44.0,27.0,11.0,99.0,0.604,254.0,210.0,2.0,5.0,0.45,-0.05,3.1,2.56,56.0,248.0,22.58,39.0,253.0,84.58,11.0,7.0,8.7,9.5,2616.0,9.7,2296.0,0.909,7.0,0,7.0,28.6,82.0,50.0,23.0,9.0,109.0,0.665,279.0,221.0,0.0,2.0,0.64,-0.04,3.4,2.7,58.0,257.0,22.57,53.0,254.0,79.13,7.0,7.0,9.6,9.7,2328.0,12.0,2343.0,0.906,7.0,1,0,0,1,0,0,0,0,1,18118,9.804661198229233,0.8538470029804615,0,1
17831.0,9.788693794534046,Ottawa Senators,Winnipeg Jets,26.0,27.0,82.0,37.0,41.0,4.0,78.0,0.476,250.0,281.0,5.0,0.0,-0.28,0.04,3.05,3.43,51.0,283.0,18.02,61.0,245.0,75.1,7.0,6.0,10.4,11.1,2602.0,9.6,2432.0,0.884,2.0,1,4.0,29.4,82.0,52.0,24.0,6.0,110.0,0.671,259.0,198.0,0.0,1.0,0.69,-0.04,3.16,2.41,45.0,240.0,18.75,51.0,223.0,77.13,3.0,5.0,8.2,8.9,2488.0,10.4,2429.0,0.918,8.0,1,0,0,1,0,0,0,0,0,18652,9.833708657928211,0.955983272571306,0,0
17174.0,9.75115189123243,Anaheim Ducks,Vancouver Canucks,30.0,27.7,82.0,27.0,50.0,5.0,59.0,0.36,203.0,293.0,1.0,2.0,-1.09,0.02,2.48,3.57,43.0,235.0,18.3,91.0,330.0,72.42,12.0,5.0,13.5,10.9,2194.0,9.3,2666.0,0.89,1.0,0,7.0,28.6,82.0,50.0,23.0,9.0,109.0,0.665,279.0,221.0,0.0,2.0,0.64,-0.04,3.4,2.7,58.0,257.0,22.57,53.0,254.0,79.13,7.0,7.0,9.6,9.7,2328.0,12.0,2343.0,0.906,7.0,1,0,0,0,1,0,0,0,1,17174,9.75115189123243,1.0,0,1
17850.0,9.789758787207784,Boston Bruins,New York Islanders,6.0,28.6,82.0,47.0,20.0,15.0,109.0,0.665,263.0,221.0,4.0,3.0,0.53,0.01,3.21,2.7,54.0,243.0,22.22,47.0,268.0,82.46,7.0,6.0,9.5,8.8,2399.0,11.0,2504.0,0.912,5.0,0,15.0,29.6,82.0,39.0,27.0,16.0,94.0,0.573,245.0,258.0,1.0,5.0,-0.18,0.03,2.99,3.15,47.0,231.0,20.35,63.0,221.0,71.49,10.0,3.0,7.1,7.4,2470.0,9.9,2686.0,0.904,5.0,0,0,0,0,1,0,0,0,0,17565,9.773663564699927,1.0162254483347566,1,0
18844.0,9.843949839819931,Carolina Hurricanes,Buffalo Sabres,3.0,29.4,82.0,52.0,23.0,7.0,111.0,0.677,277.0,211.0,2.0,5.0,0.73,-0.04,3.38,2.57,67.0,249.0,26.91,35.0,258.0,86.43,11.0,8.0,8.5,8.0,2733.0,10.1,2101.0,0.9,8.0,0,22.0,25.7,82.0,39.0,37.0,6.0,84.0,0.512,244.0,243.0,2.0,1.0,0.03,0.01,2.98,2.96,37.0,223.0,16.59,49.0,243.0,79.84,7.0,10.0,9.8,9.2,2534.0,9.6,2402.0,0.899,5.0,0,0,0,0,1,0,0,0,0,18680,9.835208711782833,1.008779443254818,0,0
19515.0,9.878938679614715,Detroit Red Wings,Columbus Blue Jackets,18.0,29.3,82.0,41.0,32.0,9.0,91.0,0.555,275.0,273.0,3.0,1.0,0.06,0.02,3.35,3.33,63.0,273.0,23.08,49.0,240.0,79.58,7.0,10.0,8.7,9.9,2375.0,11.6,2657.0,0.897,4.0,0,29.0,26.8,82.0,27.0,43.0,12.0,66.0,0.402,234.0,298.0,3.0,2.0,-0.72,0.05,2.85,3.63,32.0,212.0,15.09,56.0,236.0,76.27,5.0,6.0,8.2,7.6,2458.0,9.5,2822.0,0.894,1.0,0,0,0,0,1,0,0,0,0,20000,9.903487552536127,0.97575,0,0
19456.0,9.875910784765894,Florida Panthers,Edmonton Oilers,5.0,29.5,82.0,52.0,24.0,6.0,110.0,0.671,265.0,198.0,3.0,2.0,0.81,-0.02,3.23,2.41,63.0,268.0,23.51,51.0,291.0,82.47,8.0,9.0,13.6,13.5,2764.0,9.6,2279.0,0.913,8.0,0,9.0,29.4,82.0,49.0,27.0,6.0,104.0,0.634,292.0,236.0,2.0,1.0,0.65,-0.04,3.56,2.88,64.0,243.0,26.34,53.0,258.0,79.46,7.0,5.0,9.5,8.5,2768.0,10.5,2307.0,0.898,4.0,1,0,0,0,1,0,0,0,0,19109,9.857914707241372,1.018158982678319,1,1
21105.0,9.9572652582166,Montreal Canadiens,San Jose Sharks,28.0,26.7,82.0,30.0,36.0,16.0,76.0,0.463,232.0,281.0,4.0,8.0,-0.59,0.05,2.83,3.43,44.0,252.0,17.46,65.0,277.0,76.53,7.0,12.0,10.2,10.0,2269.0,10.2,2738.0,0.897,2.0,1,32.0,27.7,82.0,19.0,54.0,9.0,47.0,0.287,180.0,326.0,1.0,5.0,-1.78,0.05,2.2,3.98,42.0,208.0,20.19,62.0,252.0,75.4,3.0,8.0,9.5,8.2,2069.0,8.7,2881.0,0.887,2.0,0,0,0,0,1,0,0,0,0,21105,9.9572652582166,1.0,0,0
17159.0,9.750278096285621,Nashville Predators,Winnipeg Jets,11.0,29.5,82.0,47.0,30.0,5.0,99.0,0.604,266.0,248.0,3.0,0.0,0.23,-0.02,3.24,3.02,58.0,269.0,21.56,57.0,247.0,76.92,7.0,5.0,9.7,9.5,2642.0,10.1,2507.0,0.901,4.0,0,4.0,29.4,82.0,52.0,24.0,6.0,110.0,0.671,259.0,198.0,0.0,1.0,0.69,-0.04,3.16,2.41,45.0,240.0,18.75,51.0,223.0,77.13,3.0,5.0,8.2,8.9,2488.0,10.4,2429.0,0.918,8.0,1,0,0,0,1,0,0,0,1,17113,9.747593687577451,1.0026880149593875,1,0
16630.0,9.718963572186974,Pittsburgh Penguins,Philadelphia Flyers,19.0,31.3,82.0,38.0,32.0,12.0,88.0,0.537,253.0,248.0,2.0,3.0,0.05,0.0,3.09,3.02,40.0,262.0,15.27,47.0,243.0,80.66,5.0,12.0,7.4,7.9,2685.0,9.4,2479.0,0.9,8.0,0,21.0,27.1,82.0,38.0,33.0,11.0,87.0,0.53,231.0,258.0,4.0,3.0,-0.29,0.03,2.82,3.15,31.0,254.0,12.2,40.0,241.0,83.4,16.0,4.0,10.1,9.7,2708.0,8.5,2225.0,0.884,5.0,0,0,0,0,1,0,0,0,1,18387,9.819399172153842,0.9044433567194213,1,0
19092.0,9.857024678125788,Tampa Bay Lightning,Calgary Flames,13.0,29.1,82.0,45.0,29.0,8.0,98.0,0.598,288.0,267.0,3.0,1.0,0.28,0.0,3.51,3.26,71.0,248.0,28.63,39.0,234.0,83.33,5.0,6.0,11.0,11.0,2401.0,12.0,2430.0,0.89,4.0,0,25.0,29.2,82.0,38.0,39.0,5.0,81.0,0.494,253.0,267.0,0.0,4.0,-0.2,0.02,3.09,3.26,45.0,252.0,17.86,47.0,245.0,80.82,11.0,11.0,9.4,9.2,2572.0,9.8,2438.0,0.89,2.0,1,0,0,0,1,0,0,0,0,19204,9.862873869650832,0.9941678816913143,1,0
18290.0,9.814109741384911,Vegas Golden Knights,Chicago Blackhawks,14.0,29.0,82.0,45.0,29.0,8.0,98.0,0.598,263.0,243.0,4.0,2.0,0.22,-0.05,3.21,2.96,51.0,252.0,20.24,44.0,213.0,79.34,9.0,8.0,7.4,8.5,2548.0,10.3,2487.0,0.902,3.0,0,31.0,27.4,82.0,23.0,53.0,6.0,52.0,0.317,178.0,289.0,1.0,1.0,-1.29,0.06,2.17,3.52,39.0,235.0,16.6,56.0,231.0,75.76,3.0,8.0,8.7,9.3,2153.0,8.3,2681.0,0.892,1.0,0,0,0,0,1,0,0,0,0,17500,9.769956159911606,1.0451428571428572,0,0
18573.0,9.829464192187341,Washington Capitals,St. Louis Blues,17.0,30.0,82.0,40.0,31.0,11.0,91.0,0.555,216.0,252.0,4.0,5.0,-0.41,0.04,2.63,3.07,47.0,228.0,20.61,49.0,233.0,78.97,3.0,5.0,7.7,7.4,2172.0,9.9,2503.0,0.899,7.0,0,16.0,29.0,82.0,43.0,33.0,6.0,92.0,0.561,234.0,248.0,5.0,2.0,-0.14,-0.01,2.85,3.02,45.0,250.0,18.0,46.0,215.0,78.6,11.0,7.0,7.4,8.6,2370.0,9.9,2636.0,0.906,4.0,0,0,0,0,1,0,0,0,0,18506,9.825850282808975,1.0036204474224575,0,0
18091.0,9.803169856021261,Colorado Avalanche,Minnesota Wild,8.0,28.8,82.0,50.0,25.0,7.0,107.0,0.652,302.0,252.0,2.0,2.0,0.57,-0.05,3.68,3.07,68.0,278.0,24.46,53.0,264.0,79.92,7.0,6.0,8.9,9.7,2705.0,11.2,2444.0,0.897,4.0,0,20.0,29.3,82.0,39.0,34.0,9.0,87.0,0.53,248.0,260.0,3.0,3.0,-0.14,0.01,3.02,3.17,62.0,273.0,22.71,67.0,263.0,74.52,3.0,11.0,11.4,11.3,2471.0,10.0,2437.0,0.893,6.0,0,0,0,0,0,1,0,0,1,18007,9.798515850169505,1.0046648525573387,1,1
18532.0,9.827254246536539,Dallas Stars,Los Angeles Kings,2.0,29.3,82.0,52.0,21.0,9.0,113.0,0.689,294.0,232.0,4.0,2.0,0.74,-0.04,3.59,2.83,58.0,240.0,24.17,43.0,239.0,82.01,12.0,4.0,6.8,7.5,2588.0,11.4,2350.0,0.901,4.0,0,12.0,29.5,82.0,44.0,27.0,11.0,99.0,0.604,254.0,210.0,2.0,5.0,0.45,-0.05,3.1,2.56,56.0,248.0,22.58,39.0,253.0,84.58,11.0,7.0,8.7,9.5,2616.0,9.7,2296.0,0.909,7.0,0,0,0,0,0,1,0,0,0,18408,9.820540631715202,1.0067362016514558,0,0
18006.0,9.798460314668421,New York Rangers,Toronto Maple Leafs,1.0,29.1,82.0,55.0,23.0,4.0,114.0,0.695,278.0,226.0,4.0,3.0,0.61,-0.03,3.39,2.76,65.0,246.0,26.42,36.0,232.0,84.48,8.0,6.0,9.4,10.4,2582.0,10.8,2418.0,0.907,6.0,0,10.0,28.9,82.0,46.0,26.0,10.0,102.0,0.622,298.0,261.0,5.0,2.0,0.5,0.01,3.63,3.18,57.0,238.0,23.95,55.0,238.0,76.89,6.0,9.0,9.9,10.2,2671.0,11.2,2446.0,0.893,5.0,1,0,0,0,0,1,0,0,0,18006,9.798460314668421,1.0,1,1
17174.0,9.75115189123243,Anaheim Ducks,Chicago Blackhawks,30.0,27.7,82.0,27.0,50.0,5.0,59.0,0.36,203.0,293.0,1.0,2.0,-1.09,0.02,2.48,3.57,43.0,235.0,18.3,91.0,330.0,72.42,12.0,5.0,13.5,10.9,2194.0,9.3,2666.0,0.89,1.0,0,31.0,27.4,82.0,23.0,53.0,6.0,52.0,0.317,178.0,289.0,1.0,1.0,-1.29,0.06,2.17,3.52,39.0,235.0,16.6,56.0,231.0,75.76,3.0,8.0,8.7,9.3,2153.0,8.3,2681.0,0.892,1.0,0,0,0,0,0,0,1,0,0,17174,9.75115189123243,1.0,0,0
18361.0,9.817984128922188,Buffalo Sabres,Montreal Canadiens,22.0,25.7,82.0,39.0,37.0,6.0,84.0,0.512,244.0,243.0,2.0,1.0,0.03,0.01,2.98,2.96,37.0,223.0,16.59,49.0,243.0,79.84,7.0,10.0,9.8,9.2,2534.0,9.6,2402.0,0.899,5.0,0,28.0,26.7,82.0,30.0,36.0,16.0,76.0,0.463,232.0,281.0,4.0,8.0,-0.59,0.05,2.83,3.43,44.0,252.0,17.46,65.0,277.0,76.53,7.0,12.0,10.2,10.0,2269.0,10.2,2738.0,0.897,2.0,1,0,0,0,0,0,1,0,1,19029,9.853719410302007,0.9648956855326081,0,0
18994.0,9.851878418802897,Carolina Hurricanes,Edmonton Oilers,3.0,29.4,82.0,52.0,23.0,7.0,111.0,0.677,277.0,211.0,2.0,5.0,0.73,-0.04,3.38,2.57,67.0,249.0,26.91,35.0,258.0,86.43,11.0,8.0,8.5,8.0,2733.0,10.1,2101.0,0.9,8.0,0,9.0,29.4,82.0,49.0,27.0,6.0,104.0,0.634,292.0,236.0,2.0,1.0,0.65,-0.04,3.56,2.88,64.0,243.0,26.34,53.0,258.0,79.46,7.0,5.0,9.5,8.5,2768.0,10.5,2307.0,0.898,4.0,1,0,0,0,0,0,1,0,0,18680,9.835208711782833,1.0168094218415418,0,1
19416.0,9.873852747406437,Florida Panthers,Calgary Flames,5.0,29.5,82.0,52.0,24.0,6.0,110.0,0.671,265.0,198.0,3.0,2.0,0.81,-0.02,3.23,2.41,63.0,268.0,23.51,51.0,291.0,82.47,8.0,9.0,13.6,13.5,2764.0,9.6,2279.0,0.913,8.0,0,25.0,29.2,82.0,38.0,39.0,5.0,81.0,0.494,253.0,267.0,0.0,4.0,-0.2,0.02,3.09,3.26,45.0,252.0,17.86,47.0,245.0,80.82,11.0,11.0,9.4,9.2,2572.0,9.8,2438.0,0.89,2.0,1,0,0,0,0,0,1,0,0,19109,9.857914707241372,1.016065728190905,1,0
17255.0,9.755857235532103,New York Islanders,Nashville Predators,15.0,29.6,82.0,39.0,27.0,16.0,94.0,0.573,245.0,258.0,1.0,5.0,-0.18,0.03,2.99,3.15,47.0,231.0,20.35,63.0,221.0,71.49,10.0,3.0,7.1,7.4,2470.0,9.9,2686.0,0.904,5.0,0,11.0,29.5,82.0,47.0,30.0,5.0,99.0,0.604,266.0,248.0,3.0,0.0,0.23,-0.02,3.24,3.02,58.0,269.0,21.56,57.0,247.0,76.92,7.0,5.0,9.7,9.5,2642.0,10.1,2507.0,0.901,4.0,0,0,0,0,0,0,1,0,0,17113,9.747593687577451,1.008297785309414,0,1
18602.0,9.831024380802413,Ottawa Senators,San Jose Sharks,26.0,27.0,82.0,37.0,41.0,4.0,78.0,0.476,250.0,281.0,5.0,0.0,-0.28,0.04,3.05,3.43,51.0,283.0,18.02,61.0,245.0,75.1,7.0,6.0,10.4,11.1,2602.0,9.6,2432.0,0.884,2.0,1,32.0,27.7,82.0,19.0,54.0,9.0,47.0,0.287,180.0,326.0,1.0,5.0,-1.78,0.05,2.2,3.98,42.0,208.0,20.19,62.0,252.0,75.4,3.0,8.0,9.5,8.2,2069.0,8.7,2881.0,0.887,2.0,0,0,0,0,0,0,1,0,0,18652,9.833708657928211,0.9973193223246837,0,0
17320.0,9.759617182116425,Pittsburgh Penguins,Boston Bruins,19.0,31.3,82.0,38.0,32.0,12.0,88.0,0.537,253.0,248.0,2.0,3.0,0.05,0.0,3.09,3.02,40.0,262.0,15.27,47.0,243.0,80.66,5.0,12.0,7.4,7.9,2685.0,9.4,2479.0,0.9,8.0,0,6.0,28.6,82.0,47.0,20.0,15.0,109.0,0.665,263.0,221.0,4.0,3.0,0.53,0.01,3.21,2.7,54.0,243.0,22.22,47.0,268.0,82.46,7.0,6.0,9.5,8.8,2399.0,11.0,2504.0,0.912,5.0,0,0,0,0,0,0,1,0,0,18387,9.819399172153842,0.9419698700168597,1,1
17151.0,9.749811759932081,Seattle Kraken,Vancouver Canucks,24.0,29.4,82.0,34.0,35.0,13.0,81.0,0.494,214.0,232.0,3.0,4.0,-0.26,-0.03,2.61,2.83,50.0,242.0,20.66,47.0,222.0,78.83,6.0,9.0,8.0,8.1,2347.0,9.1,2391.0,0.903,5.0,0,7.0,28.6,82.0,50.0,23.0,9.0,109.0,0.665,279.0,221.0,0.0,2.0,0.64,-0.04,3.4,2.7,58.0,257.0,22.57,53.0,254.0,79.13,7.0,7.0,9.6,9.7,2328.0,12.0,2343.0,0.906,7.0,1,0,0,0,0,0,1,0,1,17100,9.746833742490752,1.0029824561403509,0,1
17713.0,9.782054112252597,St. Louis Blues,Los Angeles Kings,16.0,29.0,82.0,43.0,33.0,6.0,92.0,0.561,234.0,248.0,5.0,2.0,-0.14,-0.01,2.85,3.02,45.0,250.0,18.0,46.0,215.0,78.6,11.0,7.0,7.4,8.6,2370.0,9.9,2636.0,0.906,4.0,0,12.0,29.5,82.0,44.0,27.0,11.0,99.0,0.604,254.0,210.0,2.0,5.0,0.45,-0.05,3.1,2.56,56.0,248.0,22.58,39.0,253.0,84.58,11.0,7.0,8.7,9.5,2616.0,9.7,2296.0,0.909,7.0,0,0,0,0,0,0,1,0,0,18400,9.820105943597078,0.9626630434782608,0,0
14436.0,9.577480365762678,Winnipeg Jets,Philadelphia Flyers,4.0,29.4,82.0,52.0,24.0,6.0,110.0,0.671,259.0,198.0,0.0,1.0,0.69,-0.04,3.16,2.41,45.0,240.0,18.75,51.0,223.0,77.13,3.0,5.0,8.2,8.9,2488.0,10.4,2429.0,0.918,8.0,1,21.0,27.1,82.0,38.0,33.0,11.0,87.0,0.53,231.0,258.0,4.0,3.0,-0.29,0.03,2.82,3.15,31.0,254.0,12.2,40.0,241.0,83.4,16.0,4.0,10.1,9.7,2708.0,8.5,2225.0,0.884,5.0,0,0,0,0,0,0,1,0,0,15225,9.630694092578098,0.9481773399014778,0,0
18573.0,9.829464192187341,Washington Capitals,Tampa Bay Lightning,17.0,30.0,82.0,40.0,31.0,11.0,91.0,0.555,216.0,252.0,4.0,5.0,-0.41,0.04,2.63,3.07,47.0,228.0,20.61,49.0,233.0,78.97,3.0,5.0,7.7,7.4,2172.0,9.9,2503.0,0.899,7.0,0,13.0,29.1,82.0,45.0,29.0,8.0,98.0,0.598,288.0,267.0,3.0,1.0,0.28,0.0,3.51,3.26,71.0,248.0,28.63,39.0,234.0,83.33,5.0,6.0,11.0,11.0,2401.0,12.0,2430.0,0.89,4.0,0,0,0,0,0,0,1,0,0,18506,9.825850282808975,1.0036204474224575,0,1
18700.0,9.836278802842678,Carolina Hurricanes,Calgary Flames,3.0,29.4,82.0,52.0,23.0,7.0,111.0,0.677,277.0,211.0,2.0,5.0,0.73,-0.04,3.38,2.57,67.0,249.0,26.91,35.0,258.0,86.43,11.0,8.0,8.5,8.0,2733.0,10.1,2101.0,0.9,8.0,0,25.0,29.2,82.0,38.0,39.0,5.0,81.0,0.494,253.0,267.0,0.0,4.0,-0.2,0.02,3.09,3.26,45.0,252.0,17.86,47.0,245.0,80.82,11.0,11.0,9.4,9.2,2572.0,9.8,2438.0,0.89,2.0,1,0,0,0,0,0,0,1,0,18680,9.835208711782833,1.0010706638115632,0,0
18532.0,9.827254246536539,Dallas Stars,St. Louis Blues,2.0,29.3,82.0,52.0,21.0,9.0,113.0,0.689,294.0,232.0,4.0,2.0,0.74,-0.04,3.59,2.83,58.0,240.0,24.17,43.0,239.0,82.01,12.0,4.0,6.8,7.5,2588.0,11.4,2350.0,0.901,4.0,0,16.0,29.0,82.0,43.0,33.0,6.0,92.0,0.561,234.0,248.0,5.0,2.0,-0.14,-0.01,2.85,3.02,45.0,250.0,18.0,46.0,215.0,78.6,11.0,7.0,7.4,8.6,2370.0,9.9,2636.0,0.906,4.0,0,0,0,0,0,0,0,1,1,18408,9.820540631715202,1.0067362016514558,0,0
18447.0,9.82265703462158,Minnesota Wild,Boston Bruins,20.0,29.3,82.0,39.0,34.0,9.0,87.0,0.53,248.0,260.0,3.0,3.0,-0.14,0.01,3.02,3.17,62.0,273.0,22.71,67.0,263.0,74.52,3.0,11.0,11.4,11.3,2471.0,10.0,2437.0,0.893,6.0,0,6.0,28.6,82.0,47.0,20.0,15.0,109.0,0.665,263.0,221.0,4.0,3.0,0.53,0.01,3.21,2.7,54.0,243.0,22.22,47.0,268.0,82.46,7.0,6.0,9.5,8.8,2399.0,11.0,2504.0,0.912,5.0,0,0,0,0,0,0,0,1,0,17954,9.795568210316635,1.0274590620474546,1,1
17336.0,9.760540543216194,New York Rangers,Nashville Predators,1.0,29.1,82.0,55.0,23.0,4.0,114.0,0.695,278.0,226.0,4.0,3.0,0.61,-0.03,3.39,2.76,65.0,246.0,26.42,36.0,232.0,84.48,8.0,6.0,9.4,10.4,2582.0,10.8,2418.0,0.907,6.0,0,11.0,29.5,82.0,47.0,30.0,5.0,99.0,0.604,266.0,248.0,3.0,0.0,0.23,-0.02,3.24,3.02,58.0,269.0,21.56,57.0,247.0,76.92,7.0,5.0,9.7,9.5,2642.0,10.1,2507.0,0.901,4.0,0,0,0,0,0,0,0,1,0,18006,9.798460314668421,0.9627901810507609,1,1
16284.0,9.69793830962287,Pittsburgh Penguins,Toronto Maple Leafs,19.0,31.3,82.0,38.0,32.0,12.0,88.0,0.537,253.0,248.0,2.0,3.0,0.05,0.0,3.09,3.02,40.0,262.0,15.27,47.0,243.0,80.66,5.0,12.0,7.4,7.9,2685.0,9.4,2479.0,0.9,8.0,0,10.0,28.9,82.0,46.0,26.0,10.0,102.0,0.622,298.0,261.0,5.0,2.0,0.5,0.01,3.63,3.18,57.0,238.0,23.95,55.0,238.0,76.89,6.0,9.0,9.9,10.2,2671.0,11.2,2446.0,0.893,5.0,1,0,0,0,0,0,0,1,0,18387,9.819399172153842,0.8856257138195465,1,1
17941.0,9.794843875419385,Vegas Golden Knights,New Jersey Devils,14.0,29.0,82.0,45.0,29.0,8.0,98.0,0.598,263.0,243.0,4.0,2.0,0.22,-0.05,3.21,2.96,51.0,252.0,20.24,44.0,213.0,79.34,9.0,8.0,7.4,8.5,2548.0,10.3,2487.0,0.902,3.0,0,23.0,26.8,82.0,38.0,39.0,5.0,81.0,0.494,264.0,281.0,0.0,2.0,-0.22,0.01,3.22,3.43,55.0,245.0,22.45,47.0,243.0,80.66,3.0,9.0,9.1,9.6,2516.0,10.5,2458.0,0.886,1.0,0,0,0,0,0,0,0,1,0,17500,9.769956159911606,1.0252,0,0
16254.0,9.69609431131315,Chicago Blackhawks,Los Angeles Kings,31.0,27.4,82.0,23.0,53.0,6.0,52.0,0.317,178.0,289.0,1.0,1.0,-1.29,0.06,2.17,3.52,39.0,235.0,16.6,56.0,231.0,75.76,3.0,8.0,8.7,9.3,2153.0,8.3,2681.0,0.892,1.0,0,12.0,29.5,82.0,44.0,27.0,11.0,99.0,0.604,254.0,210.0,2.0,5.0,0.45,-0.05,3.1,2.56,56.0,248.0,22.58,39.0,253.0,84.58,11.0,7.0,8.7,9.5,2616.0,9.7,2296.0,0.909,7.0,0,1,0,0,0,0,0,0,0,20243,9.915564333761576,0.8029442276342439,0,0
19441.0,9.87513951702064,Florida Panthers,Tampa Bay Lightning,5.0,29.5,82.0,52.0,24.0,6.0,110.0,0.671,265.0,198.0,3.0,2.0,0.81,-0.02,3.23,2.41,63.0,268.0,23.51,51.0,291.0,82.47,8.0,9.0,13.6,13.5,2764.0,9.6,2279.0,0.913,8.0,0,13.0,29.1,82.0,45.0,29.0,8.0,98.0,0.598,288.0,267.0,3.0,1.0,0.28,0.0,3.51,3.26,71.0,248.0,28.63,39.0,234.0,83.33,5.0,6.0,11.0,11.0,2401.0,12.0,2430.0,0.89,4.0,0,1,0,0,0,0,0,0,1,19109,9.857914707241372,1.0173740122455388,1,1
21105.0,9.9572652582166,Montreal Canadiens,Buffalo Sabres,28.0,26.7,82.0,30.0,36.0,16.0,76.0,0.463,232.0,281.0,4.0,8.0,-0.59,0.05,2.83,3.43,44.0,252.0,17.46,65.0,277.0,76.53,7.0,12.0,10.2,10.0,2269.0,10.2,2738.0,0.897,2.0,1,22.0,25.7,82.0,39.0,37.0,6.0,84.0,0.512,244.0,243.0,2.0,1.0,0.03,0.01,2.98,2.96,37.0,223.0,16.59,49.0,243.0,79.84,7.0,10.0,9.8,9.2,2534.0,9.6,2402.0,0.899,5.0,0,1,0,0,0,0,0,0,1,21105,9.9572652582166,1.0,0,0
17475.0,9.768526567102011,New York Rangers,New York Islanders,1.0,29.1,82.0,55.0,23.0,4.0,114.0,0.695,278.0,226.0,4.0,3.0,0.61,-0.03,3.39,2.76,65.0,246.0,26.42,36.0,232.0,84.48,8.0,6.0,9.4,10.4,2582.0,10.8,2418.0,0.907,6.0,0,15.0,29.6,82.0,39.0,27.0,16.0,94.0,0.573,245.0,258.0,1.0,5.0,-0.18,0.03,2.99,3.15,47.0,231.0,20.35,63.0,221.0,71.49,10.0,3.0,7.1,7.4,2470.0,9.9,2686.0,0.904,5.0,0,1,0,0,0,0,0,0,1,18006,9.798460314668421,0.9705098300566478,1,0
18884.0,9.846070281666178,Toronto Maple Leafs,San Jose Sharks,10.0,28.9,82.0,46.0,26.0,10.0,102.0,0.622,298.0,261.0,5.0,2.0,0.5,0.01,3.63,3.18,57.0,238.0,23.95,55.0,238.0,76.89,6.0,9.0,9.9,10.2,2671.0,11.2,2446.0,0.893,5.0,1,32.0,27.7,82.0,19.0,54.0,9.0,47.0,0.287,180.0,326.0,1.0,5.0,-1.78,0.05,2.2,3.98,42.0,208.0,20.19,62.0,252.0,75.4,3.0,8.0,9.5,8.2,2069.0,8.7,2881.0,0.887,2.0,0,1,0,0,0,0,0,0,0,18819,9.842622276764853,1.0034539561081885,1,0
18573.0,9.829464192187341,Washington Capitals,Ottawa Senators,17.0,30.0,82.0,40.0,31.0,11.0,91.0,0.555,216.0,252.0,4.0,5.0,-0.41,0.04,2.63,3.07,47.0,228.0,20.61,49.0,233.0,78.97,3.0,5.0,7.7,7.4,2172.0,9.9,2503.0,0.899,7.0,0,26.0,27.0,82.0,37.0,41.0,4.0,78.0,0.476,250.0,281.0,5.0,0.0,-0.28,0.04,3.05,3.43,51.0,283.0,18.02,61.0,245.0,75.1,7.0,6.0,10.4,11.1,2602.0,9.6,2432.0,0.884,2.0,1,1,0,0,0,0,0,0,0,18506,9.825850282808975,1.0036204474224575,0,0
17850.0,9.789758787207784,Boston Bruins,Nashville Predators,6.0,28.6,82.0,47.0,20.0,15.0,109.0,0.665,263.0,221.0,4.0,3.0,0.53,0.01,3.21,2.7,54.0,243.0,22.22,47.0,268.0,82.46,7.0,6.0,9.5,8.8,2399.0,11.0,2504.0,0.912,5.0,0,11.0,29.5,82.0,47.0,30.0,5.0,99.0,0.604,266.0,248.0,3.0,0.0,0.23,-0.02,3.24,3.02,58.0,269.0,21.56,57.0,247.0,76.92,7.0,5.0,9.7,9.5,2642.0,10.1,2507.0,0.901,4.0,0,0,1,0,0,0,0,0,0,17565,9.773663564699927,1.0162254483347566,1,1
14741.0,9.598388006047278,Buffalo Sabres,San Jose Sharks,22.0,25.7,82.0,39.0,37.0,6.0,84.0,0.512,244.0,243.0,2.0,1.0,0.03,0.01,2.98,2.96,37.0,223.0,16.59,49.0,243.0,79.84,7.0,10.0,9.8,9.2,2534.0,9.6,2402.0,0.899,5.0,0,32.0,27.7,82.0,19.0,54.0,9.0,47.0,0.287,180.0,326.0,1.0,5.0,-1.78,0.05,2.2,3.98,42.0,208.0,20.19,62.0,252.0,75.4,3.0,8.0,9.5,8.2,2069.0,8.7,2881.0,0.887,2.0,0,0,1,0,0,0,0,0,0,19029,9.853719410302007,0.7746597298859635,0,0
18037.0,9.8001804826702,Colorado Avalanche,Pittsburgh Penguins,8.0,28.8,82.0,50.0,25.0,7.0,107.0,0.652,302.0,252.0,2.0,2.0,0.57,-0.05,3.68,3.07,68.0,278.0,24.46,53.0,264.0,79.92,7.0,6.0,8.9,9.7,2705.0,11.2,2444.0,0.897,4.0,0,19.0,31.3,82.0,38.0,32.0,12.0,88.0,0.537,253.0,248.0,2.0,3.0,0.05,0.0,3.09,3.02,40.0,262.0,15.27,47.0,243.0,80.66,5.0,12.0,7.4,7.9,2685.0,9.4,2479.0,0.9,8.0,0,0,1,0,0,0,0,0,0,18007,9.798515850169505,1.0016660187704782,1,1
18532.0,9.827254246536539,Dallas Stars,New Jersey Devils,2.0,29.3,82.0,52.0,21.0,9.0,113.0,0.689,294.0,232.0,4.0,2.0,0.74,-0.04,3.59,2.83,58.0,240.0,24.17,43.0,239.0,82.01,12.0,4.0,6.8,7.5,2588.0,11.4,2350.0,0.901,4.0,0,23.0,26.8,82.0,38.0,39.0,5.0,81.0,0.494,264.0,281.0,0.0,2.0,-0.22,0.01,3.22,3.43,55.0,245.0,22.45,47.0,243.0,80.66,3.0,9.0,9.1,9.6,2516.0,10.5,2458.0,0.886,1.0,0,0,1,0,0,0,0,0,0,18408,9.820540631715202,1.0067362016514558,0,0
18573.0,9.829464192187341,Detroit Red Wings,Carolina Hurricanes,18.0,29.3,82.0,41.0,32.0,9.0,91.0,0.555,275.0,273.0,3.0,1.0,0.06,0.02,3.35,3.33,63.0,273.0,23.08,49.0,240.0,79.58,7.0,10.0,8.7,9.9,2375.0,11.6,2657.0,0.897,4.0,0,3.0,29.4,82.0,52.0,23.0,7.0,111.0,0.677,277.0,211.0,2.0,5.0,0.73,-0.04,3.38,2.57,67.0,249.0,26.91,35.0,258.0,86.43,11.0,8.0,8.5,8.0,2733.0,10.1,2101.0,0.9,8.0,0,0,1,0,0,0,0,0,0,20000,9.903487552536127,0.92865,0,0
18347.0,9.81722135237872,Edmonton Oilers,Anaheim Ducks,9.0,29.4,82.0,49.0,27.0,6.0,104.0,0.634,292.0,236.0,2.0,1.0,0.65,-0.04,3.56,2.88,64.0,243.0,26.34,53.0,258.0,79.46,7.0,5.0,9.5,8.5,2768.0,10.5,2307.0,0.898,4.0,1,30.0,27.7,82.0,27.0,50.0,5.0,59.0,0.36,203.0,293.0,1.0,2.0,-1.09,0.02,2.48,3.57,43.0,235.0,18.3,91.0,330.0,72.42,12.0,5.0,13.5,10.9,2194.0,9.3,2666.0,0.89,1.0,0,0,1,0,0,0,0,0,1,18347,9.81722135237872,1.0,1,0
14723.0,9.597166175865409,New York Islanders,Winnipeg Jets,15.0,29.6,82.0,39.0,27.0,16.0,94.0,0.573,245.0,258.0,1.0,5.0,-0.18,0.03,2.99,3.15,47.0,231.0,20.35,63.0,221.0,71.49,10.0,3.0,7.1,7.4,2470.0,9.9,2686.0,0.904,5.0,0,4.0,29.4,82.0,52.0,24.0,6.0,110.0,0.671,259.0,198.0,0.0,1.0,0.69,-0.04,3.16,2.41,45.0,240.0,18.75,51.0,223.0,77.13,3.0,5.0,8.2,8.9,2488.0,10.4,2429.0,0.918,8.0,1,0,1,0,0,0,0,0,0,17113,9.747593687577451,0.8603400923274703,0,0
18510.0,9.826066405567543,Philadelphia Flyers,Calgary Flames,21.0,27.1,82.0,38.0,33.0,11.0,87.0,0.53,231.0,258.0,4.0,3.0,-0.29,0.03,2.82,3.15,31.0,254.0,12.2,40.0,241.0,83.4,16.0,4.0,10.1,9.7,2708.0,8.5,2225.0,0.884,5.0,0,25.0,29.2,82.0,38.0,39.0,5.0,81.0,0.494,253.0,267.0,0.0,4.0,-0.2,0.02,3.09,3.26,45.0,252.0,17.86,47.0,245.0,80.82,11.0,11.0,9.4,9.2,2572.0,9.8,2438.0,0.89,2.0,1,0,1,0,0,0,0,0,0,19537,9.880065382591635,0.9474330757025132,0,0
17151.0,9.749811759932081,Seattle Kraken,Minnesota Wild,24.0,29.4,82.0,34.0,35.0,13.0,81.0,0.494,214.0,232.0,3.0,4.0,-0.26,-0.03,2.61,2.83,50.0,242.0,20.66,47.0,222.0,78.83,6.0,9.0,8.0,8.1,2347.0,9.1,2391.0,0.903,5.0,0,20.0,29.3,82.0,39.0,34.0,9.0,87.0,0.53,248.0,260.0,3.0,3.0,-0.14,0.01,3.02,3.17,62.0,273.0,22.71,67.0,263.0,74.52,3.0,11.0,11.4,11.3,2471.0,10.0,2437.0,0.893,6.0,0,0,1,0,0,0,0,0,0,17100,9.746833742490752,1.0029824561403509,0,1
19092.0,9.857024678125788,Tampa Bay Lightning,Columbus Blue Jackets,13.0,29.1,82.0,45.0,29.0,8.0,98.0,0.598,288.0,267.0,3.0,1.0,0.28,0.0,3.51,3.26,71.0,248.0,28.63,39.0,234.0,83.33,5.0,6.0,11.0,11.0,2401.0,12.0,2430.0,0.89,4.0,0,29.0,26.8,82.0,27.0,43.0,12.0,66.0,0.402,234.0,298.0,3.0,2.0,-0.72,0.05,2.85,3.63,32.0,212.0,15.09,56.0,236.0,76.27,5.0,6.0,8.2,7.6,2458.0,9.5,2822.0,0.894,1.0,0,0,1,0,0,0,0,0,0,19204,9.862873869650832,0.9941678816913143,1,0
17432.0,9.766062876624456,Chicago Blackhawks,Ottawa Senators,31.0,27.4,82.0,23.0,53.0,6.0,52.0,0.317,178.0,289.0,1.0,1.0,-1.29,0.06,2.17,3.52,39.0,235.0,16.6,56.0,231.0,75.76,3.0,8.0,8.7,9.3,2153.0,8.3,2681.0,0.892,1.0,0,26.0,27.0,82.0,37.0,41.0,4.0,78.0,0.476,250.0,281.0,5.0,0.0,-0.28,0.04,3.05,3.43,51.0,283.0,18.02,61.0,245.0,75.1,7.0,6.0,10.4,11.1,2602.0,9.6,2432.0,0.884,2.0,1,0,0,1,0,0,0,0,0,20243,9.915564333761576,0.8611371832238305,0,0
14055.0,9.550733483340633,Los Angeles Kings,St. Louis Blues,12.0,29.5,82.0,44.0,27.0,11.0,99.0,0.604,254.0,210.0,2.0,5.0,0.45,-0.05,3.1,2.56,56.0,248.0,22.58,39.0,253.0,84.58,11.0,7.0,8.7,9.5,2616.0,9.7,2296.0,0.909,7.0,0,16.0,29.0,82.0,43.0,33.0,6.0,92.0,0.561,234.0,248.0,5.0,2.0,-0.14,-0.01,2.85,3.02,45.0,250.0,18.0,46.0,215.0,78.6,11.0,7.0,7.4,8.6,2370.0,9.9,2636.0,0.906,4.0,0,0,0,1,0,0,0,0,0,18118,9.804661198229233,0.7757478750413953,0,0
18006.0,9.798460314668421,New York Rangers,Washington Capitals,1.0,29.1,82.0,55.0,23.0,4.0,114.0,0.695,278.0,226.0,4.0,3.0,0.61,-0.03,3.39,2.76,65.0,246.0,26.42,36.0,232.0,84.48,8.0,6.0,9.4,10.4,2582.0,10.8,2418.0,0.907,6.0,0,17.0,30.0,82.0,40.0,31.0,11.0,91.0,0.555,216.0,252.0,4.0,5.0,-0.41,0.04,2.63,3.07,47.0,228.0,20.61,49.0,233.0,78.97,3.0,5.0,7.7,7.4,2172.0,9.9,2503.0,0.899,7.0,0,0,0,1,0,0,0,0,1,18006,9.798460314668421,1.0,1,0
18865.0,9.84506363239841,Vancouver Canucks,Anaheim Ducks,7.0,28.6,82.0,50.0,23.0,9.0,109.0,0.665,279.0,221.0,0.0,2.0,0.64,-0.04,3.4,2.7,58.0,257.0,22.57,53.0,254.0,79.13,7.0,7.0,9.6,9.7,2328.0,12.0,2343.0,0.906,7.0,1,30.0,27.7,82.0,27.0,50.0,5.0,59.0,0.36,203.0,293.0,1.0,2.0,-1.09,0.02,2.48,3.57,43.0,235.0,18.3,91.0,330.0,72.42,12.0,5.0,13.5,10.9,2194.0,9.3,2666.0,0.89,1.0,0,0,0,1,0,0,0,0,1,18910,9.847446161652503,0.9976203067160233,1,0
17769.0,9.785210644945074,Vegas Golden Knights,Toronto Maple Leafs,14.0,29.0,82.0,45.0,29.0,8.0,98.0,0.598,263.0,243.0,4.0,2.0,0.22,-0.05,3.21,2.96,51.0,252.0,20.24,44.0,213.0,79.34,9.0,8.0,7.4,8.5,2548.0,10.3,2487.0,0.902,3.0,0,10.0,28.9,82.0,46.0,26.0,10.0,102.0,0.622,298.0,261.0,5.0,2.0,0.5,0.01,3.63,3.18,57.0,238.0,23.95,55.0,238.0,76.89,6.0,9.0,9.9,10.2,2671.0,11.2,2446.0,0.893,5.0,1,0,0,1,0,0,0,0,0,17500,9.769956159911606,1.0153714285714286,0,1
18700.0,9.836278802842678,Carolina Hurricanes,Boston Bruins,3.0,29.4,82.0,52.0,23.0,7.0,111.0,0.677,277.0,211.0,2.0,5.0,0.73,-0.04,3.38,2.57,67.0,249.0,26.91,35.0,258.0,86.43,11.0,8.0,8.5,8.0,2733.0,10.1,2101.0,0.9,8.0,0,6.0,28.6,82.0,47.0,20.0,15.0,109.0,0.665,263.0,221.0,4.0,3.0,0.53,0.01,3.21,2.7,54.0,243.0,22.22,47.0,268.0,82.46,7.0,6.0,9.5,8.8,2399.0,11.0,2504.0,0.912,5.0,0,0,0,0,1,0,0,0,0,18680,9.835208711782833,1.0010706638115632,0,1
18077.0,9.802395690974855,Colorado Avalanche,San Jose Sharks,8.0,28.8,82.0,50.0,25.0,7.0,107.0,0.652,302.0,252.0,2.0,2.0,0.57,-0.05,3.68,3.07,68.0,278.0,24.46,53.0,264.0,79.92,7.0,6.0,8.9,9.7,2705.0,11.2,2444.0,0.897,4.0,0,32.0,27.7,82.0,19.0,54.0,9.0,47.0,0.287,180.0,326.0,1.0,5.0,-1.78,0.05,2.2,3.98,42.0,208.0,20.19,62.0,252.0,75.4,3.0,8.0,9.5,8.2,2069.0,8.7,2881.0,0.887,2.0,0,0,0,0,1,0,0,0,0,18007,9.798515850169505,1.0038873771311156,1,0
18532.0,9.827254246536539,Dallas Stars,Calgary Flames,2.0,29.3,82.0,52.0,21.0,9.0,113.0,0.689,294.0,232.0,4.0,2.0,0.74,-0.04,3.59,2.83,58.0,240.0,24.17,43.0,239.0,82.01,12.0,4.0,6.8,7.5,2588.0,11.4,2350.0,0.901,4.0,0,25.0,29.2,82.0,38.0,39.0,5.0,81.0,0.494,253.0,267.0,0.0,4.0,-0.2,0.02,3.09,3.26,45.0,252.0,17.86,47.0,245.0,80.82,11.0,11.0,9.4,9.2,2572.0,9.8,2438.0,0.89,2.0,1,0,0,0,1,0,0,0,0,18408,9.820540631715202,1.0067362016514558,0,0
18347.0,9.81722135237872,Edmonton Oilers,Montreal Canadiens,9.0,29.4,82.0,49.0,27.0,6.0,104.0,0.634,292.0,236.0,2.0,1.0,0.65,-0.04,3.56,2.88,64.0,243.0,26.34,53.0,258.0,79.46,7.0,5.0,9.5,8.5,2768.0,10.5,2307.0,0.898,4.0,1,28.0,26.7,82.0,30.0,36.0,16.0,76.0,0.463,232.0,281.0,4.0,8.0,-0.59,0.05,2.83,3.43,44.0,252.0,17.46,65.0,277.0,76.53,7.0,12.0,10.2,10.0,2269.0,10.2,2738.0,0.897,2.0,1,0,0,0,1,0,0,0,0,18347,9.81722135237872,1.0,1,0
19402.0,9.873131432521228,Florida Panthers,Columbus Blue Jackets,5.0,29.5,82.0,52.0,24.0,6.0,110.0,0.671,265.0,198.0,3.0,2.0,0.81,-0.02,3.23,2.41,63.0,268.0,23.51,51.0,291.0,82.47,8.0,9.0,13.6,13.5,2764.0,9.6,2279.0,0.913,8.0,0,29.0,26.8,82.0,27.0,43.0,12.0,66.0,0.402,234.0,298.0,3.0,2.0,-0.72,0.05,2.85,3.63,32.0,212.0,15.09,56.0,236.0,76.27,5.0,6.0,8.2,7.6,2458.0,9.5,2822.0,0.894,1.0,0,0,0,0,1,0,0,0,0,19109,9.857914707241372,1.0153330891203098,1,0
17159.0,9.750278096285621,Nashville Predators,Seattle Kraken,11.0,29.5,82.0,47.0,30.0,5.0,99.0,0.604,266.0,248.0,3.0,0.0,0.23,-0.02,3.24,3.02,58.0,269.0,21.56,57.0,247.0,76.92,7.0,5.0,9.7,9.5,2642.0,10.1,2507.0,0.901,4.0,0,24.0,29.4,82.0,34.0,35.0,13.0,81.0,0.494,214.0,232.0,3.0,4.0,-0.26,-0.03,2.61,2.83,50.0,242.0,20.66,47.0,222.0,78.83,6.0,9.0,8.0,8.1,2347.0,9.1,2391.0,0.903,5.0,0,0,0,0,1,0,0,0,0,17113,9.747593687577451,1.0026880149593875,1,0
18619.0,9.831937843696052,Philadelphia Flyers,Winnipeg Jets,21.0,27.1,82.0,38.0,33.0,11.0,87.0,0.53,231.0,258.0,4.0,3.0,-0.29,0.03,2.82,3.15,31.0,254.0,12.2,40.0,241.0,83.4,16.0,4.0,10.1,9.7,2708.0,8.5,2225.0,0.884,5.0,0,4.0,29.4,82.0,52.0,24.0,6.0,110.0,0.671,259.0,198.0,0.0,1.0,0.69,-0.04,3.16,2.41,45.0,240.0,18.75,51.0,223.0,77.13,3.0,5.0,8.2,8.9,2488.0,10.4,2429.0,0.918,8.0,1,0,0,0,1,0,0,0,0,19537,9.880065382591635,0.9530122331985463,0,0
19092.0,9.857024678125788,Tampa Bay Lightning,Buffalo Sabres,13.0,29.1,82.0,45.0,29.0,8.0,98.0,0.598,288.0,267.0,3.0,1.0,0.28,0.0,3.51,3.26,71.0,248.0,28.63,39.0,234.0,83.33,5.0,6.0,11.0,11.0,2401.0,12.0,2430.0,0.89,4.0,0,22.0,25.7,82.0,39.0,37.0,6.0,84.0,0.512,244.0,243.0,2.0,1.0,0.03,0.01,2.98,2.96,37.0,223.0,16.59,49.0,243.0,79.84,7.0,10.0,9.8,9.2,2534.0,9.6,2402.0,0.899,5.0,0,0,0,0,1,0,0,0,1,19204,9.862873869650832,0.9941678816913143,1,0
15596.0,9.654769750102489,Anaheim Ducks,St. Louis Blues,30.0,27.7,82.0,27.0,50.0,5.0,59.0,0.36,203.0,293.0,1.0,2.0,-1.09,0.02,2.48,3.57,43.0,235.0,18.3,91.0,330.0,72.42,12.0,5.0,13.5,10.9,2194.0,9.3,2666.0,0.89,1.0,0,16.0,29.0,82.0,43.0,33.0,6.0,92.0,0.561,234.0,248.0,5.0,2.0,-0.14,-0.01,2.85,3.02,45.0,250.0,18.0,46.0,215.0,78.6,11.0,7.0,7.4,8.6,2370.0,9.9,2636.0,0.906,4.0,0,0,0,0,0,1,0,0,0,17174,9.75115189123243,0.9081169209269826,0,0
16088.0,9.685828931452487,New Jersey Devils,Winnipeg Jets,23.0,26.8,82.0,38.0,39.0,5.0,81.0,0.494,264.0,281.0,0.0,2.0,-0.22,0.01,3.22,3.43,55.0,245.0,22.45,47.0,243.0,80.66,3.0,9.0,9.1,9.6,2516.0,10.5,2458.0,0.886,1.0,0,4.0,29.4,82.0,52.0,24.0,6.0,110.0,0.671,259.0,198.0,0.0,1.0,0.69,-0.04,3.16,2.41,45.0,240.0,18.75,51.0,223.0,77.13,3.0,5.0,8.2,8.9,2488.0,10.4,2429.0,0.918,8.0,1,0,0,0,0,1,0,0,0,16535,9.713234625415893,0.9729664348351981,0,0
18885.0,9.846123235146557,Vancouver Canucks,Minnesota Wild,7.0,28.6,82.0,50.0,23.0,9.0,109.0,0.665,279.0,221.0,0.0,2.0,0.64,-0.04,3.4,2.7,58.0,257.0,22.57,53.0,254.0,79.13,7.0,7.0,9.6,9.7,2328.0,12.0,2343.0,0.906,7.0,1,20.0,29.3,82.0,39.0,34.0,9.0,87.0,0.53,248.0,260.0,3.0,3.0,-0.14,0.01,3.02,3.17,62.0,273.0,22.71,67.0,263.0,74.52,3.0,11.0,11.4,11.3,2471.0,10.0,2437.0,0.893,6.0,0,0,0,0,0,1,0,0,0,18910,9.847446161652503,0.9986779481755684,1,1
18219.0,9.810220284565686,Vegas Golden Knights,Pittsburgh Penguins,14.0,29.0,82.0,45.0,29.0,8.0,98.0,0.598,263.0,243.0,4.0,2.0,0.22,-0.05,3.21,2.96,51.0,252.0,20.24,44.0,213.0,79.34,9.0,8.0,7.4,8.5,2548.0,10.3,2487.0,0.902,3.0,0,19.0,31.3,82.0,38.0,32.0,12.0,88.0,0.537,253.0,248.0,2.0,3.0,0.05,0.0,3.09,3.02,40.0,262.0,15.27,47.0,243.0,80.66,5.0,12.0,7.4,7.9,2685.0,9.4,2479.0,0.9,8.0,0,0,0,0,0,1,0,0,0,17500,9.769956159911606,1.0410857142857144,0,1
18573.0,9.829464192187341,Washington Capitals,Detroit Red Wings,17.0,30.0,82.0,40.0,31.0,11.0,91.0,0.555,216.0,252.0,4.0,5.0,-0.41,0.04,2.63,3.07,47.0,228.0,20.61,49.0,233.0,78.97,3.0,5.0,7.7,7.4,2172.0,9.9,2503.0,0.899,7.0,0,18.0,29.3,82.0,41.0,32.0,9.0,91.0,0.555,275.0,273.0,3.0,1.0,0.06,0.02,3.35,3.33,63.0,273.0,23.08,49.0,240.0,79.58,7.0,10.0,8.7,9.9,2375.0,11.6,2657.0,0.897,4.0,0,0,0,0,0,1,0,0,0,18506,9.825850282808975,1.0036204474224575,0,0
19243.0,9.86490263722056,Calgary Flames,Montreal Canadiens,25.0,29.2,82.0,38.0,39.0,5.0,81.0,0.494,253.0,267.0,0.0,4.0,-0.2,0.02,3.09,3.26,45.0,252.0,17.86,47.0,245.0,80.82,11.0,11.0,9.4,9.2,2572.0,9.8,2438.0,0.89,2.0,1,28.0,26.7,82.0,30.0,36.0,16.0,76.0,0.463,232.0,281.0,4.0,8.0,-0.59,0.05,2.83,3.43,44.0,252.0,17.46,65.0,277.0,76.53,7.0,12.0,10.2,10.0,2269.0,10.2,2738.0,0.897,2.0,1,0,0,0,0,0,1,0,0,19289,9.86729026422424,0.9976152211104775,0,0
18094.0,9.803335670585687,Colorado Avalanche,Toronto Maple Leafs,8.0,28.8,82.0,50.0,25.0,7.0,107.0,0.652,302.0,252.0,2.0,2.0,0.57,-0.05,3.68,3.07,68.0,278.0,24.46,53.0,264.0,79.92,7.0,6.0,8.9,9.7,2705.0,11.2,2444.0,0.897,4.0,0,10.0,28.9,82.0,46.0,26.0,10.0,102.0,0.622,298.0,261.0,5.0,2.0,0.5,0.01,3.63,3.18,57.0,238.0,23.95,55.0,238.0,76.89,6.0,9.0,9.9,10.2,2671.0,11.2,2446.0,0.893,5.0,1,0,0,0,0,0,1,0,0,18007,9.798515850169505,1.0048314544343866,1,1
18347.0,9.81722135237872,Edmonton Oilers,Dallas Stars,9.0,29.4,82.0,49.0,27.0,6.0,104.0,0.634,292.0,236.0,2.0,1.0,0.65,-0.04,3.56,2.88,64.0,243.0,26.34,53.0,258.0,79.46,7.0,5.0,9.5,8.5,2768.0,10.5,2307.0,0.898,4.0,1,2.0,29.3,82.0,52.0,21.0,9.0,113.0,0.689,294.0,232.0,4.0,2.0,0.74,-0.04,3.59,2.83,58.0,240.0,24.17,43.0,239.0,82.01,12.0,4.0,6.8,7.5,2588.0,11.4,2350.0,0.901,4.0,0,0,0,0,0,0,1,0,0,18347,9.81722135237872,1.0,1,0
19559.0,9.881190817537517,Florida Panthers,Buffalo Sabres,5.0,29.5,82.0,52.0,24.0,6.0,110.0,0.671,265.0,198.0,3.0,2.0,0.81,-0.02,3.23,2.41,63.0,268.0,23.51,51.0,291.0,82.47,8.0,9.0,13.6,13.5,2764.0,9.6,2279.0,0.913,8.0,0,22.0,25.7,82.0,39.0,37.0,6.0,84.0,0.512,244.0,243.0,2.0,1.0,0.03,0.01,2.98,2.96,37.0,223.0,16.59,49.0,243.0,79.84,7.0,10.0,9.8,9.2,2534.0,9.6,2402.0,0.899,5.0,0,0,0,0,0,0,1,0,1,19109,9.857914707241372,1.023549112983411,1,0
17796.0,9.786728991925932,Los Angeles Kings,St. Louis Blues,12.0,29.5,82.0,44.0,27.0,11.0,99.0,0.604,254.0,210.0,2.0,5.0,0.45,-0.05,3.1,2.56,56.0,248.0,22.58,39.0,253.0,84.58,11.0,7.0,8.7,9.5,2616.0,9.7,2296.0,0.909,7.0,0,16.0,29.0,82.0,43.0,33.0,6.0,92.0,0.561,234.0,248.0,5.0,2.0,-0.14,-0.01,2.85,3.02,45.0,250.0,18.0,46.0,215.0,78.6,11.0,7.0,7.4,8.6,2370.0,9.9,2636.0,0.906,4.0,0,0,0,0,0,0,1,0,0,18118,9.804661198229233,0.9822276189424881,0,0
17159.0,9.750278096285621,Nashville Predators,Chicago Blackhawks,11.0,29.5,82.0,47.0,30.0,5.0,99.0,0.604,266.0,248.0,3.0,0.0,0.23,-0.02,3.24,3.02,58.0,269.0,21.56,57.0,247.0,76.92,7.0,5.0,9.7,9.5,2642.0,10.1,2507.0,0.901,4.0,0,31.0,27.4,82.0,23.0,53.0,6.0,52.0,0.317,178.0,289.0,1.0,1.0,-1.29,0.06,2.17,3.52,39.0,235.0,16.6,56.0,231.0,75.76,3.0,8.0,8.7,9.3,2153.0,8.3,2681.0,0.892,1.0,0,0,0,0,0,0,1,0,1,17113,9.747593687577451,1.0026880149593875,1,0
18224.0,9.810494685686963,Ottawa Senators,New York Rangers,26.0,27.0,82.0,37.0,41.0,4.0,78.0,0.476,250.0,281.0,5.0,0.0,-0.28,0.04,3.05,3.43,51.0,283.0,18.02,61.0,245.0,75.1,7.0,6.0,10.4,11.1,2602.0,9.6,2432.0,0.884,2.0,1,1.0,29.1,82.0,55.0,23.0,4.0,114.0,0.695,278.0,226.0,4.0,3.0,0.61,-0.03,3.39,2.76,65.0,246.0,26.42,36.0,232.0,84.48,8.0,6.0,9.4,10.4,2582.0,10.8,2418.0,0.907,6.0,0,0,0,0,0,0,1,0,0,18652,9.833708657928211,0.9770533990992923,0,1
19264.0,9.865993348108548,Philadelphia Flyers,Seattle Kraken,21.0,27.1,82.0,38.0,33.0,11.0,87.0,0.53,231.0,258.0,4.0,3.0,-0.29,0.03,2.82,3.15,31.0,254.0,12.2,40.0,241.0,83.4,16.0,4.0,10.1,9.7,2708.0,8.5,2225.0,0.884,5.0,0,24.0,29.4,82.0,34.0,35.0,13.0,81.0,0.494,214.0,232.0,3.0,4.0,-0.26,-0.03,2.61,2.83,50.0,242.0,20.66,47.0,222.0,78.83,6.0,9.0,8.0,8.1,2347.0,9.1,2391.0,0.903,5.0,0,0,0,0,0,0,1,0,0,19537,9.880065382591635,0.9860265137943389,0,0
17435.0,9.766234959109752,San Jose Sharks,New York Islanders,32.0,27.7,82.0,19.0,54.0,9.0,47.0,0.287,180.0,326.0,1.0,5.0,-1.78,0.05,2.2,3.98,42.0,208.0,20.19,62.0,252.0,75.4,3.0,8.0,9.5,8.2,2069.0,8.7,2881.0,0.887,2.0,0,15.0,29.6,82.0,39.0,27.0,16.0,94.0,0.573,245.0,258.0,1.0,5.0,-0.18,0.03,2.99,3.15,47.0,231.0,20.35,63.0,221.0,71.49,10.0,3.0,7.1,7.4,2470.0,9.9,2686.0,0.904,5.0,0,0,0,0,0,0,1,0,0,17435,9.766234959109752,1.0,0,0
19092.0,9.857024678125788,Tampa Bay Lightning,Boston Bruins,13.0,29.1,82.0,45.0,29.0,8.0,98.0,0.598,288.0,267.0,3.0,1.0,0.28,0.0,3.51,3.26,71.0,248.0,28.63,39.0,234.0,83.33,5.0,6.0,11.0,11.0,2401.0,12.0,2430.0,0.89,4.0,0,6.0,28.6,82.0,47.0,20.0,15.0,109.0,0.665,263.0,221.0,4.0,3.0,0.53,0.01,3.21,2.7,54.0,243.0,22.22,47.0,268.0,82.46,7.0,6.0,9.5,8.8,2399.0,11.0,2504.0,0.912,5.0,0,0,0,0,0,0,1,0,1,19204,9.862873869650832,0.9941678816913143,1,1
17174.0,9.75115189123243,Anaheim Ducks,New York Islanders,30.0,27.7,82.0,27.0,50.0,5.0,59.0,0.36,203.0,293.0,1.0,2.0,-1.09,0.02,2.48,3.57,43.0,235.0,18.3,91.0,330.0,72.42,12.0,5.0,13.5,10.9,2194.0,9.3,2666.0,0.89,1.0,0,15.0,29.6,82.0,39.0,27.0,16.0,94.0,0.573,245.0,258.0,1.0,5.0,-0.18,0.03,2.99,3.15,47.0,231.0,20.35,63.0,221.0,71.49,10.0,3.0,7.1,7.4,2470.0,9.9,2686.0,0.904,5.0,0,0,0,0,0,0,0,1,0,17174,9.75115189123243,1.0,0,0
18700.0,9.836278802842678,Carolina Hurricanes,Winnipeg Jets,3.0,29.4,82.0,52.0,23.0,7.0,111.0,0.677,277.0,211.0,2.0,5.0,0.73,-0.04,3.38,2.57,67.0,249.0,26.91,35.0,258.0,86.43,11.0,8.0,8.5,8.0,2733.0,10.1,2101.0,0.9,8.0,0,4.0,29.4,82.0,52.0,24.0,6.0,110.0,0.671,259.0,198.0,0.0,1.0,0.69,-0.04,3.16,2.41,45.0,240.0,18.75,51.0,223.0,77.13,3.0,5.0,8.2,8.9,2488.0,10.4,2429.0,0.918,8.0,1,0,0,0,0,0,0,1,0,18680,9.835208711782833,1.0010706638115632,0,0
18717.0,9.837187480778896,Minnesota Wild,Pittsburgh Penguins,20.0,29.3,82.0,39.0,34.0,9.0,87.0,0.53,248.0,260.0,3.0,3.0,-0.14,0.01,3.02,3.17,62.0,273.0,22.71,67.0,263.0,74.52,3.0,11.0,11.4,11.3,2471.0,10.0,2437.0,0.893,6.0,0,19.0,31.3,82.0,38.0,32.0,12.0,88.0,0.537,253.0,248.0,2.0,3.0,0.05,0.0,3.09,3.02,40.0,262.0,15.27,47.0,243.0,80.66,5.0,12.0,7.4,7.9,2685.0,9.4,2479.0,0.9,8.0,0,0,0,0,0,0,0,1,0,17954,9.795568210316635,1.0424974935947422,1,1
18006.0,9.798460314668421,New York Rangers,Columbus Blue Jackets,1.0,29.1,82.0,55.0,23.0,4.0,114.0,0.695,278.0,226.0,4.0,3.0,0.61,-0.03,3.39,2.76,65.0,246.0,26.42,36.0,232.0,84.48,8.0,6.0,9.4,10.4,2582.0,10.8,2418.0,0.907,6.0,0,29.0,26.8,82.0,27.0,43.0,12.0,66.0,0.402,234.0,298.0,3.0,2.0,-0.72,0.05,2.85,3.63,32.0,212.0,15.09,56.0,236.0,76.27,5.0,6.0,8.2,7.6,2458.0,9.5,2822.0,0.894,1.0,0,0,0,0,0,0,0,1,1,18006,9.798460314668421,1.0,1,0
19271.0,9.86635665419792,Philadelphia Flyers,New Jersey Devils,21.0,27.1,82.0,38.0,33.0,11.0,87.0,0.53,231.0,258.0,4.0,3.0,-0.29,0.03,2.82,3.15,31.0,254.0,12.2,40.0,241.0,83.4,16.0,4.0,10.1,9.7,2708.0,8.5,2225.0,0.884,5.0,0,23.0,26.8,82.0,38.0,39.0,5.0,81.0,0.494,264.0,281.0,0.0,2.0,-0.22,0.01,3.22,3.43,55.0,245.0,22.45,47.0,243.0,80.66,3.0,9.0,9.1,9.6,2516.0,10.5,2458.0,0.886,1.0,0,0,0,0,0,0,0,1,1,19537,9.880065382591635,0.9863848083124328,0,0
18656.0,9.833923089150218,Vancouver Canucks,Dallas Stars,7.0,28.6,82.0,50.0,23.0,9.0,109.0,0.665,279.0,221.0,0.0,2.0,0.64,-0.04,3.4,2.7,58.0,257.0,22.57,53.0,254.0,79.13,7.0,7.0,9.6,9.7,2328.0,12.0,2343.0,0.906,7.0,1,2.0,29.3,82.0,52.0,21.0,9.0,113.0,0.689,294.0,232.0,4.0,2.0,0.74,-0.04,3.59,2.83,58.0,240.0,24.17,43.0,239.0,82.01,12.0,4.0,6.8,7.5,2588.0,11.4,2350.0,0.901,4.0,0,0,0,0,0,0,0,1,0,18910,9.847446161652503,0.9865679534637758,1,0
18019.0,9.799182035726814,Vegas Golden Knights,Los Angeles Kings,14.0,29.0,82.0,45.0,29.0,8.0,98.0,0.598,263.0,243.0,4.0,2.0,0.22,-0.05,3.21,2.96,51.0,252.0,20.24,44.0,213.0,79.34,9.0,8.0,7.4,8.5,2548.0,10.3,2487.0,0.902,3.0,0,12.0,29.5,82.0,44.0,27.0,11.0,99.0,0.604,254.0,210.0,2.0,5.0,0.45,-0.05,3.1,2.56,56.0,248.0,22.58,39.0,253.0,84.58,11.0,7.0,8.7,9.5,2616.0,9.7,2296.0,0.909,7.0,0,0,0,0,0,0,0,1,1,17500,9.769956159911606,1.0296571428571428,0,0
18573.0,9.829464192187341,Washington Capitals,Seattle Kraken,17.0,30.0,82.0,40.0,31.0,11.0,91.0,0.555,216.0,252.0,4.0,5.0,-0.41,0.04,2.63,3.07,47.0,228.0,20.61,49.0,233.0,78.97,3.0,5.0,7.7,7.4,2172.0,9.9,2503.0,0.899,7.0,0,24.0,29.4,82.0,34.0,35.0,13.0,81.0,0.494,214.0,232.0,3.0,4.0,-0.26,-0.03,2.61,2.83,50.0,242.0,20.66,47.0,222.0,78.83,6.0,9.0,8.0,8.1,2347.0,9.1,2391.0,0.903,5.0,0,0,0,0,0,0,0,1,0,18506,9.825850282808975,1.0036204474224575,0,0
18263.0,9.812632434192041,Buffalo Sabres,Edmonton Oilers,22.0,25.7,82.0,39.0,37.0,6.0,84.0,0.512,244.0,243.0,2.0,1.0,0.03,0.01,2.98,2.96,37.0,223.0,16.59,49.0,243.0,79.84,7.0,10.0,9.8,9.2,2534.0,9.6,2402.0,0.899,5.0,0,9.0,29.4,82.0,49.0,27.0,6.0,104.0,0.634,292.0,236.0,2.0,1.0,0.65,-0.04,3.56,2.88,64.0,243.0,26.34,53.0,258.0,79.46,7.0,5.0,9.5,8.5,2768.0,10.5,2307.0,0.898,4.0,1,1,0,0,0,0,0,0,0,19029,9.853719410302007,0.9597456513742183,0,1
18072.0,9.80211905814784,Colorado Avalanche,Chicago Blackhawks,8.0,28.8,82.0,50.0,25.0,7.0,107.0,0.652,302.0,252.0,2.0,2.0,0.57,-0.05,3.68,3.07,68.0,278.0,24.46,53.0,264.0,79.92,7.0,6.0,8.9,9.7,2705.0,11.2,2444.0,0.897,4.0,0,31.0,27.4,82.0,23.0,53.0,6.0,52.0,0.317,178.0,289.0,1.0,1.0,-1.29,0.06,2.17,3.52,39.0,235.0,16.6,56.0,231.0,75.76,3.0,8.0,8.7,9.3,2153.0,8.3,2681.0,0.892,1.0,0,1,0,0,0,0,0,0,1,18007,9.798515850169505,1.003609707336036,1,0
18561.0,9.828817884199099,Ottawa Senators,Detroit Red Wings,26.0,27.0,82.0,37.0,41.0,4.0,78.0,0.476,250.0,281.0,5.0,0.0,-0.28,0.04,3.05,3.43,51.0,283.0,18.02,61.0,245.0,75.1,7.0,6.0,10.4,11.1,2602.0,9.6,2432.0,0.884,2.0,1,18.0,29.3,82.0,41.0,32.0,9.0,91.0,0.555,275.0,273.0,3.0,1.0,0.06,0.02,3.35,3.33,63.0,273.0,23.08,49.0,240.0,79.58,7.0,10.0,8.7,9.9,2375.0,11.6,2657.0,0.897,4.0,0,1,0,0,0,0,0,0,1,18652,9.833708657928211,0.9951211666309243,0,0
16507.0,9.71153981234754,Anaheim Ducks,Washington Capitals,30.0,27.7,82.0,27.0,50.0,5.0,59.0,0.36,203.0,293.0,1.0,2.0,-1.09,0.02,2.48,3.57,43.0,235.0,18.3,91.0,330.0,72.42,12.0,5.0,13.5,10.9,2194.0,9.3,2666.0,0.89,1.0,0,17.0,30.0,82.0,40.0,31.0,11.0,91.0,0.555,216.0,252.0,4.0,5.0,-0.41,0.04,2.63,3.07,47.0,228.0,20.61,49.0,233.0,78.97,3.0,5.0,7.7,7.4,2172.0,9.9,2503.0,0.899,7.0,0,0,1,0,0,0,0,0,0,17174,9.75115189123243,0.9611622219634331,0,0
17850.0,9.789758787207784,Boston Bruins,Florida Panthers,6.0,28.6,82.0,47.0,20.0,15.0,109.0,0.665,263.0,221.0,4.0,3.0,0.53,0.01,3.21,2.7,54.0,243.0,22.22,47.0,268.0,82.46,7.0,6.0,9.5,8.8,2399.0,11.0,2504.0,0.912,5.0,0,5.0,29.5,82.0,52.0,24.0,6.0,110.0,0.671,265.0,198.0,3.0,2.0,0.81,-0.02,3.23,2.41,63.0,268.0,23.51,51.0,291.0,82.47,8.0,9.0,13.6,13.5,2764.0,9.6,2279.0,0.913,8.0,0,0,1,0,0,0,0,0,1,17565,9.773663564699927,1.0162254483347566,1,1
18700.0,9.836278802842678,Carolina Hurricanes,Tampa Bay Lightning,3.0,29.4,82.0,52.0,23.0,7.0,111.0,0.677,277.0,211.0,2.0,5.0,0.73,-0.04,3.38,2.57,67.0,249.0,26.91,35.0,258.0,86.43,11.0,8.0,8.5,8.0,2733.0,10.1,2101.0,0.9,8.0,0,13.0,29.1,82.0,45.0,29.0,8.0,98.0,0.598,288.0,267.0,3.0,1.0,0.28,0.0,3.51,3.26,71.0,248.0,28.63,39.0,234.0,83.33,5.0,6.0,11.0,11.0,2401.0,12.0,2430.0,0.89,4.0,0,0,1,0,0,0,0,0,0,18680,9.835208711782833,1.0010706638115632,0,1
15394.0,9.641733102094262,Los Angeles Kings,New York Islanders,12.0,29.5,82.0,44.0,27.0,11.0,99.0,0.604,254.0,210.0,2.0,5.0,0.45,-0.05,3.1,2.56,56.0,248.0,22.58,39.0,253.0,84.58,11.0,7.0,8.7,9.5,2616.0,9.7,2296.0,0.909,7.0,0,15.0,29.6,82.0,39.0,27.0,16.0,94.0,0.573,245.0,258.0,1.0,5.0,-0.18,0.03,2.99,3.15,47.0,231.0,20.35,63.0,221.0,71.49,10.0,3.0,7.1,7.4,2470.0,9.9,2686.0,0.904,5.0,0,0,1,0,0,0,0,0,0,18118,9.804661198229233,0.8496522795010487,0,0
18901.0,9.846970109700957,Minnesota Wild,Colorado Avalanche,20.0,29.3,82.0,39.0,34.0,9.0,87.0,0.53,248.0,260.0,3.0,3.0,-0.14,0.01,3.02,3.17,62.0,273.0,22.71,67.0,263.0,74.52,3.0,11.0,11.4,11.3,2471.0,10.0,2437.0,0.893,6.0,0,8.0,28.8,82.0,50.0,25.0,7.0,107.0,0.652,302.0,252.0,2.0,2.0,0.57,-0.05,3.68,3.07,68.0,278.0,24.46,53.0,264.0,79.92,7.0,6.0,8.9,9.7,2705.0,11.2,2444.0,0.897,4.0,0,0,1,0,0,0,0,0,1,17954,9.795568210316635,1.0527459062047455,1,1
15630.0,9.656947423415522,New Jersey Devils,Columbus Blue Jackets,23.0,26.8,82.0,38.0,39.0,5.0,81.0,0.494,264.0,281.0,0.0,2.0,-0.22,0.01,3.22,3.43,55.0,245.0,22.45,47.0,243.0,80.66,3.0,9.0,9.1,9.6,2516.0,10.5,2458.0,0.886,1.0,0,29.0,26.8,82.0,27.0,43.0,12.0,66.0,0.402,234.0,298.0,3.0,2.0,-0.72,0.05,2.85,3.63,32.0,212.0,15.09,56.0,236.0,76.27,5.0,6.0,8.2,7.6,2458.0,9.5,2822.0,0.894,1.0,0,0,1,0,0,0,0,0,1,16535,9.713234625415893,0.9452676141517992,0,0
18201.0,9.809231816610408,Philadelphia Flyers,Ottawa Senators,21.0,27.1,82.0,38.0,33.0,11.0,87.0,0.53,231.0,258.0,4.0,3.0,-0.29,0.03,2.82,3.15,31.0,254.0,12.2,40.0,241.0,83.4,16.0,4.0,10.1,9.7,2708.0,8.5,2225.0,0.884,5.0,0,26.0,27.0,82.0,37.0,41.0,4.0,78.0,0.476,250.0,281.0,5.0,0.0,-0.28,0.04,3.05,3.43,51.0,283.0,18.02,61.0,245.0,75.1,7.0,6.0,10.4,11.1,2602.0,9.6,2432.0,0.884,2.0,1,0,1,0,0,0,0,0,0,19537,9.880065382591635,0.9316169319752265,0,0
15760.0,9.66523036341187,Pittsburgh Penguins,Vegas Golden Knights,19.0,31.3,82.0,38.0,32.0,12.0,88.0,0.537,253.0,248.0,2.0,3.0,0.05,0.0,3.09,3.02,40.0,262.0,15.27,47.0,243.0,80.66,5.0,12.0,7.4,7.9,2685.0,9.4,2479.0,0.9,8.0,0,14.0,29.0,82.0,45.0,29.0,8.0,98.0,0.598,263.0,243.0,4.0,2.0,0.22,-0.05,3.21,2.96,51.0,252.0,20.24,44.0,213.0,79.34,9.0,8.0,7.4,8.5,2548.0,10.3,2487.0,0.902,3.0,0,0,1,0,0,0,0,0,0,18387,9.819399172153842,0.8571273182139555,1,0
18886.0,9.846176185823014,Vancouver Canucks,Montreal Canadiens,7.0,28.6,82.0,50.0,23.0,9.0,109.0,0.665,279.0,221.0,0.0,2.0,0.64,-0.04,3.4,2.7,58.0,257.0,22.57,53.0,254.0,79.13,7.0,7.0,9.6,9.7,2328.0,12.0,2343.0,0.906,7.0,1,28.0,26.7,82.0,30.0,36.0,16.0,76.0,0.463,232.0,281.0,4.0,8.0,-0.59,0.05,2.83,3.43,44.0,252.0,17.46,65.0,277.0,76.53,7.0,12.0,10.2,10.0,2269.0,10.2,2738.0,0.897,2.0,1,0,1,0,0,0,0,0,0,18910,9.847446161652503,0.9987308302485457,1,0
14278.0,9.566475170062406,Winnipeg Jets,New York Rangers,4.0,29.4,82.0,52.0,24.0,6.0,110.0,0.671,259.0,198.0,0.0,1.0,0.69,-0.04,3.16,2.41,45.0,240.0,18.75,51.0,223.0,77.13,3.0,5.0,8.2,8.9,2488.0,10.4,2429.0,0.918,8.0,1,1.0,29.1,82.0,55.0,23.0,4.0,114.0,0.695,278.0,226.0,4.0,3.0,0.61,-0.03,3.39,2.76,65.0,246.0,26.42,36.0,232.0,84.48,8.0,6.0,9.4,10.4,2582.0,10.8,2418.0,0.907,6.0,0,0,1,0,0,0,0,0,0,15225,9.630694092578098,0.937799671592775,0,1
18805.0,9.841878070904437,Calgary Flames,Vancouver Canucks,25.0,29.2,82.0,38.0,39.0,5.0,81.0,0.494,253.0,267.0,0.0,4.0,-0.2,0.02,3.09,3.26,45.0,252.0,17.86,47.0,245.0,80.82,11.0,11.0,9.4,9.2,2572.0,9.8,2438.0,0.89,2.0,1,7.0,28.6,82.0,50.0,23.0,9.0,109.0,0.665,279.0,221.0,0.0,2.0,0.64,-0.04,3.4,2.7,58.0,257.0,22.57,53.0,254.0,79.13,7.0,7.0,9.6,9.7,2328.0,12.0,2343.0,0.906,7.0,1,0,0,1,0,0,0,0,1,19289,9.86729026422424,0.974907978640676,0,1
18885.0,9.846123235146557,Detroit Red Wings,Buffalo Sabres,18.0,29.3,82.0,41.0,32.0,9.0,91.0,0.555,275.0,273.0,3.0,1.0,0.06,0.02,3.35,3.33,63.0,273.0,23.08,49.0,240.0,79.58,7.0,10.0,8.7,9.9,2375.0,11.6,2657.0,0.897,4.0,0,22.0,25.7,82.0,39.0,37.0,6.0,84.0,0.512,244.0,243.0,2.0,1.0,0.03,0.01,2.98,2.96,37.0,223.0,16.59,49.0,243.0,79.84,7.0,10.0,9.8,9.2,2534.0,9.6,2402.0,0.899,5.0,0,0,0,1,0,0,0,0,1,20000,9.903487552536127,0.94425,0,0
17151.0,9.749811759932081,Seattle Kraken,Montreal Canadiens,24.0,29.4,82.0,34.0,35.0,13.0,81.0,0.494,214.0,232.0,3.0,4.0,-0.26,-0.03,2.61,2.83,50.0,242.0,20.66,47.0,222.0,78.83,6.0,9.0,8.0,8.1,2347.0,9.1,2391.0,0.903,5.0,0,28.0,26.7,82.0,30.0,36.0,16.0,76.0,0.463,232.0,281.0,4.0,8.0,-0.59,0.05,2.83,3.43,44.0,252.0,17.46,65.0,277.0,76.53,7.0,12.0,10.2,10.0,2269.0,10.2,2738.0,0.897,2.0,1,0,0,1,0,0,0,0,0,17100,9.746833742490752,1.0029824561403509,0,0
18823.0,9.842834805324179,Columbus Blue Jackets,Vegas Golden Knights,29.0,26.8,82.0,27.0,43.0,12.0,66.0,0.402,234.0,298.0,3.0,2.0,-0.72,0.05,2.85,3.63,32.0,212.0,15.09,56.0,236.0,76.27,5.0,6.0,8.2,7.6,2458.0,9.5,2822.0,0.894,1.0,0,14.0,29.0,82.0,45.0,29.0,8.0,98.0,0.598,263.0,243.0,4.0,2.0,0.22,-0.05,3.21,2.96,51.0,252.0,20.24,44.0,213.0,79.34,9.0,8.0,7.4,8.5,2548.0,10.3,2487.0,0.902,3.0,0,0,0,0,1,0,0,0,0,20556,9.93090814811212,0.9156937147304923,0,0
18145.0,9.806150319647172,Los Angeles Kings,Washington Capitals,12.0,29.5,82.0,44.0,27.0,11.0,99.0,0.604,254.0,210.0,2.0,5.0,0.45,-0.05,3.1,2.56,56.0,248.0,22.58,39.0,253.0,84.58,11.0,7.0,8.7,9.5,2616.0,9.7,2296.0,0.909,7.0,0,17.0,30.0,82.0,40.0,31.0,11.0,91.0,0.555,216.0,252.0,4.0,5.0,-0.41,0.04,2.63,3.07,47.0,228.0,20.61,49.0,233.0,78.97,3.0,5.0,7.7,7.4,2172.0,9.9,2503.0,0.899,7.0,0,0,0,0,1,0,0,0,0,18118,9.804661198229233,1.0014902307097913,0,0
18976.0,9.850930301797453,Minnesota Wild,New York Rangers,20.0,29.3,82.0,39.0,34.0,9.0,87.0,0.53,248.0,260.0,3.0,3.0,-0.14,0.01,3.02,3.17,62.0,273.0,22.71,67.0,263.0,74.52,3.0,11.0,11.4,11.3,2471.0,10.0,2437.0,0.893,6.0,0,1.0,29.1,82.0,55.0,23.0,4.0,114.0,0.695,278.0,226.0,4.0,3.0,0.61,-0.03,3.39,2.76,65.0,246.0,26.42,36.0,232.0,84.48,8.0,6.0,9.4,10.4,2582.0,10.8,2418.0,0.907,6.0,0,0,0,0,1,0,0,0,0,17954,9.795568210316635,1.0569232483012143,1,1
16514.0,9.711963784977375,New Jersey Devils,Edmonton Oilers,23.0,26.8,82.0,38.0,39.0,5.0,81.0,0.494,264.0,281.0,0.0,2.0,-0.22,0.01,3.22,3.43,55.0,245.0,22.45,47.0,243.0,80.66,3.0,9.0,9.1,9.6,2516.0,10.5,2458.0,0.886,1.0,0,9.0,29.4,82.0,49.0,27.0,6.0,104.0,0.634,292.0,236.0,2.0,1.0,0.65,-0.04,3.56,2.88,64.0,243.0,26.34,53.0,258.0,79.46,7.0,5.0,9.5,8.5,2768.0,10.5,2307.0,0.898,4.0,1,0,0,0,1,0,0,0,0,16535,9.713234625415893,0.998729966737224,0,1
17458.0,9.767553275295295,Ottawa Senators,Boston Bruins,26.0,27.0,82.0,37.0,41.0,4.0,78.0,0.476,250.0,281.0,5.0,0.0,-0.28,0.04,3.05,3.43,51.0,283.0,18.02,61.0,245.0,75.1,7.0,6.0,10.4,11.1,2602.0,9.6,2432.0,0.884,2.0,1,6.0,28.6,82.0,47.0,20.0,15.0,109.0,0.665,263.0,221.0,4.0,3.0,0.53,0.01,3.21,2.7,54.0,243.0,22.22,47.0,268.0,82.46,7.0,6.0,9.5,8.8,2399.0,11.0,2504.0,0.912,5.0,0,0,0,0,1,0,0,0,1,18652,9.833708657928211,0.9359854171134463,0,1
18405.0,9.820377645813121,Philadelphia Flyers,Tampa Bay Lightning,21.0,27.1,82.0,38.0,33.0,11.0,87.0,0.53,231.0,258.0,4.0,3.0,-0.29,0.03,2.82,3.15,31.0,254.0,12.2,40.0,241.0,83.4,16.0,4.0,10.1,9.7,2708.0,8.5,2225.0,0.884,5.0,0,13.0,29.1,82.0,45.0,29.0,8.0,98.0,0.598,288.0,267.0,3.0,1.0,0.28,0.0,3.51,3.26,71.0,248.0,28.63,39.0,234.0,83.33,5.0,6.0,11.0,11.0,2401.0,12.0,2430.0,0.89,4.0,0,0,0,0,1,0,0,0,0,19537,9.880065382591635,0.9420586579311051,0,1
15070.0,9.620461291620542,Pittsburgh Penguins,St. Louis Blues,19.0,31.3,82.0,38.0,32.0,12.0,88.0,0.537,253.0,248.0,2.0,3.0,0.05,0.0,3.09,3.02,40.0,262.0,15.27,47.0,243.0,80.66,5.0,12.0,7.4,7.9,2685.0,9.4,2479.0,0.9,8.0,0,16.0,29.0,82.0,43.0,33.0,6.0,92.0,0.561,234.0,248.0,5.0,2.0,-0.14,-0.01,2.85,3.02,45.0,250.0,18.0,46.0,215.0,78.6,11.0,7.0,7.4,8.6,2370.0,9.9,2636.0,0.906,4.0,0,0,0,0,1,0,0,0,0,18387,9.819399172153842,0.8196008049165171,1,0
13546.0,9.51384657977485,San Jose Sharks,Chicago Blackhawks,32.0,27.7,82.0,19.0,54.0,9.0,47.0,0.287,180.0,326.0,1.0,5.0,-1.78,0.05,2.2,3.98,42.0,208.0,20.19,62.0,252.0,75.4,3.0,8.0,9.5,8.2,2069.0,8.7,2881.0,0.887,2.0,0,31.0,27.4,82.0,23.0,53.0,6.0,52.0,0.317,178.0,289.0,1.0,1.0,-1.29,0.06,2.17,3.52,39.0,235.0,16.6,56.0,231.0,75.76,3.0,8.0,8.7,9.3,2153.0,8.3,2681.0,0.892,1.0,0,0,0,0,1,0,0,0,0,17435,9.766234959109752,0.7769429308861485,0,0
19201.0,9.862717639992917,Toronto Maple Leafs,Florida Panthers,10.0,28.9,82.0,46.0,26.0,10.0,102.0,0.622,298.0,261.0,5.0,2.0,0.5,0.01,3.63,3.18,57.0,238.0,23.95,55.0,238.0,76.89,6.0,9.0,9.9,10.2,2671.0,11.2,2446.0,0.893,5.0,1,5.0,29.5,82.0,52.0,24.0,6.0,110.0,0.671,265.0,198.0,3.0,2.0,0.81,-0.02,3.23,2.41,63.0,268.0,23.51,51.0,291.0,82.47,8.0,9.0,13.6,13.5,2764.0,9.6,2279.0,0.913,8.0,0,0,0,0,1,0,0,0,1,18819,9.842622276764853,1.0202986343588927,1,1
14758.0,9.599540587618312,Anaheim Ducks,Nashville Predators,30.0,27.7,82.0,27.0,50.0,5.0,59.0,0.36,203.0,293.0,1.0,2.0,-1.09,0.02,2.48,3.57,43.0,235.0,18.3,91.0,330.0,72.42,12.0,5.0,13.5,10.9,2194.0,9.3,2666.0,0.89,1.0,0,11.0,29.5,82.0,47.0,30.0,5.0,99.0,0.604,266.0,248.0,3.0,0.0,0.23,-0.02,3.24,3.02,58.0,269.0,21.56,57.0,247.0,76.92,7.0,5.0,9.7,9.5,2642.0,10.1,2507.0,0.901,4.0,0,0,0,0,0,1,0,0,0,17174,9.75115189123243,0.8593222312798416,0,1
18845.0,9.844002905701236,Carolina Hurricanes,Detroit Red Wings,3.0,29.4,82.0,52.0,23.0,7.0,111.0,0.677,277.0,211.0,2.0,5.0,0.73,-0.04,3.38,2.57,67.0,249.0,26.91,35.0,258.0,86.43,11.0,8.0,8.5,8.0,2733.0,10.1,2101.0,0.9,8.0,0,18.0,29.3,82.0,41.0,32.0,9.0,91.0,0.555,275.0,273.0,3.0,1.0,0.06,0.02,3.35,3.33,63.0,273.0,23.08,49.0,240.0,79.58,7.0,10.0,8.7,9.9,2375.0,11.6,2657.0,0.897,4.0,0,0,0,0,0,1,0,0,0,18680,9.835208711782833,1.008832976445396,0,0
18717.0,9.837187480778896,Calgary Flames,Colorado Avalanche,25.0,29.2,82.0,38.0,39.0,5.0,81.0,0.494,253.0,267.0,0.0,4.0,-0.2,0.02,3.09,3.26,45.0,252.0,17.86,47.0,245.0,80.82,11.0,11.0,9.4,9.2,2572.0,9.8,2438.0,0.89,2.0,1,8.0,28.8,82.0,50.0,25.0,7.0,107.0,0.652,302.0,252.0,2.0,2.0,0.57,-0.05,3.68,3.07,68.0,278.0,24.46,53.0,264.0,79.92,7.0,6.0,8.9,9.7,2705.0,11.2,2444.0,0.897,4.0,0,0,0,0,0,1,0,0,0,19289,9.86729026422424,0.9703457929389807,0,1
15879.0,9.672752760526098,New York Islanders,Edmonton Oilers,15.0,29.6,82.0,39.0,27.0,16.0,94.0,0.573,245.0,258.0,1.0,5.0,-0.18,0.03,2.99,3.15,47.0,231.0,20.35,63.0,221.0,71.49,10.0,3.0,7.1,7.4,2470.0,9.9,2686.0,0.904,5.0,0,9.0,29.4,82.0,49.0,27.0,6.0,104.0,0.634,292.0,236.0,2.0,1.0,0.65,-0.04,3.56,2.88,64.0,243.0,26.34,53.0,258.0,79.46,7.0,5.0,9.5,8.5,2768.0,10.5,2307.0,0.898,4.0,1,0,0,0,0,1,0,0,0,17113,9.747593687577451,0.9278910769590369,0,1
15225.0,9.630694092578098,Winnipeg Jets,Dallas Stars,4.0,29.4,82.0,52.0,24.0,6.0,110.0,0.671,259.0,198.0,0.0,1.0,0.69,-0.04,3.16,2.41,45.0,240.0,18.75,51.0,223.0,77.13,3.0,5.0,8.2,8.9,2488.0,10.4,2429.0,0.918,8.0,1,2.0,29.3,82.0,52.0,21.0,9.0,113.0,0.689,294.0,232.0,4.0,2.0,0.74,-0.04,3.59,2.83,58.0,240.0,24.17,43.0,239.0,82.01,12.0,4.0,6.8,7.5,2588.0,11.4,2350.0,0.901,4.0,0,0,0,0,0,1,0,0,1,15225,9.630694092578098,1.0,0,0
17850.0,9.789758787207784,Boston Bruins,Tampa Bay Lightning,6.0,28.6,82.0,47.0,20.0,15.0,109.0,0.665,263.0,221.0,4.0,3.0,0.53,0.01,3.21,2.7,54.0,243.0,22.22,47.0,268.0,82.46,7.0,6.0,9.5,8.8,2399.0,11.0,2504.0,0.912,5.0,0,13.0,29.1,82.0,45.0,29.0,8.0,98.0,0.598,288.0,267.0,3.0,1.0,0.28,0.0,3.51,3.26,71.0,248.0,28.63,39.0,234.0,83.33,5.0,6.0,11.0,11.0,2401.0,12.0,2430.0,0.89,4.0,0,0,0,0,0,0,1,0,1,17565,9.773663564699927,1.0162254483347566,1,1
16770.0,9.727346854817254,Buffalo Sabres,Vegas Golden Knights,22.0,25.7,82.0,39.0,37.0,6.0,84.0,0.512,244.0,243.0,2.0,1.0,0.03,0.01,2.98,2.96,37.0,223.0,16.59,49.0,243.0,79.84,7.0,10.0,9.8,9.2,2534.0,9.6,2402.0,0.899,5.0,0,14.0,29.0,82.0,45.0,29.0,8.0,98.0,0.598,263.0,243.0,4.0,2.0,0.22,-0.05,3.21,2.96,51.0,252.0,20.24,44.0,213.0,79.34,9.0,8.0,7.4,8.5,2548.0,10.3,2487.0,0.902,3.0,0,0,0,0,0,0,1,0,0,19029,9.853719410302007,0.8812864575122182,0,0
18464.0,9.823578169307826,Columbus Blue Jackets,New York Rangers,29.0,26.8,82.0,27.0,43.0,12.0,66.0,0.402,234.0,298.0,3.0,2.0,-0.72,0.05,2.85,3.63,32.0,212.0,15.09,56.0,236.0,76.27,5.0,6.0,8.2,7.6,2458.0,9.5,2822.0,0.894,1.0,0,1.0,29.1,82.0,55.0,23.0,4.0,114.0,0.695,278.0,226.0,4.0,3.0,0.61,-0.03,3.39,2.76,65.0,246.0,26.42,36.0,232.0,84.48,8.0,6.0,9.4,10.4,2582.0,10.8,2418.0,0.907,6.0,0,0,0,0,0,0,1,0,1,20556,9.93090814811212,0.8982292274761626,0,1
18145.0,9.806150319647172,Los Angeles Kings,Nashville Predators,12.0,29.5,82.0,44.0,27.0,11.0,99.0,0.604,254.0,210.0,2.0,5.0,0.45,-0.05,3.1,2.56,56.0,248.0,22.58,39.0,253.0,84.58,11.0,7.0,8.7,9.5,2616.0,9.7,2296.0,0.909,7.0,0,11.0,29.5,82.0,47.0,30.0,5.0,99.0,0.604,266.0,248.0,3.0,0.0,0.23,-0.02,3.24,3.02,58.0,269.0,21.56,57.0,247.0,76.92,7.0,5.0,9.7,9.5,2642.0,10.1,2507.0,0.901,4.0,0,0,0,0,0,0,1,0,0,18118,9.804661198229233,1.0014902307097913,0,1
18568.0,9.829194947954273,Minnesota Wild,St. Louis Blues,20.0,29.3,82.0,39.0,34.0,9.0,87.0,0.53,248.0,260.0,3.0,3.0,-0.14,0.01,3.02,3.17,62.0,273.0,22.71,67.0,263.0,74.52,3.0,11.0,11.4,11.3,2471.0,10.0,2437.0,0.893,6.0,0,16.0,29.0,82.0,43.0,33.0,6.0,92.0,0.561,234.0,248.0,5.0,2.0,-0.14,-0.01,2.85,3.02,45.0,250.0,18.0,46.0,215.0,78.6,11.0,7.0,7.4,8.6,2370.0,9.9,2636.0,0.906,4.0,0,0,0,0,0,0,1,0,1,17954,9.795568210316635,1.0341985072964242,1,0
21105.0,9.9572652582166,Montreal Canadiens,Florida Panthers,28.0,26.7,82.0,30.0,36.0,16.0,76.0,0.463,232.0,281.0,4.0,8.0,-0.59,0.05,2.83,3.43,44.0,252.0,17.46,65.0,277.0,76.53,7.0,12.0,10.2,10.0,2269.0,10.2,2738.0,0.897,2.0,1,5.0,29.5,82.0,52.0,24.0,6.0,110.0,0.671,265.0,198.0,3.0,2.0,0.81,-0.02,3.23,2.41,63.0,268.0,23.51,51.0,291.0,82.47,8.0,9.0,13.6,13.5,2764.0,9.6,2279.0,0.913,8.0,0,0,0,0,0,0,1,0,1,21105,9.9572652582166,1.0,0,1
18801.0,9.841665338892785,Philadelphia Flyers,Carolina Hurricanes,21.0,27.1,82.0,38.0,33.0,11.0,87.0,0.53,231.0,258.0,4.0,3.0,-0.29,0.03,2.82,3.15,31.0,254.0,12.2,40.0,241.0,83.4,16.0,4.0,10.1,9.7,2708.0,8.5,2225.0,0.884,5.0,0,3.0,29.4,82.0,52.0,23.0,7.0,111.0,0.677,277.0,211.0,2.0,5.0,0.73,-0.04,3.38,2.57,67.0,249.0,26.91,35.0,258.0,86.43,11.0,8.0,8.5,8.0,2733.0,10.1,2101.0,0.9,8.0,0,0,0,0,0,0,1,0,1,19537,9.880065382591635,0.962327890668987,0,0
15442.0,9.64484634886876,Pittsburgh Penguins,New Jersey Devils,19.0,31.3,82.0,38.0,32.0,12.0,88.0,0.537,253.0,248.0,2.0,3.0,0.05,0.0,3.09,3.02,40.0,262.0,15.27,47.0,243.0,80.66,5.0,12.0,7.4,7.9,2685.0,9.4,2479.0,0.9,8.0,0,23.0,26.8,82.0,38.0,39.0,5.0,81.0,0.494,264.0,281.0,0.0,2.0,-0.22,0.01,3.22,3.43,55.0,245.0,22.45,47.0,243.0,80.66,3.0,9.0,9.1,9.6,2516.0,10.5,2458.0,0.886,1.0,0,0,0,0,0,0,1,0,1,18387,9.819399172153842,0.8398324903464405,1,0
17435.0,9.766234959109752,San Jose Sharks,Washington Capitals,32.0,27.7,82.0,19.0,54.0,9.0,47.0,0.287,180.0,326.0,1.0,5.0,-1.78,0.05,2.2,3.98,42.0,208.0,20.19,62.0,252.0,75.4,3.0,8.0,9.5,8.2,2069.0,8.7,2881.0,0.887,2.0,0,17.0,30.0,82.0,40.0,31.0,11.0,91.0,0.555,216.0,252.0,4.0,5.0,-0.41,0.04,2.63,3.07,47.0,228.0,20.61,49.0,233.0,78.97,3.0,5.0,7.7,7.4,2172.0,9.9,2503.0,0.899,7.0,0,0,0,0,0,0,1,0,0,17435,9.766234959109752,1.0,0,0
19170.0,9.86110183603969,Toronto Maple Leafs,Ottawa Senators,10.0,28.9,82.0,46.0,26.0,10.0,102.0,0.622,298.0,261.0,5.0,2.0,0.5,0.01,3.63,3.18,57.0,238.0,23.95,55.0,238.0,76.89,6.0,9.0,9.9,10.2,2671.0,11.2,2446.0,0.893,5.0,1,26.0,27.0,82.0,37.0,41.0,4.0,78.0,0.476,250.0,281.0,5.0,0.0,-0.28,0.04,3.05,3.43,51.0,283.0,18.02,61.0,245.0,75.1,7.0,6.0,10.4,11.1,2602.0,9.6,2432.0,0.884,2.0,1,0,0,0,0,0,1,0,1,18819,9.842622276764853,1.018651362984218,1,0
18847.0,9.844109029016629,Vancouver Canucks,Chicago Blackhawks,7.0,28.6,82.0,50.0,23.0,9.0,109.0,0.665,279.0,221.0,0.0,2.0,0.64,-0.04,3.4,2.7,58.0,257.0,22.57,53.0,254.0,79.13,7.0,7.0,9.6,9.7,2328.0,12.0,2343.0,0.906,7.0,1,31.0,27.4,82.0,23.0,53.0,6.0,52.0,0.317,178.0,289.0,1.0,1.0,-1.29,0.06,2.17,3.52,39.0,235.0,16.6,56.0,231.0,75.76,3.0,8.0,8.7,9.3,2153.0,8.3,2681.0,0.892,1.0,0,0,0,0,0,0,1,0,0,18910,9.847446161652503,0.9966684294024326,1,0
18131.0,9.805378459425809,Colorado Avalanche,Dallas Stars,8.0,28.8,82.0,50.0,25.0,7.0,107.0,0.652,302.0,252.0,2.0,2.0,0.57,-0.05,3.68,3.07,68.0,278.0,24.46,53.0,264.0,79.92,7.0,6.0,8.9,9.7,2705.0,11.2,2444.0,0.897,4.0,0,2.0,29.3,82.0,52.0,21.0,9.0,113.0,0.689,294.0,232.0,4.0,2.0,0.74,-0.04,3.59,2.83,58.0,240.0,24.17,43.0,239.0,82.01,12.0,4.0,6.8,7.5,2588.0,11.4,2350.0,0.901,4.0,0,0,0,0,0,0,0,1,1,18007,9.798515850169505,1.0068862109179764,1,0
19515.0,9.878938679614715,Detroit Red Wings,Vegas Golden Knights,18.0,29.3,82.0,41.0,32.0,9.0,91.0,0.555,275.0,273.0,3.0,1.0,0.06,0.02,3.35,3.33,63.0,273.0,23.08,49.0,240.0,79.58,7.0,10.0,8.7,9.9,2375.0,11.6,2657.0,0.897,4.0,0,14.0,29.0,82.0,45.0,29.0,8.0,98.0,0.598,263.0,243.0,4.0,2.0,0.22,-0.05,3.21,2.96,51.0,252.0,20.24,44.0,213.0,79.34,9.0,8.0,7.4,8.5,2548.0,10.3,2487.0,0.902,3.0,0,0,0,0,0,0,0,1,0,20000,9.903487552536127,0.97575,0,0
15109.0,9.62304587173984,New York Islanders,Florida Panthers,15.0,29.6,82.0,39.0,27.0,16.0,94.0,0.573,245.0,258.0,1.0,5.0,-0.18,0.03,2.99,3.15,47.0,231.0,20.35,63.0,221.0,71.49,10.0,3.0,7.1,7.4,2470.0,9.9,2686.0,0.904,5.0,0,5.0,29.5,82.0,52.0,24.0,6.0,110.0,0.671,265.0,198.0,3.0,2.0,0.81,-0.02,3.23,2.41,63.0,268.0,23.51,51.0,291.0,82.47,8.0,9.0,13.6,13.5,2764.0,9.6,2279.0,0.913,8.0,0,0,0,0,0,0,0,1,0,17113,9.747593687577451,0.8828960439432011,0,1
18006.0,9.798460314668421,New York Rangers,Edmonton Oilers,1.0,29.1,82.0,55.0,23.0,4.0,114.0,0.695,278.0,226.0,4.0,3.0,0.61,-0.03,3.39,2.76,65.0,246.0,26.42,36.0,232.0,84.48,8.0,6.0,9.4,10.4,2582.0,10.8,2418.0,0.907,6.0,0,9.0,29.4,82.0,49.0,27.0,6.0,104.0,0.634,292.0,236.0,2.0,1.0,0.65,-0.04,3.56,2.88,64.0,243.0,26.34,53.0,258.0,79.46,7.0,5.0,9.5,8.5,2768.0,10.5,2307.0,0.898,4.0,1,0,0,0,0,0,0,1,0,18006,9.798460314668421,1.0,1,1
17151.0,9.749811759932081,Seattle Kraken,Winnipeg Jets,24.0,29.4,82.0,34.0,35.0,13.0,81.0,0.494,214.0,232.0,3.0,4.0,-0.26,-0.03,2.61,2.83,50.0,242.0,20.66,47.0,222.0,78.83,6.0,9.0,8.0,8.1,2347.0,9.1,2391.0,0.903,5.0,0,4.0,29.4,82.0,52.0,24.0,6.0,110.0,0.671,259.0,198.0,0.0,1.0,0.69,-0.04,3.16,2.41,45.0,240.0,18.75,51.0,223.0,77.13,3.0,5.0,8.2,8.9,2488.0,10.4,2429.0,0.918,8.0,1,0,0,0,0,0,0,1,0,17100,9.746833742490752,1.0029824561403509,0,0
17735.0,9.783295367207723,St. Louis Blues,Anaheim Ducks,16.0,29.0,82.0,43.0,33.0,6.0,92.0,0.561,234.0,248.0,5.0,2.0,-0.14,-0.01,2.85,3.02,45.0,250.0,18.0,46.0,215.0,78.6,11.0,7.0,7.4,8.6,2370.0,9.9,2636.0,0.906,4.0,0,30.0,27.7,82.0,27.0,50.0,5.0,59.0,0.36,203.0,293.0,1.0,2.0,-1.09,0.02,2.48,3.57,43.0,235.0,18.3,91.0,330.0,72.42,12.0,5.0,13.5,10.9,2194.0,9.3,2666.0,0.89,1.0,0,0,0,0,0,0,0,1,0,18400,9.820105943597078,0.9638586956521739,0,0
17850.0,9.789758787207784,Boston Bruins,Buffalo Sabres,6.0,28.6,82.0,47.0,20.0,15.0,109.0,0.665,263.0,221.0,4.0,3.0,0.53,0.01,3.21,2.7,54.0,243.0,22.22,47.0,268.0,82.46,7.0,6.0,9.5,8.8,2399.0,11.0,2504.0,0.912,5.0,0,22.0,25.7,82.0,39.0,37.0,6.0,84.0,0.512,244.0,243.0,2.0,1.0,0.03,0.01,2.98,2.96,37.0,223.0,16.59,49.0,243.0,79.84,7.0,10.0,9.8,9.2,2534.0,9.6,2402.0,0.899,5.0,0,1,0,0,0,0,0,0,1,17565,9.773663564699927,1.0162254483347566,1,0
16708.0,9.723642925617066,Columbus Blue Jackets,New Jersey Devils,29.0,26.8,82.0,27.0,43.0,12.0,66.0,0.402,234.0,298.0,3.0,2.0,-0.72,0.05,2.85,3.63,32.0,212.0,15.09,56.0,236.0,76.27,5.0,6.0,8.2,7.6,2458.0,9.5,2822.0,0.894,1.0,0,23.0,26.8,82.0,38.0,39.0,5.0,81.0,0.494,264.0,281.0,0.0,2.0,-0.22,0.01,3.22,3.43,55.0,245.0,22.45,47.0,243.0,80.66,3.0,9.0,9.1,9.6,2516.0,10.5,2458.0,0.886,1.0,0,1,0,0,0,0,0,0,1,20556,9.93090814811212,0.8128040474800545,0,0
18033.0,9.799958691707271,Minnesota Wild,Los Angeles Kings,20.0,29.3,82.0,39.0,34.0,9.0,87.0,0.53,248.0,260.0,3.0,3.0,-0.14,0.01,3.02,3.17,62.0,273.0,22.71,67.0,263.0,74.52,3.0,11.0,11.4,11.3,2471.0,10.0,2437.0,0.893,6.0,0,12.0,29.5,82.0,44.0,27.0,11.0,99.0,0.604,254.0,210.0,2.0,5.0,0.45,-0.05,3.1,2.56,56.0,248.0,22.58,39.0,253.0,84.58,11.0,7.0,8.7,9.5,2616.0,9.7,2296.0,0.909,7.0,0,1,0,0,0,0,0,0,0,17954,9.795568210316635,1.004400133674947,1,0
19092.0,9.857024678125788,Tampa Bay Lightning,Philadelphia Flyers,13.0,29.1,82.0,45.0,29.0,8.0,98.0,0.598,288.0,267.0,3.0,1.0,0.28,0.0,3.51,3.26,71.0,248.0,28.63,39.0,234.0,83.33,5.0,6.0,11.0,11.0,2401.0,12.0,2430.0,0.89,4.0,0,21.0,27.1,82.0,38.0,33.0,11.0,87.0,0.53,231.0,258.0,4.0,3.0,-0.29,0.03,2.82,3.15,31.0,254.0,12.2,40.0,241.0,83.4,16.0,4.0,10.1,9.7,2708.0,8.5,2225.0,0.884,5.0,0,1,0,0,0,0,0,0,0,19204,9.862873869650832,0.9941678816913143,1,0
19033.0,9.853929593687784,Toronto Maple Leafs,Calgary Flames,10.0,28.9,82.0,46.0,26.0,10.0,102.0,0.622,298.0,261.0,5.0,2.0,0.5,0.01,3.63,3.18,57.0,238.0,23.95,55.0,238.0,76.89,6.0,9.0,9.9,10.2,2671.0,11.2,2446.0,0.893,5.0,1,25.0,29.2,82.0,38.0,39.0,5.0,81.0,0.494,253.0,267.0,0.0,4.0,-0.2,0.02,3.09,3.26,45.0,252.0,17.86,47.0,245.0,80.82,11.0,11.0,9.4,9.2,2572.0,9.8,2438.0,0.89,2.0,1,1,0,0,0,0,0,0,0,18819,9.842622276764853,1.0113714862638823,1,0
18505.0,9.825796244820257,Chicago Blackhawks,Seattle Kraken,31.0,27.4,82.0,23.0,53.0,6.0,52.0,0.317,178.0,289.0,1.0,1.0,-1.29,0.06,2.17,3.52,39.0,235.0,16.6,56.0,231.0,75.76,3.0,8.0,8.7,9.3,2153.0,8.3,2681.0,0.892,1.0,0,24.0,29.4,82.0,34.0,35.0,13.0,81.0,0.494,214.0,232.0,3.0,4.0,-0.26,-0.03,2.61,2.83,50.0,242.0,20.66,47.0,222.0,78.83,6.0,9.0,8.0,8.1,2347.0,9.1,2391.0,0.903,5.0,0,0,1,0,0,0,0,0,0,20243,9.915564333761576,0.9141431605987255,0,0
18532.0,9.827254246536539,Dallas Stars,Anaheim Ducks,2.0,29.3,82.0,52.0,21.0,9.0,113.0,0.689,294.0,232.0,4.0,2.0,0.74,-0.04,3.59,2.83,58.0,240.0,24.17,43.0,239.0,82.01,12.0,4.0,6.8,7.5,2588.0,11.4,2350.0,0.901,4.0,0,30.0,27.7,82.0,27.0,50.0,5.0,59.0,0.36,203.0,293.0,1.0,2.0,-1.09,0.02,2.48,3.57,43.0,235.0,18.3,91.0,330.0,72.42,12.0,5.0,13.5,10.9,2194.0,9.3,2666.0,0.89,1.0,0,0,1,0,0,0,0,0,0,18408,9.820540631715202,1.0067362016514558,0,0
21105.0,9.9572652582166,Montreal Canadiens,Ottawa Senators,28.0,26.7,82.0,30.0,36.0,16.0,76.0,0.463,232.0,281.0,4.0,8.0,-0.59,0.05,2.83,3.43,44.0,252.0,17.46,65.0,277.0,76.53,7.0,12.0,10.2,10.0,2269.0,10.2,2738.0,0.897,2.0,1,26.0,27.0,82.0,37.0,41.0,4.0,78.0,0.476,250.0,281.0,5.0,0.0,-0.28,0.04,3.05,3.43,51.0,283.0,18.02,61.0,245.0,75.1,7.0,6.0,10.4,11.1,2602.0,9.6,2432.0,0.884,2.0,1,0,1,0,0,0,0,0,1,21105,9.9572652582166,1.0,0,0
17159.0,9.750278096285621,Nashville Predators,St. Louis Blues,11.0,29.5,82.0,47.0,30.0,5.0,99.0,0.604,266.0,248.0,3.0,0.0,0.23,-0.02,3.24,3.02,58.0,269.0,21.56,57.0,247.0,76.92,7.0,5.0,9.7,9.5,2642.0,10.1,2507.0,0.901,4.0,0,16.0,29.0,82.0,43.0,33.0,6.0,92.0,0.561,234.0,248.0,5.0,2.0,-0.14,-0.01,2.85,3.02,45.0,250.0,18.0,46.0,215.0,78.6,11.0,7.0,7.4,8.6,2370.0,9.9,2636.0,0.906,4.0,0,0,1,0,0,0,0,0,1,17113,9.747593687577451,1.0026880149593875,1,0
17591.0,9.775142686598905,New York Rangers,Calgary Flames,1.0,29.1,82.0,55.0,23.0,4.0,114.0,0.695,278.0,226.0,4.0,3.0,0.61,-0.03,3.39,2.76,65.0,246.0,26.42,36.0,232.0,84.48,8.0,6.0,9.4,10.4,2582.0,10.8,2418.0,0.907,6.0,0,25.0,29.2,82.0,38.0,39.0,5.0,81.0,0.494,253.0,267.0,0.0,4.0,-0.2,0.02,3.09,3.26,45.0,252.0,17.86,47.0,245.0,80.82,11.0,11.0,9.4,9.2,2572.0,9.8,2438.0,0.89,2.0,1,0,1,0,0,0,0,0,0,18006,9.798460314668421,0.9769521270687549,1,0
17484.0,9.769041455983205,Pittsburgh Penguins,New York Islanders,19.0,31.3,82.0,38.0,32.0,12.0,88.0,0.537,253.0,248.0,2.0,3.0,0.05,0.0,3.09,3.02,40.0,262.0,15.27,47.0,243.0,80.66,5.0,12.0,7.4,7.9,2685.0,9.4,2479.0,0.9,8.0,0,15.0,29.6,82.0,39.0,27.0,16.0,94.0,0.573,245.0,258.0,1.0,5.0,-0.18,0.03,2.99,3.15,47.0,231.0,20.35,63.0,221.0,71.49,10.0,3.0,7.1,7.4,2470.0,9.9,2686.0,0.904,5.0,0,0,1,0,0,0,0,0,1,18387,9.819399172153842,0.9508892152063958,1,0
18968.0,9.850508627745242,Vancouver Canucks,Winnipeg Jets,7.0,28.6,82.0,50.0,23.0,9.0,109.0,0.665,279.0,221.0,0.0,2.0,0.64,-0.04,3.4,2.7,58.0,257.0,22.57,53.0,254.0,79.13,7.0,7.0,9.6,9.7,2328.0,12.0,2343.0,0.906,7.0,1,4.0,29.4,82.0,52.0,24.0,6.0,110.0,0.671,259.0,198.0,0.0,1.0,0.69,-0.04,3.16,2.41,45.0,240.0,18.75,51.0,223.0,77.13,3.0,5.0,8.2,8.9,2488.0,10.4,2429.0,0.918,8.0,1,0,1,0,0,0,0,0,0,18910,9.847446161652503,1.003067160232681,1,0
18573.0,9.829464192187341,Washington Capitals,Detroit Red Wings,17.0,30.0,82.0,40.0,31.0,11.0,91.0,0.555,216.0,252.0,4.0,5.0,-0.41,0.04,2.63,3.07,47.0,228.0,20.61,49.0,233.0,78.97,3.0,5.0,7.7,7.4,2172.0,9.9,2503.0,0.899,7.0,0,18.0,29.3,82.0,41.0,32.0,9.0,91.0,0.555,275.0,273.0,3.0,1.0,0.06,0.02,3.35,3.33,63.0,273.0,23.08,49.0,240.0,79.58,7.0,10.0,8.7,9.9,2375.0,11.6,2657.0,0.897,4.0,0,0,1,0,0,0,0,0,0,18506,9.825850282808975,1.0036204474224575,0,0
17579.0,9.774460286799892,Minnesota Wild,Seattle Kraken,20.0,29.3,82.0,39.0,34.0,9.0,87.0,0.53,248.0,260.0,3.0,3.0,-0.14,0.01,3.02,3.17,62.0,273.0,22.71,67.0,263.0,74.52,3.0,11.0,11.4,11.3,2471.0,10.0,2437.0,0.893,6.0,0,24.0,29.4,82.0,34.0,35.0,13.0,81.0,0.494,214.0,232.0,3.0,4.0,-0.26,-0.03,2.61,2.83,50.0,242.0,20.66,47.0,222.0,78.83,6.0,9.0,8.0,8.1,2347.0,9.1,2391.0,0.903,5.0,0,0,0,1,0,0,0,0,0,17954,9.795568210316635,0.9791132895176562,1,0
18731.0,9.837935184295892,Toronto Maple Leafs,Colorado Avalanche,10.0,28.9,82.0,46.0,26.0,10.0,102.0,0.622,298.0,261.0,5.0,2.0,0.5,0.01,3.63,3.18,57.0,238.0,23.95,55.0,238.0,76.89,6.0,9.0,9.9,10.2,2671.0,11.2,2446.0,0.893,5.0,1,8.0,28.8,82.0,50.0,25.0,7.0,107.0,0.652,302.0,252.0,2.0,2.0,0.57,-0.05,3.68,3.07,68.0,278.0,24.46,53.0,264.0,79.92,7.0,6.0,8.9,9.7,2705.0,11.2,2444.0,0.897,4.0,0,0,0,1,0,0,0,0,0,18819,9.842622276764853,0.9953238748073755,1,1
16757.0,9.726571360400724,Columbus Blue Jackets,Florida Panthers,29.0,26.8,82.0,27.0,43.0,12.0,66.0,0.402,234.0,298.0,3.0,2.0,-0.72,0.05,2.85,3.63,32.0,212.0,15.09,56.0,236.0,76.27,5.0,6.0,8.2,7.6,2458.0,9.5,2822.0,0.894,1.0,0,5.0,29.5,82.0,52.0,24.0,6.0,110.0,0.671,265.0,198.0,3.0,2.0,0.81,-0.02,3.23,2.41,63.0,268.0,23.51,51.0,291.0,82.47,8.0,9.0,13.6,13.5,2764.0,9.6,2279.0,0.913,8.0,0,0,0,0,1,0,0,0,0,20556,9.93090814811212,0.8151877797236816,0,1
16981.0,9.739850350946302,Chicago Blackhawks,Los Angeles Kings,31.0,27.4,82.0,23.0,53.0,6.0,52.0,0.317,178.0,289.0,1.0,1.0,-1.29,0.06,2.17,3.52,39.0,235.0,16.6,56.0,231.0,75.76,3.0,8.0,8.7,9.3,2153.0,8.3,2681.0,0.892,1.0,0,12.0,29.5,82.0,44.0,27.0,11.0,99.0,0.604,254.0,210.0,2.0,5.0,0.45,-0.05,3.1,2.56,56.0,248.0,22.58,39.0,253.0,84.58,11.0,7.0,8.7,9.5,2616.0,9.7,2296.0,0.909,7.0,0,0,0,0,1,0,0,0,0,20243,9.915564333761576,0.8388578767969175,0,0
18532.0,9.827254246536539,Dallas Stars,Tampa Bay Lightning,2.0,29.3,82.0,52.0,21.0,9.0,113.0,0.689,294.0,232.0,4.0,2.0,0.74,-0.04,3.59,2.83,58.0,240.0,24.17,43.0,239.0,82.01,12.0,4.0,6.8,7.5,2588.0,11.4,2350.0,0.901,4.0,0,13.0,29.1,82.0,45.0,29.0,8.0,98.0,0.598,288.0,267.0,3.0,1.0,0.28,0.0,3.51,3.26,71.0,248.0,28.63,39.0,234.0,83.33,5.0,6.0,11.0,11.0,2401.0,12.0,2430.0,0.89,4.0,0,0,0,0,1,0,0,0,0,18408,9.820540631715202,1.0067362016514558,0,1
18347.0,9.81722135237872,Edmonton Oilers,Winnipeg Jets,9.0,29.4,82.0,49.0,27.0,6.0,104.0,0.634,292.0,236.0,2.0,1.0,0.65,-0.04,3.56,2.88,64.0,243.0,26.34,53.0,258.0,79.46,7.0,5.0,9.5,8.5,2768.0,10.5,2307.0,0.898,4.0,1,4.0,29.4,82.0,52.0,24.0,6.0,110.0,0.671,259.0,198.0,0.0,1.0,0.69,-0.04,3.16,2.41,45.0,240.0,18.75,51.0,223.0,77.13,3.0,5.0,8.2,8.9,2488.0,10.4,2429.0,0.918,8.0,1,0,0,0,1,0,0,0,0,18347,9.81722135237872,1.0,1,0
16027.0,9.682030078993575,New Jersey Devils,Calgary Flames,23.0,26.8,82.0,38.0,39.0,5.0,81.0,0.494,264.0,281.0,0.0,2.0,-0.22,0.01,3.22,3.43,55.0,245.0,22.45,47.0,243.0,80.66,3.0,9.0,9.1,9.6,2516.0,10.5,2458.0,0.886,1.0,0,25.0,29.2,82.0,38.0,39.0,5.0,81.0,0.494,253.0,267.0,0.0,4.0,-0.2,0.02,3.09,3.26,45.0,252.0,17.86,47.0,245.0,80.82,11.0,11.0,9.4,9.2,2572.0,9.8,2438.0,0.89,2.0,1,0,0,0,1,0,0,0,0,16535,9.713234625415893,0.9692772905957061,0,0
17159.0,9.750278096285621,Nashville Predators,Anaheim Ducks,11.0,29.5,82.0,47.0,30.0,5.0,99.0,0.604,266.0,248.0,3.0,0.0,0.23,-0.02,3.24,3.02,58.0,269.0,21.56,57.0,247.0,76.92,7.0,5.0,9.7,9.5,2642.0,10.1,2507.0,0.901,4.0,0,30.0,27.7,82.0,27.0,50.0,5.0,59.0,0.36,203.0,293.0,1.0,2.0,-1.09,0.02,2.48,3.57,43.0,235.0,18.3,91.0,330.0,72.42,12.0,5.0,13.5,10.9,2194.0,9.3,2666.0,0.89,1.0,0,0,0,0,1,0,0,0,0,17113,9.747593687577451,1.0026880149593875,1,0
15218.0,9.630234216736469,New York Islanders,Montreal Canadiens,15.0,29.6,82.0,39.0,27.0,16.0,94.0,0.573,245.0,258.0,1.0,5.0,-0.18,0.03,2.99,3.15,47.0,231.0,20.35,63.0,221.0,71.49,10.0,3.0,7.1,7.4,2470.0,9.9,2686.0,0.904,5.0,0,28.0,26.7,82.0,30.0,36.0,16.0,76.0,0.463,232.0,281.0,4.0,8.0,-0.59,0.05,2.83,3.43,44.0,252.0,17.46,65.0,277.0,76.53,7.0,12.0,10.2,10.0,2269.0,10.2,2738.0,0.897,2.0,1,0,0,0,1,0,0,0,0,17113,9.747593687577451,0.8892654706947934,0,0
17235.0,9.754697478950966,New York Rangers,Toronto Maple Leafs,1.0,29.1,82.0,55.0,23.0,4.0,114.0,0.695,278.0,226.0,4.0,3.0,0.61,-0.03,3.39,2.76,65.0,246.0,26.42,36.0,232.0,84.48,8.0,6.0,9.4,10.4,2582.0,10.8,2418.0,0.907,6.0,0,10.0,28.9,82.0,46.0,26.0,10.0,102.0,0.622,298.0,261.0,5.0,2.0,0.5,0.01,3.63,3.18,57.0,238.0,23.95,55.0,238.0,76.89,6.0,9.0,9.9,10.2,2671.0,11.2,2446.0,0.893,5.0,1,0,0,0,1,0,0,0,0,18006,9.798460314668421,0.9571809396867711,1,1
17856.0,9.790094865181038,Ottawa Senators,Colorado Avalanche,26.0,27.0,82.0,37.0,41.0,4.0,78.0,0.476,250.0,281.0,5.0,0.0,-0.28,0.04,3.05,3.43,51.0,283.0,18.02,61.0,245.0,75.1,7.0,6.0,10.4,11.1,2602.0,9.6,2432.0,0.884,2.0,1,8.0,28.8,82.0,50.0,25.0,7.0,107.0,0.652,302.0,252.0,2.0,2.0,0.57,-0.05,3.68,3.07,68.0,278.0,24.46,53.0,264.0,79.92,7.0,6.0,8.9,9.7,2705.0,11.2,2444.0,0.897,4.0,0,0,0,0,1,0,0,0,0,18652,9.833708657928211,0.9573236114089642,0,1
18096.0,9.803446198355902,St. Louis Blues,Vancouver Canucks,16.0,29.0,82.0,43.0,33.0,6.0,92.0,0.561,234.0,248.0,5.0,2.0,-0.14,-0.01,2.85,3.02,45.0,250.0,18.0,46.0,215.0,78.6,11.0,7.0,7.4,8.6,2370.0,9.9,2636.0,0.906,4.0,0,7.0,28.6,82.0,50.0,23.0,9.0,109.0,0.665,279.0,221.0,0.0,2.0,0.64,-0.04,3.4,2.7,58.0,257.0,22.57,53.0,254.0,79.13,7.0,7.0,9.6,9.7,2328.0,12.0,2343.0,0.906,7.0,1,0,0,0,1,0,0,0,0,18400,9.820105943597078,0.9834782608695652,0,1
18225.0,9.81054955687686,Vegas Golden Knights,Boston Bruins,14.0,29.0,82.0,45.0,29.0,8.0,98.0,0.598,263.0,243.0,4.0,2.0,0.22,-0.05,3.21,2.96,51.0,252.0,20.24,44.0,213.0,79.34,9.0,8.0,7.4,8.5,2548.0,10.3,2487.0,0.902,3.0,0,6.0,28.6,82.0,47.0,20.0,15.0,109.0,0.665,263.0,221.0,4.0,3.0,0.53,0.01,3.21,2.7,54.0,243.0,22.22,47.0,268.0,82.46,7.0,6.0,9.5,8.8,2399.0,11.0,2504.0,0.912,5.0,0,0,0,0,1,0,0,0,0,17500,9.769956159911606,1.0414285714285714,0,1
18573.0,9.829464192187341,Washington Capitals,Philadelphia Flyers,17.0,30.0,82.0,40.0,31.0,11.0,91.0,0.555,216.0,252.0,4.0,5.0,-0.41,0.04,2.63,3.07,47.0,228.0,20.61,49.0,233.0,78.97,3.0,5.0,7.7,7.4,2172.0,9.9,2503.0,0.899,7.0,0,21.0,27.1,82.0,38.0,33.0,11.0,87.0,0.53,231.0,258.0,4.0,3.0,-0.29,0.03,2.82,3.15,31.0,254.0,12.2,40.0,241.0,83.4,16.0,4.0,10.1,9.7,2708.0,8.5,2225.0,0.884,5.0,0,0,0,0,1,0,0,0,1,18506,9.825850282808975,1.0036204474224575,0,0
17222.0,9.753942915256111,Pittsburgh Penguins,Columbus Blue Jackets,19.0,31.3,82.0,38.0,32.0,12.0,88.0,0.537,253.0,248.0,2.0,3.0,0.05,0.0,3.09,3.02,40.0,262.0,15.27,47.0,243.0,80.66,5.0,12.0,7.4,7.9,2685.0,9.4,2479.0,0.9,8.0,0,29.0,26.8,82.0,27.0,43.0,12.0,66.0,0.402,234.0,298.0,3.0,2.0,-0.72,0.05,2.85,3.63,32.0,212.0,15.09,56.0,236.0,76.27,5.0,6.0,8.2,7.6,2458.0,9.5,2822.0,0.894,1.0,0,0,0,0,0,1,0,0,1,18387,9.819399172153842,0.9366400174036004,1,0
18532.0,9.827254246536539,Dallas Stars,Philadelphia Flyers,2.0,29.3,82.0,52.0,21.0,9.0,113.0,0.689,294.0,232.0,4.0,2.0,0.74,-0.04,3.59,2.83,58.0,240.0,24.17,43.0,239.0,82.01,12.0,4.0,6.8,7.5,2588.0,11.4,2350.0,0.901,4.0,0,21.0,27.1,82.0,38.0,33.0,11.0,87.0,0.53,231.0,258.0,4.0,3.0,-0.29,0.03,2.82,3.15,31.0,254.0,12.2,40.0,241.0,83.4,16.0,4.0,10.1,9.7,2708.0,8.5,2225.0,0.884,5.0,0,0,0,0,0,0,1,0,0,18408,9.820540631715202,1.0067362016514558,0,0
18347.0,9.81722135237872,Edmonton Oilers,Seattle Kraken,9.0,29.4,82.0,49.0,27.0,6.0,104.0,0.634,292.0,236.0,2.0,1.0,0.65,-0.04,3.56,2.88,64.0,243.0,26.34,53.0,258.0,79.46,7.0,5.0,9.5,8.5,2768.0,10.5,2307.0,0.898,4.0,1,24.0,29.4,82.0,34.0,35.0,13.0,81.0,0.494,214.0,232.0,3.0,4.0,-0.26,-0.03,2.61,2.83,50.0,242.0,20.66,47.0,222.0,78.83,6.0,9.0,8.0,8.1,2347.0,9.1,2391.0,0.903,5.0,0,0,0,0,0,0,1,0,1,18347,9.81722135237872,1.0,1,0
16896.0,9.734832186505988,Los Angeles Kings,Carolina Hurricanes,12.0,29.5,82.0,44.0,27.0,11.0,99.0,0.604,254.0,210.0,2.0,5.0,0.45,-0.05,3.1,2.56,56.0,248.0,22.58,39.0,253.0,84.58,11.0,7.0,8.7,9.5,2616.0,9.7,2296.0,0.909,7.0,0,3.0,29.4,82.0,52.0,23.0,7.0,111.0,0.677,277.0,211.0,2.0,5.0,0.73,-0.04,3.38,2.57,67.0,249.0,26.91,35.0,258.0,86.43,11.0,8.0,8.5,8.0,2733.0,10.1,2101.0,0.9,8.0,0,0,0,0,0,0,1,0,0,18118,9.804661198229233,0.9325532619494425,0,0
18379.0,9.818963987465475,Minnesota Wild,Buffalo Sabres,20.0,29.3,82.0,39.0,34.0,9.0,87.0,0.53,248.0,260.0,3.0,3.0,-0.14,0.01,3.02,3.17,62.0,273.0,22.71,67.0,263.0,74.52,3.0,11.0,11.4,11.3,2471.0,10.0,2437.0,0.893,6.0,0,22.0,25.7,82.0,39.0,37.0,6.0,84.0,0.512,244.0,243.0,2.0,1.0,0.03,0.01,2.98,2.96,37.0,223.0,16.59,49.0,243.0,79.84,7.0,10.0,9.8,9.2,2534.0,9.6,2402.0,0.899,5.0,0,0,0,0,0,0,1,0,0,17954,9.795568210316635,1.023671605213323,1,0
21105.0,9.9572652582166,Montreal Canadiens,Colorado Avalanche,28.0,26.7,82.0,30.0,36.0,16.0,76.0,0.463,232.0,281.0,4.0,8.0,-0.59,0.05,2.83,3.43,44.0,252.0,17.46,65.0,277.0,76.53,7.0,12.0,10.2,10.0,2269.0,10.2,2738.0,0.897,2.0,1,8.0,28.8,82.0,50.0,25.0,7.0,107.0,0.652,302.0,252.0,2.0,2.0,0.57,-0.05,3.68,3.07,68.0,278.0,24.46,53.0,264.0,79.92,7.0,6.0,8.9,9.7,2705.0,11.2,2444.0,0.897,4.0,0,0,0,0,0,0,1,0,0,21105,9.9572652582166,1.0,0,1
16514.0,9.711963784977375,New Jersey Devils,Ottawa Senators,23.0,26.8,82.0,38.0,39.0,5.0,81.0,0.494,264.0,281.0,0.0,2.0,-0.22,0.01,3.22,3.43,55.0,245.0,22.45,47.0,243.0,80.66,3.0,9.0,9.1,9.6,2516.0,10.5,2458.0,0.886,1.0,0,26.0,27.0,82.0,37.0,41.0,4.0,78.0,0.476,250.0,281.0,5.0,0.0,-0.28,0.04,3.05,3.43,51.0,283.0,18.02,61.0,245.0,75.1,7.0,6.0,10.4,11.1,2602.0,9.6,2432.0,0.884,2.0,1,0,0,0,0,0,1,0,0,16535,9.713234625415893,0.998729966737224,0,0
17159.0,9.750278096285621,Nashville Predators,Toronto Maple Leafs,11.0,29.5,82.0,47.0,30.0,5.0,99.0,0.604,266.0,248.0,3.0,0.0,0.23,-0.02,3.24,3.02,58.0,269.0,21.56,57.0,247.0,76.92,7.0,5.0,9.7,9.5,2642.0,10.1,2507.0,0.901,4.0,0,10.0,28.9,82.0,46.0,26.0,10.0,102.0,0.622,298.0,261.0,5.0,2.0,0.5,0.01,3.63,3.18,57.0,238.0,23.95,55.0,238.0,76.89,6.0,9.0,9.9,10.2,2671.0,11.2,2446.0,0.893,5.0,1,0,0,0,0,0,1,0,0,17113,9.747593687577451,1.0026880149593875,1,1
17255.0,9.755857235532103,New York Islanders,Calgary Flames,15.0,29.6,82.0,39.0,27.0,16.0,94.0,0.573,245.0,258.0,1.0,5.0,-0.18,0.03,2.99,3.15,47.0,231.0,20.35,63.0,221.0,71.49,10.0,3.0,7.1,7.4,2470.0,9.9,2686.0,0.904,5.0,0,25.0,29.2,82.0,38.0,39.0,5.0,81.0,0.494,253.0,267.0,0.0,4.0,-0.2,0.02,3.09,3.26,45.0,252.0,17.86,47.0,245.0,80.82,11.0,11.0,9.4,9.2,2572.0,9.8,2438.0,0.89,2.0,1,0,0,0,0,0,1,0,0,17113,9.747593687577451,1.008297785309414,0,0
18006.0,9.798460314668421,New York Rangers,Vancouver Canucks,1.0,29.1,82.0,55.0,23.0,4.0,114.0,0.695,278.0,226.0,4.0,3.0,0.61,-0.03,3.39,2.76,65.0,246.0,26.42,36.0,232.0,84.48,8.0,6.0,9.4,10.4,2582.0,10.8,2418.0,0.907,6.0,0,7.0,28.6,82.0,50.0,23.0,9.0,109.0,0.665,279.0,221.0,0.0,2.0,0.64,-0.04,3.4,2.7,58.0,257.0,22.57,53.0,254.0,79.13,7.0,7.0,9.6,9.7,2328.0,12.0,2343.0,0.906,7.0,1,0,0,0,0,0,1,0,0,18006,9.798460314668421,1.0,1,1
17435.0,9.766234959109752,San Jose Sharks,Boston Bruins,32.0,27.7,82.0,19.0,54.0,9.0,47.0,0.287,180.0,326.0,1.0,5.0,-1.78,0.05,2.2,3.98,42.0,208.0,20.19,62.0,252.0,75.4,3.0,8.0,9.5,8.2,2069.0,8.7,2881.0,0.887,2.0,0,6.0,28.6,82.0,47.0,20.0,15.0,109.0,0.665,263.0,221.0,4.0,3.0,0.53,0.01,3.21,2.7,54.0,243.0,22.22,47.0,268.0,82.46,7.0,6.0,9.5,8.8,2399.0,11.0,2504.0,0.912,5.0,0,0,0,0,0,0,1,0,0,17435,9.766234959109752,1.0,0,1
18096.0,9.803446198355902,St. Louis Blues,Chicago Blackhawks,16.0,29.0,82.0,43.0,33.0,6.0,92.0,0.561,234.0,248.0,5.0,2.0,-0.14,-0.01,2.85,3.02,45.0,250.0,18.0,46.0,215.0,78.6,11.0,7.0,7.4,8.6,2370.0,9.9,2636.0,0.906,4.0,0,31.0,27.4,82.0,23.0,53.0,6.0,52.0,0.317,178.0,289.0,1.0,1.0,-1.29,0.06,2.17,3.52,39.0,235.0,16.6,56.0,231.0,75.76,3.0,8.0,8.7,9.3,2153.0,8.3,2681.0,0.892,1.0,0,0,0,0,0,0,1,0,1,18400,9.820105943597078,0.9834782608695652,0,0
18348.0,9.817275855717062,Vegas Golden Knights,Detroit Red Wings,14.0,29.0,82.0,45.0,29.0,8.0,98.0,0.598,263.0,243.0,4.0,2.0,0.22,-0.05,3.21,2.96,51.0,252.0,20.24,44.0,213.0,79.34,9.0,8.0,7.4,8.5,2548.0,10.3,2487.0,0.902,3.0,0,18.0,29.3,82.0,41.0,32.0,9.0,91.0,0.555,275.0,273.0,3.0,1.0,0.06,0.02,3.35,3.33,63.0,273.0,23.08,49.0,240.0,79.58,7.0,10.0,8.7,9.9,2375.0,11.6,2657.0,0.897,4.0,0,0,0,0,0,0,1,0,0,17500,9.769956159911606,1.0484571428571428,0,0
18573.0,9.829464192187341,Washington Capitals,Florida Panthers,17.0,30.0,82.0,40.0,31.0,11.0,91.0,0.555,216.0,252.0,4.0,5.0,-0.41,0.04,2.63,3.07,47.0,228.0,20.61,49.0,233.0,78.97,3.0,5.0,7.7,7.4,2172.0,9.9,2503.0,0.899,7.0,0,5.0,29.5,82.0,52.0,24.0,6.0,110.0,0.671,265.0,198.0,3.0,2.0,0.81,-0.02,3.23,2.41,63.0,268.0,23.51,51.0,291.0,82.47,8.0,9.0,13.6,13.5,2764.0,9.6,2279.0,0.913,8.0,0,0,0,0,0,0,1,0,0,18506,9.825850282808975,1.0036204474224575,0,1
16439.0,9.707411839509511,Anaheim Ducks,Carolina Hurricanes,30.0,27.7,82.0,27.0,50.0,5.0,59.0,0.36,203.0,293.0,1.0,2.0,-1.09,0.02,2.48,3.57,43.0,235.0,18.3,91.0,330.0,72.42,12.0,5.0,13.5,10.9,2194.0,9.3,2666.0,0.89,1.0,0,3.0,29.4,82.0,52.0,23.0,7.0,111.0,0.677,277.0,211.0,2.0,5.0,0.73,-0.04,3.38,2.57,67.0,249.0,26.91,35.0,258.0,86.43,11.0,8.0,8.5,8.0,2733.0,10.1,2101.0,0.9,8.0,0,0,0,0,0,0,0,1,0,17174,9.75115189123243,0.9572027483405148,0,0
20125.0,9.909718102286764,Chicago Blackhawks,Philadelphia Flyers,31.0,27.4,82.0,23.0,53.0,6.0,52.0,0.317,178.0,289.0,1.0,1.0,-1.29,0.06,2.17,3.52,39.0,235.0,16.6,56.0,231.0,75.76,3.0,8.0,8.7,9.3,2153.0,8.3,2681.0,0.892,1.0,0,21.0,27.1,82.0,38.0,33.0,11.0,87.0,0.53,231.0,258.0,4.0,3.0,-0.29,0.03,2.82,3.15,31.0,254.0,12.2,40.0,241.0,83.4,16.0,4.0,10.1,9.7,2708.0,8.5,2225.0,0.884,5.0,0,0,0,0,0,0,0,1,0,20243,9.915564333761576,0.9941708244825371,0,0
19525.0,9.879450974707886,Florida Panthers,Pittsburgh Penguins,5.0,29.5,82.0,52.0,24.0,6.0,110.0,0.671,265.0,198.0,3.0,2.0,0.81,-0.02,3.23,2.41,63.0,268.0,23.51,51.0,291.0,82.47,8.0,9.0,13.6,13.5,2764.0,9.6,2279.0,0.913,8.0,0,19.0,31.3,82.0,38.0,32.0,12.0,88.0,0.537,253.0,248.0,2.0,3.0,0.05,0.0,3.09,3.02,40.0,262.0,15.27,47.0,243.0,80.66,5.0,12.0,7.4,7.9,2685.0,9.4,2479.0,0.9,8.0,0,0,0,0,0,0,0,1,0,19109,9.857914707241372,1.0217698466691087,1,1
18145.0,9.806150319647172,Los Angeles Kings,Boston Bruins,12.0,29.5,82.0,44.0,27.0,11.0,99.0,0.604,254.0,210.0,2.0,5.0,0.45,-0.05,3.1,2.56,56.0,248.0,22.58,39.0,253.0,84.58,11.0,7.0,8.7,9.5,2616.0,9.7,2296.0,0.909,7.0,0,6.0,28.6,82.0,47.0,20.0,15.0,109.0,0.665,263.0,221.0,4.0,3.0,0.53,0.01,3.21,2.7,54.0,243.0,22.22,47.0,268.0,82.46,7.0,6.0,9.5,8.8,2399.0,11.0,2504.0,0.912,5.0,0,0,0,0,0,0,0,1,0,18118,9.804661198229233,1.0014902307097913,0,1
18096.0,9.803446198355902,St. Louis Blues,Nashville Predators,16.0,29.0,82.0,43.0,33.0,6.0,92.0,0.561,234.0,248.0,5.0,2.0,-0.14,-0.01,2.85,3.02,45.0,250.0,18.0,46.0,215.0,78.6,11.0,7.0,7.4,8.6,2370.0,9.9,2636.0,0.906,4.0,0,11.0,29.5,82.0,47.0,30.0,5.0,99.0,0.604,266.0,248.0,3.0,0.0,0.23,-0.02,3.24,3.02,58.0,269.0,21.56,57.0,247.0,76.92,7.0,5.0,9.7,9.5,2642.0,10.1,2507.0,0.901,4.0,0,0,0,0,0,0,0,1,1,18400,9.820105943597078,0.9834782608695652,0,1
17906.0,9.792891131194102,Vegas Golden Knights,Tampa Bay Lightning,14.0,29.0,82.0,45.0,29.0,8.0,98.0,0.598,263.0,243.0,4.0,2.0,0.22,-0.05,3.21,2.96,51.0,252.0,20.24,44.0,213.0,79.34,9.0,8.0,7.4,8.5,2548.0,10.3,2487.0,0.902,3.0,0,13.0,29.1,82.0,45.0,29.0,8.0,98.0,0.598,288.0,267.0,3.0,1.0,0.28,0.0,3.51,3.26,71.0,248.0,28.63,39.0,234.0,83.33,5.0,6.0,11.0,11.0,2401.0,12.0,2430.0,0.89,4.0,0,0,0,0,0,0,0,1,0,17500,9.769956159911606,1.0232,0,1
15225.0,9.630694092578098,Winnipeg Jets,Buffalo Sabres,4.0,29.4,82.0,52.0,24.0,6.0,110.0,0.671,259.0,198.0,0.0,1.0,0.69,-0.04,3.16,2.41,45.0,240.0,18.75,51.0,223.0,77.13,3.0,5.0,8.2,8.9,2488.0,10.4,2429.0,0.918,8.0,1,22.0,25.7,82.0,39.0,37.0,6.0,84.0,0.512,244.0,243.0,2.0,1.0,0.03,0.01,2.98,2.96,37.0,223.0,16.59,49.0,243.0,79.84,7.0,10.0,9.8,9.2,2534.0,9.6,2402.0,0.899,5.0,0,0,0,0,0,0,0,1,0,15225,9.630694092578098,1.0,0,0
18532.0,9.827254246536539,Dallas Stars,Minnesota Wild,2.0,29.3,82.0,52.0,21.0,9.0,113.0,0.689,294.0,232.0,4.0,2.0,0.74,-0.04,3.59,2.83,58.0,240.0,24.17,43.0,239.0,82.01,12.0,4.0,6.8,7.5,2588.0,11.4,2350.0,0.901,4.0,0,20.0,29.3,82.0,39.0,34.0,9.0,87.0,0.53,248.0,260.0,3.0,3.0,-0.14,0.01,3.02,3.17,62.0,273.0,22.71,67.0,263.0,74.52,3.0,11.0,11.4,11.3,2471.0,10.0,2437.0,0.893,6.0,0,1,0,0,0,0,0,0,1,18408,9.820540631715202,1.0067362016514558,0,1
16113.0,9.68738167857357,New Jersey Devils,Vancouver Canucks,23.0,26.8,82.0,38.0,39.0,5.0,81.0,0.494,264.0,281.0,0.0,2.0,-0.22,0.01,3.22,3.43,55.0,245.0,22.45,47.0,243.0,80.66,3.0,9.0,9.1,9.6,2516.0,10.5,2458.0,0.886,1.0,0,7.0,28.6,82.0,50.0,23.0,9.0,109.0,0.665,279.0,221.0,0.0,2.0,0.64,-0.04,3.4,2.7,58.0,257.0,22.57,53.0,254.0,79.13,7.0,7.0,9.6,9.7,2328.0,12.0,2343.0,0.906,7.0,1,1,0,0,0,0,0,0,0,16535,9.713234625415893,0.9744783791956456,0,1
14158.0,9.558035114334135,New York Islanders,Columbus Blue Jackets,15.0,29.6,82.0,39.0,27.0,16.0,94.0,0.573,245.0,258.0,1.0,5.0,-0.18,0.03,2.99,3.15,47.0,231.0,20.35,63.0,221.0,71.49,10.0,3.0,7.1,7.4,2470.0,9.9,2686.0,0.904,5.0,0,29.0,26.8,82.0,27.0,43.0,12.0,66.0,0.402,234.0,298.0,3.0,2.0,-0.72,0.05,2.85,3.63,32.0,212.0,15.09,56.0,236.0,76.27,5.0,6.0,8.2,7.6,2458.0,9.5,2822.0,0.894,1.0,0,1,0,0,0,0,0,0,1,17113,9.747593687577451,0.8273242564132531,0,0
13955.0,9.543593145970423,Buffalo Sabres,Ottawa Senators,22.0,25.7,82.0,39.0,37.0,6.0,84.0,0.512,244.0,243.0,2.0,1.0,0.03,0.01,2.98,2.96,37.0,223.0,16.59,49.0,243.0,79.84,7.0,10.0,9.8,9.2,2534.0,9.6,2402.0,0.899,5.0,0,26.0,27.0,82.0,37.0,41.0,4.0,78.0,0.476,250.0,281.0,5.0,0.0,-0.28,0.04,3.05,3.43,51.0,283.0,18.02,61.0,245.0,75.1,7.0,6.0,10.4,11.1,2602.0,9.6,2432.0,0.884,2.0,1,0,1,0,0,0,0,0,1,19029,9.853719410302007,0.7333543538809186,0,0
18700.0,9.836278802842678,Carolina Hurricanes,Nashville Predators,3.0,29.4,82.0,52.0,23.0,7.0,111.0,0.677,277.0,211.0,2.0,5.0,0.73,-0.04,3.38,2.57,67.0,249.0,26.91,35.0,258.0,86.43,11.0,8.0,8.5,8.0,2733.0,10.1,2101.0,0.9,8.0,0,11.0,29.5,82.0,47.0,30.0,5.0,99.0,0.604,266.0,248.0,3.0,0.0,0.23,-0.02,3.24,3.02,58.0,269.0,21.56,57.0,247.0,76.92,7.0,5.0,9.7,9.5,2642.0,10.1,2507.0,0.901,4.0,0,0,1,0,0,0,0,0,0,18680,9.835208711782833,1.0010706638115632,0,1
14955.0,9.612800971064049,Calgary Flames,Seattle Kraken,25.0,29.2,82.0,38.0,39.0,5.0,81.0,0.494,253.0,267.0,0.0,4.0,-0.2,0.02,3.09,3.26,45.0,252.0,17.86,47.0,245.0,80.82,11.0,11.0,9.4,9.2,2572.0,9.8,2438.0,0.89,2.0,1,24.0,29.4,82.0,34.0,35.0,13.0,81.0,0.494,214.0,232.0,3.0,4.0,-0.26,-0.03,2.61,2.83,50.0,242.0,20.66,47.0,222.0,78.83,6.0,9.0,8.0,8.1,2347.0,9.1,2391.0,0.903,5.0,0,0,1,0,0,0,0,0,1,19289,9.86729026422424,0.7753123541915081,0,0
18101.0,9.803722464346553,Colorado Avalanche,Detroit Red Wings,8.0,28.8,82.0,50.0,25.0,7.0,107.0,0.652,302.0,252.0,2.0,2.0,0.57,-0.05,3.68,3.07,68.0,278.0,24.46,53.0,264.0,79.92,7.0,6.0,8.9,9.7,2705.0,11.2,2444.0,0.897,4.0,0,18.0,29.3,82.0,41.0,32.0,9.0,91.0,0.555,275.0,273.0,3.0,1.0,0.06,0.02,3.35,3.33,63.0,273.0,23.08,49.0,240.0,79.58,7.0,10.0,8.7,9.9,2375.0,11.6,2657.0,0.897,4.0,0,0,1,0,0,0,0,0,0,18007,9.798515850169505,1.0052201921474981,1,0
17022.0,9.742261904036907,Los Angeles Kings,New York Rangers,12.0,29.5,82.0,44.0,27.0,11.0,99.0,0.604,254.0,210.0,2.0,5.0,0.45,-0.05,3.1,2.56,56.0,248.0,22.58,39.0,253.0,84.58,11.0,7.0,8.7,9.5,2616.0,9.7,2296.0,0.909,7.0,0,1.0,29.1,82.0,55.0,23.0,4.0,114.0,0.695,278.0,226.0,4.0,3.0,0.61,-0.03,3.39,2.76,65.0,246.0,26.42,36.0,232.0,84.48,8.0,6.0,9.4,10.4,2582.0,10.8,2418.0,0.907,6.0,0,0,1,0,0,0,0,0,0,18118,9.804661198229233,0.939507671928469,0,1
17734.0,9.783238979939952,Minnesota Wild,Vegas Golden Knights,20.0,29.3,82.0,39.0,34.0,9.0,87.0,0.53,248.0,260.0,3.0,3.0,-0.14,0.01,3.02,3.17,62.0,273.0,22.71,67.0,263.0,74.52,3.0,11.0,11.4,11.3,2471.0,10.0,2437.0,0.893,6.0,0,14.0,29.0,82.0,45.0,29.0,8.0,98.0,0.598,263.0,243.0,4.0,2.0,0.22,-0.05,3.21,2.96,51.0,252.0,20.24,44.0,213.0,79.34,9.0,8.0,7.4,8.5,2548.0,10.3,2487.0,0.902,3.0,0,0,1,0,0,0,0,0,0,17954,9.795568210316635,0.9877464631836916,1,0
18096.0,9.803446198355902,St. Louis Blues,Montreal Canadiens,16.0,29.0,82.0,43.0,33.0,6.0,92.0,0.561,234.0,248.0,5.0,2.0,-0.14,-0.01,2.85,3.02,45.0,250.0,18.0,46.0,215.0,78.6,11.0,7.0,7.4,8.6,2370.0,9.9,2636.0,0.906,4.0,0,28.0,26.7,82.0,30.0,36.0,16.0,76.0,0.463,232.0,281.0,4.0,8.0,-0.59,0.05,2.83,3.43,44.0,252.0,17.46,65.0,277.0,76.53,7.0,12.0,10.2,10.0,2269.0,10.2,2738.0,0.897,2.0,1,0,1,0,0,0,0,0,0,18400,9.820105943597078,0.9834782608695652,0,0
19092.0,9.857024678125788,Tampa Bay Lightning,Pittsburgh Penguins,13.0,29.1,82.0,45.0,29.0,8.0,98.0,0.598,288.0,267.0,3.0,1.0,0.28,0.0,3.51,3.26,71.0,248.0,28.63,39.0,234.0,83.33,5.0,6.0,11.0,11.0,2401.0,12.0,2430.0,0.89,4.0,0,19.0,31.3,82.0,38.0,32.0,12.0,88.0,0.537,253.0,248.0,2.0,3.0,0.05,0.0,3.09,3.02,40.0,262.0,15.27,47.0,243.0,80.66,5.0,12.0,7.4,7.9,2685.0,9.4,2479.0,0.9,8.0,0,0,1,0,0,0,0,0,0,19204,9.862873869650832,0.9941678816913143,1,1
18691.0,9.835797403566177,Toronto Maple Leafs,Philadelphia Flyers,10.0,28.9,82.0,46.0,26.0,10.0,102.0,0.622,298.0,261.0,5.0,2.0,0.5,0.01,3.63,3.18,57.0,238.0,23.95,55.0,238.0,76.89,6.0,9.0,9.9,10.2,2671.0,11.2,2446.0,0.893,5.0,1,21.0,27.1,82.0,38.0,33.0,11.0,87.0,0.53,231.0,258.0,4.0,3.0,-0.29,0.03,2.82,3.15,31.0,254.0,12.2,40.0,241.0,83.4,16.0,4.0,10.1,9.7,2708.0,8.5,2225.0,0.884,5.0,0,0,1,0,0,0,0,0,0,18819,9.842622276764853,0.9931983633561826,1,0
15225.0,9.630694092578098,Winnipeg Jets,Washington Capitals,4.0,29.4,82.0,52.0,24.0,6.0,110.0,0.671,259.0,198.0,0.0,1.0,0.69,-0.04,3.16,2.41,45.0,240.0,18.75,51.0,223.0,77.13,3.0,5.0,8.2,8.9,2488.0,10.4,2429.0,0.918,8.0,1,17.0,30.0,82.0,40.0,31.0,11.0,91.0,0.555,216.0,252.0,4.0,5.0,-0.41,0.04,2.63,3.07,47.0,228.0,20.61,49.0,233.0,78.97,3.0,5.0,7.7,7.4,2172.0,9.9,2503.0,0.899,7.0,0,0,1,0,0,0,0,0,0,15225,9.630694092578098,1.0,0,0
16387.0,9.704243616546224,Anaheim Ducks,Boston Bruins,30.0,27.7,82.0,27.0,50.0,5.0,59.0,0.36,203.0,293.0,1.0,2.0,-1.09,0.02,2.48,3.57,43.0,235.0,18.3,91.0,330.0,72.42,12.0,5.0,13.5,10.9,2194.0,9.3,2666.0,0.89,1.0,0,6.0,28.6,82.0,47.0,20.0,15.0,109.0,0.665,263.0,221.0,4.0,3.0,0.53,0.01,3.21,2.7,54.0,243.0,22.22,47.0,268.0,82.46,7.0,6.0,9.5,8.8,2399.0,11.0,2504.0,0.912,5.0,0,0,0,1,0,0,0,0,0,17174,9.75115189123243,0.9541749155700477,0,1
17813.0,9.787683806792485,Chicago Blackhawks,New Jersey Devils,31.0,27.4,82.0,23.0,53.0,6.0,52.0,0.317,178.0,289.0,1.0,1.0,-1.29,0.06,2.17,3.52,39.0,235.0,16.6,56.0,231.0,75.76,3.0,8.0,8.7,9.3,2153.0,8.3,2681.0,0.892,1.0,0,23.0,26.8,82.0,38.0,39.0,5.0,81.0,0.494,264.0,281.0,0.0,2.0,-0.22,0.01,3.22,3.43,55.0,245.0,22.45,47.0,243.0,80.66,3.0,9.0,9.1,9.6,2516.0,10.5,2458.0,0.886,1.0,0,0,0,1,0,0,0,0,0,20243,9.915564333761576,0.8799585041742825,0,0
18347.0,9.81722135237872,Edmonton Oilers,Dallas Stars,9.0,29.4,82.0,49.0,27.0,6.0,104.0,0.634,292.0,236.0,2.0,1.0,0.65,-0.04,3.56,2.88,64.0,243.0,26.34,53.0,258.0,79.46,7.0,5.0,9.5,8.5,2768.0,10.5,2307.0,0.898,4.0,1,2.0,29.3,82.0,52.0,21.0,9.0,113.0,0.689,294.0,232.0,4.0,2.0,0.74,-0.04,3.59,2.83,58.0,240.0,24.17,43.0,239.0,82.01,12.0,4.0,6.8,7.5,2588.0,11.4,2350.0,0.901,4.0,0,0,0,1,0,0,0,0,0,18347,9.81722135237872,1.0,1,0
15254.0,9.632597042724184,New York Islanders,Vancouver Canucks,15.0,29.6,82.0,39.0,27.0,16.0,94.0,0.573,245.0,258.0,1.0,5.0,-0.18,0.03,2.99,3.15,47.0,231.0,20.35,63.0,221.0,71.49,10.0,3.0,7.1,7.4,2470.0,9.9,2686.0,0.904,5.0,0,7.0,28.6,82.0,50.0,23.0,9.0,109.0,0.665,279.0,221.0,0.0,2.0,0.64,-0.04,3.4,2.7,58.0,257.0,22.57,53.0,254.0,79.13,7.0,7.0,9.6,9.7,2328.0,12.0,2343.0,0.906,7.0,1,0,0,1,0,0,0,0,0,17113,9.747593687577451,0.8913691345760533,0,1
16418.0,9.706133572908211,Buffalo Sabres,Pittsburgh Penguins,22.0,25.7,82.0,39.0,37.0,6.0,84.0,0.512,244.0,243.0,2.0,1.0,0.03,0.01,2.98,2.96,37.0,223.0,16.59,49.0,243.0,79.84,7.0,10.0,9.8,9.2,2534.0,9.6,2402.0,0.899,5.0,0,19.0,31.3,82.0,38.0,32.0,12.0,88.0,0.537,253.0,248.0,2.0,3.0,0.05,0.0,3.09,3.02,40.0,262.0,15.27,47.0,243.0,80.66,5.0,12.0,7.4,7.9,2685.0,9.4,2479.0,0.9,8.0,0,0,0,0,1,0,0,0,0,19029,9.853719410302007,0.8627883756371854,0,1
17737.0,9.783408132205587,Calgary Flames,Dallas Stars,25.0,29.2,82.0,38.0,39.0,5.0,81.0,0.494,253.0,267.0,0.0,4.0,-0.2,0.02,3.09,3.26,45.0,252.0,17.86,47.0,245.0,80.82,11.0,11.0,9.4,9.2,2572.0,9.8,2438.0,0.89,2.0,1,2.0,29.3,82.0,52.0,21.0,9.0,113.0,0.689,294.0,232.0,4.0,2.0,0.74,-0.04,3.59,2.83,58.0,240.0,24.17,43.0,239.0,82.01,12.0,4.0,6.8,7.5,2588.0,11.4,2350.0,0.901,4.0,0,0,0,0,1,0,0,0,0,19289,9.86729026422424,0.9195396339882834,0,0
18087.0,9.802948727157515,Colorado Avalanche,Los Angeles Kings,8.0,28.8,82.0,50.0,25.0,7.0,107.0,0.652,302.0,252.0,2.0,2.0,0.57,-0.05,3.68,3.07,68.0,278.0,24.46,53.0,264.0,79.92,7.0,6.0,8.9,9.7,2705.0,11.2,2444.0,0.897,4.0,0,12.0,29.5,82.0,44.0,27.0,11.0,99.0,0.604,254.0,210.0,2.0,5.0,0.45,-0.05,3.1,2.56,56.0,248.0,22.58,39.0,253.0,84.58,11.0,7.0,8.7,9.5,2616.0,9.7,2296.0,0.909,7.0,0,0,0,0,1,0,0,0,0,18007,9.798515850169505,1.004442716721275,1,0
19515.0,9.878938679614715,Detroit Red Wings,Ottawa Senators,18.0,29.3,82.0,41.0,32.0,9.0,91.0,0.555,275.0,273.0,3.0,1.0,0.06,0.02,3.35,3.33,63.0,273.0,23.08,49.0,240.0,79.58,7.0,10.0,8.7,9.9,2375.0,11.6,2657.0,0.897,4.0,0,26.0,27.0,82.0,37.0,41.0,4.0,78.0,0.476,250.0,281.0,5.0,0.0,-0.28,0.04,3.05,3.43,51.0,283.0,18.02,61.0,245.0,75.1,7.0,6.0,10.4,11.1,2602.0,9.6,2432.0,0.884,2.0,1,0,0,0,1,0,0,0,1,20000,9.903487552536127,0.97575,0,0
19108.0,9.857862374509853,Minnesota Wild,Washington Capitals,20.0,29.3,82.0,39.0,34.0,9.0,87.0,0.53,248.0,260.0,3.0,3.0,-0.14,0.01,3.02,3.17,62.0,273.0,22.71,67.0,263.0,74.52,3.0,11.0,11.4,11.3,2471.0,10.0,2437.0,0.893,6.0,0,17.0,30.0,82.0,40.0,31.0,11.0,91.0,0.555,216.0,252.0,4.0,5.0,-0.41,0.04,2.63,3.07,47.0,228.0,20.61,49.0,233.0,78.97,3.0,5.0,7.7,7.4,2172.0,9.9,2503.0,0.899,7.0,0,0,0,0,1,0,0,0,0,17954,9.795568210316635,1.0642753703909993,1,0
17159.0,9.750278096285621,Nashville Predators,St. Louis Blues,11.0,29.5,82.0,47.0,30.0,5.0,99.0,0.604,266.0,248.0,3.0,0.0,0.23,-0.02,3.24,3.02,58.0,269.0,21.56,57.0,247.0,76.92,7.0,5.0,9.7,9.5,2642.0,10.1,2507.0,0.901,4.0,0,16.0,29.0,82.0,43.0,33.0,6.0,92.0,0.561,234.0,248.0,5.0,2.0,-0.14,-0.01,2.85,3.02,45.0,250.0,18.0,46.0,215.0,78.6,11.0,7.0,7.4,8.6,2370.0,9.9,2636.0,0.906,4.0,0,0,0,0,1,0,0,0,1,17113,9.747593687577451,1.0026880149593875,1,0
19284.0,9.867031015525512,Philadelphia Flyers,Montreal Canadiens,21.0,27.1,82.0,38.0,33.0,11.0,87.0,0.53,231.0,258.0,4.0,3.0,-0.29,0.03,2.82,3.15,31.0,254.0,12.2,40.0,241.0,83.4,16.0,4.0,10.1,9.7,2708.0,8.5,2225.0,0.884,5.0,0,28.0,26.7,82.0,30.0,36.0,16.0,76.0,0.463,232.0,281.0,4.0,8.0,-0.59,0.05,2.83,3.43,44.0,252.0,17.46,65.0,277.0,76.53,7.0,12.0,10.2,10.0,2269.0,10.2,2738.0,0.897,2.0,1,0,0,0,1,0,0,0,0,19537,9.880065382591635,0.9870502124174643,0,0
17151.0,9.749811759932081,Seattle Kraken,Edmonton Oilers,24.0,29.4,82.0,34.0,35.0,13.0,81.0,0.494,214.0,232.0,3.0,4.0,-0.26,-0.03,2.61,2.83,50.0,242.0,20.66,47.0,222.0,78.83,6.0,9.0,8.0,8.1,2347.0,9.1,2391.0,0.903,5.0,0,9.0,29.4,82.0,49.0,27.0,6.0,104.0,0.634,292.0,236.0,2.0,1.0,0.65,-0.04,3.56,2.88,64.0,243.0,26.34,53.0,258.0,79.46,7.0,5.0,9.5,8.5,2768.0,10.5,2307.0,0.898,4.0,1,0,0,0,1,0,0,0,1,17100,9.746833742490752,1.0029824561403509,0,1
15514.0,9.649498121050817,San Jose Sharks,Toronto Maple Leafs,32.0,27.7,82.0,19.0,54.0,9.0,47.0,0.287,180.0,326.0,1.0,5.0,-1.78,0.05,2.2,3.98,42.0,208.0,20.19,62.0,252.0,75.4,3.0,8.0,9.5,8.2,2069.0,8.7,2881.0,0.887,2.0,0,10.0,28.9,82.0,46.0,26.0,10.0,102.0,0.622,298.0,261.0,5.0,2.0,0.5,0.01,3.63,3.18,57.0,238.0,23.95,55.0,238.0,76.89,6.0,9.0,9.9,10.2,2671.0,11.2,2446.0,0.893,5.0,1,0,0,0,1,0,0,0,0,17435,9.766234959109752,0.8898193289360482,0,1
16197.0,9.692581318886397,Anaheim Ducks,New York Rangers,30.0,27.7,82.0,27.0,50.0,5.0,59.0,0.36,203.0,293.0,1.0,2.0,-1.09,0.02,2.48,3.57,43.0,235.0,18.3,91.0,330.0,72.42,12.0,5.0,13.5,10.9,2194.0,9.3,2666.0,0.89,1.0,0,1.0,29.1,82.0,55.0,23.0,4.0,114.0,0.695,278.0,226.0,4.0,3.0,0.61,-0.03,3.39,2.76,65.0,246.0,26.42,36.0,232.0,84.48,8.0,6.0,9.4,10.4,2582.0,10.8,2418.0,0.907,6.0,0,0,0,0,0,1,0,0,0,17174,9.75115189123243,0.9431116804471876,0,1
18795.0,9.841346155998279,Carolina Hurricanes,Montreal Canadiens,3.0,29.4,82.0,52.0,23.0,7.0,111.0,0.677,277.0,211.0,2.0,5.0,0.73,-0.04,3.38,2.57,67.0,249.0,26.91,35.0,258.0,86.43,11.0,8.0,8.5,8.0,2733.0,10.1,2101.0,0.9,8.0,0,28.0,26.7,82.0,30.0,36.0,16.0,76.0,0.463,232.0,281.0,4.0,8.0,-0.59,0.05,2.83,3.43,44.0,252.0,17.46,65.0,277.0,76.53,7.0,12.0,10.2,10.0,2269.0,10.2,2738.0,0.897,2.0,1,0,0,0,0,1,0,0,0,18680,9.835208711782833,1.0061563169164882,0,0
18586.0,9.830163888117285,Columbus Blue Jackets,Vancouver Canucks,29.0,26.8,82.0,27.0,43.0,12.0,66.0,0.402,234.0,298.0,3.0,2.0,-0.72,0.05,2.85,3.63,32.0,212.0,15.09,56.0,236.0,76.27,5.0,6.0,8.2,7.6,2458.0,9.5,2822.0,0.894,1.0,0,7.0,28.6,82.0,50.0,23.0,9.0,109.0,0.665,279.0,221.0,0.0,2.0,0.64,-0.04,3.4,2.7,58.0,257.0,22.57,53.0,254.0,79.13,7.0,7.0,9.6,9.7,2328.0,12.0,2343.0,0.906,7.0,1,0,0,0,0,1,0,0,0,20556,9.93090814811212,0.9041642342868262,0,1
19121.0,9.85854248649296,Chicago Blackhawks,Vegas Golden Knights,31.0,27.4,82.0,23.0,53.0,6.0,52.0,0.317,178.0,289.0,1.0,1.0,-1.29,0.06,2.17,3.52,39.0,235.0,16.6,56.0,231.0,75.76,3.0,8.0,8.7,9.3,2153.0,8.3,2681.0,0.892,1.0,0,14.0,29.0,82.0,45.0,29.0,8.0,98.0,0.598,263.0,243.0,4.0,2.0,0.22,-0.05,3.21,2.96,51.0,252.0,20.24,44.0,213.0,79.34,9.0,8.0,7.4,8.5,2548.0,10.3,2487.0,0.902,3.0,0,0,0,0,0,1,0,0,0,20243,9.915564333761576,0.9445734327915822,0,0
15225.0,9.630694092578098,Winnipeg Jets,New Jersey Devils,4.0,29.4,82.0,52.0,24.0,6.0,110.0,0.671,259.0,198.0,0.0,1.0,0.69,-0.04,3.16,2.41,45.0,240.0,18.75,51.0,223.0,77.13,3.0,5.0,8.2,8.9,2488.0,10.4,2429.0,0.918,8.0,1,23.0,26.8,82.0,38.0,39.0,5.0,81.0,0.494,264.0,281.0,0.0,2.0,-0.22,0.01,3.22,3.43,55.0,245.0,22.45,47.0,243.0,80.66,3.0,9.0,9.1,9.6,2516.0,10.5,2458.0,0.886,1.0,0,0,0,0,0,1,0,0,0,15225,9.630694092578098,1.0,0,0
18129.0,9.805268145029668,Colorado Avalanche,St. Louis Blues,8.0,28.8,82.0,50.0,25.0,7.0,107.0,0.652,302.0,252.0,2.0,2.0,0.57,-0.05,3.68,3.07,68.0,278.0,24.46,53.0,264.0,79.92,7.0,6.0,8.9,9.7,2705.0,11.2,2444.0,0.897,4.0,0,16.0,29.0,82.0,43.0,33.0,6.0,92.0,0.561,234.0,248.0,5.0,2.0,-0.14,-0.01,2.85,3.02,45.0,250.0,18.0,46.0,215.0,78.6,11.0,7.0,7.4,8.6,2370.0,9.9,2636.0,0.906,4.0,0,0,0,0,0,0,1,0,1,18007,9.798515850169505,1.0067751429999445,1,0
19515.0,9.878938679614715,Detroit Red Wings,Boston Bruins,18.0,29.3,82.0,41.0,32.0,9.0,91.0,0.555,275.0,273.0,3.0,1.0,0.06,0.02,3.35,3.33,63.0,273.0,23.08,49.0,240.0,79.58,7.0,10.0,8.7,9.9,2375.0,11.6,2657.0,0.897,4.0,0,6.0,28.6,82.0,47.0,20.0,15.0,109.0,0.665,263.0,221.0,4.0,3.0,0.53,0.01,3.21,2.7,54.0,243.0,22.22,47.0,268.0,82.46,7.0,6.0,9.5,8.8,2399.0,11.0,2504.0,0.912,5.0,0,0,0,0,0,0,1,0,1,20000,9.903487552536127,0.97575,0,1
18347.0,9.81722135237872,Edmonton Oilers,Calgary Flames,9.0,29.4,82.0,49.0,27.0,6.0,104.0,0.634,292.0,236.0,2.0,1.0,0.65,-0.04,3.56,2.88,64.0,243.0,26.34,53.0,258.0,79.46,7.0,5.0,9.5,8.5,2768.0,10.5,2307.0,0.898,4.0,1,25.0,29.2,82.0,38.0,39.0,5.0,81.0,0.494,253.0,267.0,0.0,4.0,-0.2,0.02,3.09,3.26,45.0,252.0,17.86,47.0,245.0,80.82,11.0,11.0,9.4,9.2,2572.0,9.8,2438.0,0.89,2.0,1,0,0,0,0,0,1,0,1,18347,9.81722135237872,1.0,1,0
18145.0,9.806150319647172,Los Angeles Kings,Toronto Maple Leafs,12.0,29.5,82.0,44.0,27.0,11.0,99.0,0.604,254.0,210.0,2.0,5.0,0.45,-0.05,3.1,2.56,56.0,248.0,22.58,39.0,253.0,84.58,11.0,7.0,8.7,9.5,2616.0,9.7,2296.0,0.909,7.0,0,10.0,28.9,82.0,46.0,26.0,10.0,102.0,0.622,298.0,261.0,5.0,2.0,0.5,0.01,3.63,3.18,57.0,238.0,23.95,55.0,238.0,76.89,6.0,9.0,9.9,10.2,2671.0,11.2,2446.0,0.893,5.0,1,0,0,0,0,0,1,0,0,18118,9.804661198229233,1.0014902307097913,0,1
19265.0,9.866045257060257,Minnesota Wild,New Jersey Devils,20.0,29.3,82.0,39.0,34.0,9.0,87.0,0.53,248.0,260.0,3.0,3.0,-0.14,0.01,3.02,3.17,62.0,273.0,22.71,67.0,263.0,74.52,3.0,11.0,11.4,11.3,2471.0,10.0,2437.0,0.893,6.0,0,23.0,26.8,82.0,38.0,39.0,5.0,81.0,0.494,264.0,281.0,0.0,2.0,-0.22,0.01,3.22,3.43,55.0,245.0,22.45,47.0,243.0,80.66,3.0,9.0,9.1,9.6,2516.0,10.5,2458.0,0.886,1.0,0,0,0,0,0,0,1,0,0,17954,9.795568210316635,1.0730199398462739,1,0
17159.0,9.750278096285621,Nashville Predators,Vegas Golden Knights,11.0,29.5,82.0,47.0,30.0,5.0,99.0,0.604,266.0,248.0,3.0,0.0,0.23,-0.02,3.24,3.02,58.0,269.0,21.56,57.0,247.0,76.92,7.0,5.0,9.7,9.5,2642.0,10.1,2507.0,0.901,4.0,0,14.0,29.0,82.0,45.0,29.0,8.0,98.0,0.598,263.0,243.0,4.0,2.0,0.22,-0.05,3.21,2.96,51.0,252.0,20.24,44.0,213.0,79.34,9.0,8.0,7.4,8.5,2548.0,10.3,2487.0,0.902,3.0,0,0,0,0,0,0,1,0,0,17113,9.747593687577451,1.0026880149593875,1,0
17758.0,9.784591397592273,Ottawa Senators,Columbus Blue Jackets,26.0,27.0,82.0,37.0,41.0,4.0,78.0,0.476,250.0,281.0,5.0,0.0,-0.28,0.04,3.05,3.43,51.0,283.0,18.02,61.0,245.0,75.1,7.0,6.0,10.4,11.1,2602.0,9.6,2432.0,0.884,2.0,1,29.0,26.8,82.0,27.0,43.0,12.0,66.0,0.402,234.0,298.0,3.0,2.0,-0.72,0.05,2.85,3.63,32.0,212.0,15.09,56.0,236.0,76.27,5.0,6.0,8.2,7.6,2458.0,9.5,2822.0,0.894,1.0,0,0,0,0,0,0,1,0,0,18652,9.833708657928211,0.9520694831653442,0,0
19092.0,9.857024678125788,Philadelphia Flyers,Buffalo Sabres,21.0,27.1,82.0,38.0,33.0,11.0,87.0,0.53,231.0,258.0,4.0,3.0,-0.29,0.03,2.82,3.15,31.0,254.0,12.2,40.0,241.0,83.4,16.0,4.0,10.1,9.7,2708.0,8.5,2225.0,0.884,5.0,0,22.0,25.7,82.0,39.0,37.0,6.0,84.0,0.512,244.0,243.0,2.0,1.0,0.03,0.01,2.98,2.96,37.0,223.0,16.59,49.0,243.0,79.84,7.0,10.0,9.8,9.2,2534.0,9.6,2402.0,0.899,5.0,0,0,0,0,0,0,1,0,0,19537,9.880065382591635,0.9772227056354609,0,0
17151.0,9.749811759932081,Seattle Kraken,Dallas Stars,24.0,29.4,82.0,34.0,35.0,13.0,81.0,0.494,214.0,232.0,3.0,4.0,-0.26,-0.03,2.61,2.83,50.0,242.0,20.66,47.0,222.0,78.83,6.0,9.0,8.0,8.1,2347.0,9.1,2391.0,0.903,5.0,0,2.0,29.3,82.0,52.0,21.0,9.0,113.0,0.689,294.0,232.0,4.0,2.0,0.74,-0.04,3.59,2.83,58.0,240.0,24.17,43.0,239.0,82.01,12.0,4.0,6.8,7.5,2588.0,11.4,2350.0,0.901,4.0,0,0,0,0,0,0,1,0,0,17100,9.746833742490752,1.0029824561403509,0,0
17435.0,9.766234959109752,San Jose Sharks,New York Rangers,32.0,27.7,82.0,19.0,54.0,9.0,47.0,0.287,180.0,326.0,1.0,5.0,-1.78,0.05,2.2,3.98,42.0,208.0,20.19,62.0,252.0,75.4,3.0,8.0,9.5,8.2,2069.0,8.7,2881.0,0.887,2.0,0,1.0,29.1,82.0,55.0,23.0,4.0,114.0,0.695,278.0,226.0,4.0,3.0,0.61,-0.03,3.39,2.76,65.0,246.0,26.42,36.0,232.0,84.48,8.0,6.0,9.4,10.4,2582.0,10.8,2418.0,0.907,6.0,0,0,0,0,0,0,1,0,0,17435,9.766234959109752,1.0,0,1
19092.0,9.857024678125788,Tampa Bay Lightning,New York Islanders,13.0,29.1,82.0,45.0,29.0,8.0,98.0,0.598,288.0,267.0,3.0,1.0,0.28,0.0,3.51,3.26,71.0,248.0,28.63,39.0,234.0,83.33,5.0,6.0,11.0,11.0,2401.0,12.0,2430.0,0.89,4.0,0,15.0,29.6,82.0,39.0,27.0,16.0,94.0,0.573,245.0,258.0,1.0,5.0,-0.18,0.03,2.99,3.15,47.0,231.0,20.35,63.0,221.0,71.49,10.0,3.0,7.1,7.4,2470.0,9.9,2686.0,0.904,5.0,0,0,0,0,0,0,1,0,0,19204,9.862873869650832,0.9941678816913143,1,0
17174.0,9.75115189123243,Anaheim Ducks,Toronto Maple Leafs,30.0,27.7,82.0,27.0,50.0,5.0,59.0,0.36,203.0,293.0,1.0,2.0,-1.09,0.02,2.48,3.57,43.0,235.0,18.3,91.0,330.0,72.42,12.0,5.0,13.5,10.9,2194.0,9.3,2666.0,0.89,1.0,0,10.0,28.9,82.0,46.0,26.0,10.0,102.0,0.622,298.0,261.0,5.0,2.0,0.5,0.01,3.63,3.18,57.0,238.0,23.95,55.0,238.0,76.89,6.0,9.0,9.9,10.2,2671.0,11.2,2446.0,0.893,5.0,1,0,0,0,0,0,0,1,0,17174,9.75115189123243,1.0,0,1
18700.0,9.836278802842678,Carolina Hurricanes,New York Islanders,3.0,29.4,82.0,52.0,23.0,7.0,111.0,0.677,277.0,211.0,2.0,5.0,0.73,-0.04,3.38,2.57,67.0,249.0,26.91,35.0,258.0,86.43,11.0,8.0,8.5,8.0,2733.0,10.1,2101.0,0.9,8.0,0,15.0,29.6,82.0,39.0,27.0,16.0,94.0,0.573,245.0,258.0,1.0,5.0,-0.18,0.03,2.99,3.15,47.0,231.0,20.35,63.0,221.0,71.49,10.0,3.0,7.1,7.4,2470.0,9.9,2686.0,0.904,5.0,0,0,0,0,0,0,0,1,1,18680,9.835208711782833,1.0010706638115632,0,0
19432.0,9.874676470682008,Florida Panthers,Montreal Canadiens,5.0,29.5,82.0,52.0,24.0,6.0,110.0,0.671,265.0,198.0,3.0,2.0,0.81,-0.02,3.23,2.41,63.0,268.0,23.51,51.0,291.0,82.47,8.0,9.0,13.6,13.5,2764.0,9.6,2279.0,0.913,8.0,0,28.0,26.7,82.0,30.0,36.0,16.0,76.0,0.463,232.0,281.0,4.0,8.0,-0.59,0.05,2.83,3.43,44.0,252.0,17.46,65.0,277.0,76.53,7.0,12.0,10.2,10.0,2269.0,10.2,2738.0,0.897,2.0,1,0,0,0,0,0,0,1,1,19109,9.857914707241372,1.0169030299858706,1,0
18145.0,9.806150319647172,Los Angeles Kings,San Jose Sharks,12.0,29.5,82.0,44.0,27.0,11.0,99.0,0.604,254.0,210.0,2.0,5.0,0.45,-0.05,3.1,2.56,56.0,248.0,22.58,39.0,253.0,84.58,11.0,7.0,8.7,9.5,2616.0,9.7,2296.0,0.909,7.0,0,32.0,27.7,82.0,19.0,54.0,9.0,47.0,0.287,180.0,326.0,1.0,5.0,-1.78,0.05,2.2,3.98,42.0,208.0,20.19,62.0,252.0,75.4,3.0,8.0,9.5,8.2,2069.0,8.7,2881.0,0.887,2.0,0,0,0,0,0,0,0,1,1,18118,9.804661198229233,1.0014902307097913,0,0
16016.0,9.681343501555002,Pittsburgh Penguins,Ottawa Senators,19.0,31.3,82.0,38.0,32.0,12.0,88.0,0.537,253.0,248.0,2.0,3.0,0.05,0.0,3.09,3.02,40.0,262.0,15.27,47.0,243.0,80.66,5.0,12.0,7.4,7.9,2685.0,9.4,2479.0,0.9,8.0,0,26.0,27.0,82.0,37.0,41.0,4.0,78.0,0.476,250.0,281.0,5.0,0.0,-0.28,0.04,3.05,3.43,51.0,283.0,18.02,61.0,245.0,75.1,7.0,6.0,10.4,11.1,2602.0,9.6,2432.0,0.884,2.0,1,0,0,0,0,0,0,1,0,18387,9.819399172153842,0.8710501985098167,1,0
15225.0,9.630694092578098,Winnipeg Jets,Vancouver Canucks,4.0,29.4,82.0,52.0,24.0,6.0,110.0,0.671,259.0,198.0,0.0,1.0,0.69,-0.04,3.16,2.41,45.0,240.0,18.75,51.0,223.0,77.13,3.0,5.0,8.2,8.9,2488.0,10.4,2429.0,0.918,8.0,1,7.0,28.6,82.0,50.0,23.0,9.0,109.0,0.665,279.0,221.0,0.0,2.0,0.64,-0.04,3.4,2.7,58.0,257.0,22.57,53.0,254.0,79.13,7.0,7.0,9.6,9.7,2328.0,12.0,2343.0,0.906,7.0,1,0,0,0,0,0,0,1,0,15225,9.630694092578098,1.0,0,1
18573.0,9.829464192187341,Washington Capitals,Buffalo Sabres,17.0,30.0,82.0,40.0,31.0,11.0,91.0,0.555,216.0,252.0,4.0,5.0,-0.41,0.04,2.63,3.07,47.0,228.0,20.61,49.0,233.0,78.97,3.0,5.0,7.7,7.4,2172.0,9.9,2503.0,0.899,7.0,0,22.0,25.7,82.0,39.0,37.0,6.0,84.0,0.512,244.0,243.0,2.0,1.0,0.03,0.01,2.98,2.96,37.0,223.0,16.59,49.0,243.0,79.84,7.0,10.0,9.8,9.2,2534.0,9.6,2402.0,0.899,5.0,0,0,0,0,0,0,0,1,0,18506,9.825850282808975,1.0036204474224575,0,0
18075.0,9.802285047026965,Colorado Avalanche,Calgary Flames,8.0,28.8,82.0,50.0,25.0,7.0,107.0,0.652,302.0,252.0,2.0,2.0,0.57,-0.05,3.68,3.07,68.0,278.0,24.46,53.0,264.0,79.92,7.0,6.0,8.9,9.7,2705.0,11.2,2444.0,0.897,4.0,0,25.0,29.2,82.0,38.0,39.0,5.0,81.0,0.494,253.0,267.0,0.0,4.0,-0.2,0.02,3.09,3.26,45.0,252.0,17.86,47.0,245.0,80.82,11.0,11.0,9.4,9.2,2572.0,9.8,2438.0,0.89,2.0,1,1,0,0,0,0,0,0,0,18007,9.798515850169505,1.0037763092130838,1,0
15468.0,9.646528652727188,New Jersey Devils,Minnesota Wild,23.0,26.8,82.0,38.0,39.0,5.0,81.0,0.494,264.0,281.0,0.0,2.0,-0.22,0.01,3.22,3.43,55.0,245.0,22.45,47.0,243.0,80.66,3.0,9.0,9.1,9.6,2516.0,10.5,2458.0,0.886,1.0,0,20.0,29.3,82.0,39.0,34.0,9.0,87.0,0.53,248.0,260.0,3.0,3.0,-0.14,0.01,3.02,3.17,62.0,273.0,22.71,67.0,263.0,74.52,3.0,11.0,11.4,11.3,2471.0,10.0,2437.0,0.893,6.0,0,1,0,0,0,0,0,0,0,16535,9.713234625415893,0.9354702146960991,0,1
18858.0,9.844692506025623,Philadelphia Flyers,Nashville Predators,21.0,27.1,82.0,38.0,33.0,11.0,87.0,0.53,231.0,258.0,4.0,3.0,-0.29,0.03,2.82,3.15,31.0,254.0,12.2,40.0,241.0,83.4,16.0,4.0,10.1,9.7,2708.0,8.5,2225.0,0.884,5.0,0,11.0,29.5,82.0,47.0,30.0,5.0,99.0,0.604,266.0,248.0,3.0,0.0,0.23,-0.02,3.24,3.02,58.0,269.0,21.56,57.0,247.0,76.92,7.0,5.0,9.7,9.5,2642.0,10.1,2507.0,0.901,4.0,0,1,0,0,0,0,0,0,0,19537,9.880065382591635,0.9652454317448943,0,1
17151.0,9.749811759932081,Seattle Kraken,Dallas Stars,24.0,29.4,82.0,34.0,35.0,13.0,81.0,0.494,214.0,232.0,3.0,4.0,-0.26,-0.03,2.61,2.83,50.0,242.0,20.66,47.0,222.0,78.83,6.0,9.0,8.0,8.1,2347.0,9.1,2391.0,0.903,5.0,0,2.0,29.3,82.0,52.0,21.0,9.0,113.0,0.689,294.0,232.0,4.0,2.0,0.74,-0.04,3.59,2.83,58.0,240.0,24.17,43.0,239.0,82.01,12.0,4.0,6.8,7.5,2588.0,11.4,2350.0,0.901,4.0,0,1,0,0,0,0,0,0,0,17100,9.746833742490752,1.0029824561403509,0,0
